<article dtd-version="1.0" article-type="research-article">
   <front>
      <journal-meta>
         <journal-id xmlns:xlink="http://www.w3.org/1999/xlink" journal-id-type="jstor">psychsci</journal-id>
         <journal-id xmlns:xlink="http://www.w3.org/1999/xlink" journal-id-type="jstor">j50000277</journal-id>
         <journal-title-group xmlns:xlink="http://www.w3.org/1999/xlink">
            <journal-title>Psychological Science</journal-title>
         </journal-title-group>
         <publisher>
            <publisher-name>SAGE Publications</publisher-name>
         </publisher>
         <issn xmlns:xlink="http://www.w3.org/1999/xlink" pub-type="ppub">09567976</issn>
         <issn xmlns:xlink="http://www.w3.org/1999/xlink" pub-type="epub">14679280</issn>
      </journal-meta>
      <article-meta>
         <article-id xmlns:xlink="http://www.w3.org/1999/xlink" pub-id-type="jstor">25835374</article-id>
         <article-categories>
            <subj-group>
               <subject>Short Report</subject>
            </subj-group>
         </article-categories>
         <title-group>
            <article-title>Ego Threat and Intergroup Bias: A Test of Motivated-Activation Versus Self-Regulatory Accounts</article-title>
         </title-group>
         <contrib-group>
            <contrib>
               <string-name xmlns:xlink="http://www.w3.org/1999/xlink">
                  <given-names>Thomas J.</given-names>
                  <surname>Allen</surname>
               </string-name>
            </contrib>
            <contrib>
               <string-name xmlns:xlink="http://www.w3.org/1999/xlink">
                  <given-names>Jeffrey W.</given-names>
                  <surname>Sherman</surname>
               </string-name>
            </contrib>
         </contrib-group>
         <pub-date xmlns:xlink="http://www.w3.org/1999/xlink">
            <day>1</day>
            <month>3</month>
            <year>2011</year>
         </pub-date>
         <volume>22</volume>
         <issue>3</issue>
         <issue-id xmlns:xlink="http://www.w3.org/1999/xlink">i25835366</issue-id>
         <fpage>331</fpage>
         <lpage>333</lpage>
         <permissions>
            <copyright-statement>Copyright © 2011 Association for Psychological Science</copyright-statement>
         </permissions>
         <self-uri xmlns:xlink="http://www.w3.org/1999/xlink"
                   xlink:role="external-fulltext-any"
                   xlink:href="http://dx.doi.org/10.1177/0956797611399291"
                   xlink:title="an external site"/>
         <custom-meta-group xmlns:xlink="http://www.w3.org/1999/xlink">
            <custom-meta>
               <meta-name>lang</meta-name>
               <meta-value>eng</meta-value>
            </custom-meta>
         </custom-meta-group>
      </article-meta>
   </front>
   <back>
      <ref-list>
         <title>References</title>
         <ref id="d995e140a1310">
            <mixed-citation id="d995e144" publication-type="other">
Baumeister, R.F., Smart, L., &amp; Boden, J.M. (1996). Relation of
threatened egotism to violence and aggression: The dark side of
high self-esteem. Psychological Review, 103, 5-33.</mixed-citation>
         </ref>
         <ref id="d995e157a1310">
            <mixed-citation id="d995e161" publication-type="other">
Conrey, F.R., Sherman, J.W., Gawronski, B., Hugenberg, K., &amp;
Groom, C. (2005). Separating multiple processes in implicit
social cognition: The Quad model of implicit task performance.
Journal of Personality and Social Psychology, 89, 469-487.</mixed-citation>
         </ref>
         <ref id="d995e177a1310">
            <mixed-citation id="d995e181" publication-type="other">
Fein, S., &amp; Spencer, SJ. (1997). Prejudice as self-image mainte-
nance: Affirming the self through derogating others. Journal of
Personality and Social Psychology, 73, 31-44.</mixed-citation>
         </ref>
         <ref id="d995e194a1310">
            <mixed-citation id="d995e198" publication-type="other">
Greenwald, A.G., McGhee, D.E., &amp; Schwartz, J.K.L. (1998). Mea-
suring individual differences in implicit cognition: The Implicit
Association Test. Journal of Personality and Social Psychology,
74, 1464-1480.</mixed-citation>
         </ref>
         <ref id="d995e215a1310">
            <mixed-citation id="d995e219" publication-type="other">
Greenwald, A.G., Nosek, B.A., &amp; Banaji, M.R. (2003). Understand-
ing and using the Implicit Association Test: I. An improved scor-
ing algorithm. Journal of Personality and Social Psychology, 85,
197-216.</mixed-citation>
         </ref>
         <ref id="d995e235a1310">
            <mixed-citation id="d995e239" publication-type="other">
Heatherton, T.F., &amp; Vohs, K.D. (2000). Interpersonal evaluations fol-
lowing threats to self: Role of self-esteem. Journal of Personality
and Social Psychology, 78, 725-736.</mixed-citation>
         </ref>
         <ref id="d995e252a1310">
            <mixed-citation id="d995e256" publication-type="other">
Mednick, S.A., &amp; Mednick, M.T. (1967). Examiners manual-
Remote Associates Test. Boston, MA: Houghton Mifflin.</mixed-citation>
         </ref>
         <ref id="d995e266a1310">
            <mixed-citation id="d995e270" publication-type="other">
Sherman, J.W., Gawronski, B., Gonsalkorale, K., Hugenberg, K.,
Allen, T.J., &amp; Groom, C.J. (2008). The self-regulation of auto-
matic associations and behavioral impulses. Psychological
Review, 775,314-335.</mixed-citation>
         </ref>
         <ref id="d995e286a1310">
            <mixed-citation id="d995e290" publication-type="other">
Sinclair, L., &amp; Kunda, Z. (1999). Reactions to a Black professional:
Motivated inhibition and activation of conflicting stereotypes.
Journal of Personality and Social Psychology, 77, 885-904.</mixed-citation>
         </ref>
         <ref id="d995e303a1310">
            <mixed-citation id="d995e307" publication-type="other">
Tajfel, H., &amp; Turner, J.C. (1986). The social identity theory of inter-
group behavior. In S. Worchel &amp; W. Austin (Eds.), The psychol-
ogy of intergroup relations (2nd ed., pp. 7-24). Chicago, IL:
Nelson-Hall.</mixed-citation>
         </ref>
      </ref-list>
   </back>
</article>
