<article dtd-version="1.0" article-type="research-article">
   <front>
      <journal-meta>
         <journal-id xmlns:xlink="http://www.w3.org/1999/xlink" journal-id-type="jstor">psychsci</journal-id>
         <journal-id xmlns:xlink="http://www.w3.org/1999/xlink" journal-id-type="jstor">j50000277</journal-id>
         <journal-title-group xmlns:xlink="http://www.w3.org/1999/xlink">
            <journal-title>Psychological Science</journal-title>
         </journal-title-group>
         <publisher>
            <publisher-name>SAGE Publications</publisher-name>
         </publisher>
         <issn xmlns:xlink="http://www.w3.org/1999/xlink" pub-type="ppub">09567976</issn>
         <issn xmlns:xlink="http://www.w3.org/1999/xlink" pub-type="epub">14679280</issn>
      </journal-meta>
      <article-meta>
         <article-id xmlns:xlink="http://www.w3.org/1999/xlink" pub-id-type="jstor">25835488</article-id>
         <article-categories>
            <subj-group>
               <subject>Research Report</subject>
            </subj-group>
         </article-categories>
         <title-group>
            <article-title>Knowing Your Own Mate Value: Sex-Specific Personality Effects on the Accuracy of Expected Mate Choices</article-title>
         </title-group>
         <contrib-group>
            <contrib>
               <string-name xmlns:xlink="http://www.w3.org/1999/xlink">
                  <given-names>Mitja D.</given-names>
                  <surname>Back</surname>
               </string-name>
            </contrib>
            <contrib>
               <string-name xmlns:xlink="http://www.w3.org/1999/xlink">
                  <given-names>Lars</given-names>
                  <surname>Penke</surname>
               </string-name>
            </contrib>
            <contrib>
               <string-name xmlns:xlink="http://www.w3.org/1999/xlink">
                  <given-names>Stefan C.</given-names>
                  <surname>Schmukle</surname>
               </string-name>
            </contrib>
            <contrib>
               <string-name xmlns:xlink="http://www.w3.org/1999/xlink">
                  <given-names>Jens B.</given-names>
                  <surname>Asendorpf</surname>
               </string-name>
            </contrib>
         </contrib-group>
         <pub-date xmlns:xlink="http://www.w3.org/1999/xlink">
            <day>1</day>
            <month>8</month>
            <year>2011</year>
         </pub-date>
         <volume>22</volume>
         <issue>8</issue>
         <issue-id xmlns:xlink="http://www.w3.org/1999/xlink">i25835485</issue-id>
         <fpage>984</fpage>
         <lpage>989</lpage>
         <permissions>
            <copyright-statement>Copyright © 2011 Association for Psychological Science</copyright-statement>
         </permissions>
         <self-uri xmlns:xlink="http://www.w3.org/1999/xlink"
                   xlink:role="external-fulltext-any"
                   xlink:href="http://dx.doi.org/10.1177/0956797611414725"
                   xlink:title="an external site"/>
         <abstract>
            <p>Knowing one's mate value (mate-value accuracy) is an important element in reproductive success. We investigated within- and between-sex differences in this ability in a real-life speed-dating event. A total of 190 men and 192 women filled out a personality questionnaire and participated in speed-dating sessions. Immediately after each date, participants recorded who they would choose as mates and who they expected would choose them. In line with evolutionarily informed hypotheses, results indicated that sociosexually unrestricted men and more agreeable women showed greater mate-value accuracy than sociosexually restricted men and less agreeable women, respectively. These results have important implications for understanding mating behavior and perhaps the origin of sex differences in personality.</p>
         </abstract>
         <custom-meta-group xmlns:xlink="http://www.w3.org/1999/xlink">
            <custom-meta>
               <meta-name>lang</meta-name>
               <meta-value>eng</meta-value>
            </custom-meta>
         </custom-meta-group>
      </article-meta>
   </front>
   <back>
      <ref-list>
         <title>References</title>
         <ref id="d1995e179a1310">
            <mixed-citation id="d1995e183" publication-type="other">
Asendorpf, J. B., Penke, L., &amp; Back, M. D. (2011). From dating to
mating and relating: Predictors of initial and long-term outcomes
of speed-dating in a community sample. European Journal of
Personality, 25, 16-30.</mixed-citation>
         </ref>
         <ref id="d1995e199a1310">
            <mixed-citation id="d1995e203" publication-type="other">
Borkenau, P., &amp; Ostendorf, F. (1993). NEO-F nf-Faktoren Inventar
(NEO-FFI) [NEO Five-Factor Inventory]. G ttingen, Germany:
Verlag fur Psychologic</mixed-citation>
         </ref>
         <ref id="d1995e216a1310">
            <mixed-citation id="d1995e220" publication-type="other">
Bouchard, T. J., Jr., &amp; Loehlin, J. C. (2001). Genes, evolution, and
personality. Behavior Genetics, 3, 243-273.</mixed-citation>
         </ref>
         <ref id="d1995e230a1310">
            <mixed-citation id="d1995e234" publication-type="other">
Buss, D. G., &amp; Schmitt, D. P. (1993). Sexual strategies theory:
An evolutionary perspective on human mating. Psychological
Review, 100, 204-232.</mixed-citation>
         </ref>
         <ref id="d1995e248a1310">
            <mixed-citation id="d1995e252" publication-type="other">
Cronbach, L. J. (1955). Processes affecting scores on "understanding
of others" and "assumed similarity." Psychological Bulletin, 52,
177-193.</mixed-citation>
         </ref>
         <ref id="d1995e265a1310">
            <mixed-citation id="d1995e269" publication-type="other">
Finkel, E. J., &amp; Eastwick, P. W. (2008). Speed-dating. Current Direc-
tions in Psychological Science, 17, 193-197.</mixed-citation>
         </ref>
         <ref id="d1995e279a1310">
            <mixed-citation id="d1995e283" publication-type="other">
Gangestad, S. W., &amp; Simpson, J. A. (2000). The evolution of human
mating: Trade-offs and strategic pluralism [Target article and
commentaries]. Behavioral &amp; Brain Sciences, 23, 573-644.</mixed-citation>
         </ref>
         <ref id="d1995e296a1310">
            <mixed-citation id="d1995e300" publication-type="other">
Graziano, W. G., &amp; Tobin, R. M. (2009). Agreeableness. In M. R.
Leary &amp; R. H. Hoyle (Eds.), Handbook of individual differences
in social behavior (pp. 46-61). New York, NY: Guilford Press.</mixed-citation>
         </ref>
         <ref id="d1995e313a1310">
            <mixed-citation id="d1995e317" publication-type="other">
Hofmann, W., Friese, M., &amp; Strack, F. (2009). Impulse and self-
control from a dual-systems perspective. Perspectives on Psycho-
logical Science, 4, 162-176.</mixed-citation>
         </ref>
         <ref id="d1995e330a1310">
            <mixed-citation id="d1995e334" publication-type="other">
Kavanagh, P. S., Robins, S., &amp; Ellis, B. J. (2010). The mating soci-
ometer: A regulatory mechanism for mating aspirations. Journal
of Personality and Social Psychology, 99, 120-132.</mixed-citation>
         </ref>
         <ref id="d1995e348a1310">
            <mixed-citation id="d1995e352" publication-type="other">
Kenny, D. A. (1994). Interpersonal perception: A social relations
analysis. New York, NY: Guilford Press.</mixed-citation>
         </ref>
         <ref id="d1995e362a1310">
            <mixed-citation id="d1995e366" publication-type="other">
Kirkpatrick, L. A., &amp; Ellis, B. J. (2001). An evolutionary-psychological
approach to self-esteem: Multiple domains and multiple functions.
In G. Fletcher &amp; M. Clark (Eds.), The Blackwell handbook of social
psychology (Vol. 2, pp. 411^436). Oxford, England: Blackwell.</mixed-citation>
         </ref>
         <ref id="d1995e382a1310">
            <mixed-citation id="d1995e386" publication-type="other">
Penke, L., &amp; Asendorpf, J. B. (2008). Beyond global sociosexual
orientations: A more differentiated look at sociosexuality and its
effects on courtship and romantic relationships. Journal of Per-
sonality and Social Psychology, 95, 1113-1135.</mixed-citation>
         </ref>
         <ref id="d1995e402a1310">
            <mixed-citation id="d1995e406" publication-type="other">
Penke, L., &amp; Denissen, J. J. A. (2008). Sex differences and life-
style-dependent shifts in the attunement of self-esteem to self-
perceived mate value: Hints to an adaptive mechanism? Journal
of Research in Personality, 42, 1123-1129.</mixed-citation>
         </ref>
         <ref id="d1995e422a1310">
            <mixed-citation id="d1995e426" publication-type="other">
Penke, L., Denissen, J. J. A., &amp; Miller, G. F. (2007). The evolution-
ary genetics of personality. European Journal of Personality, 21,
549-587.</mixed-citation>
         </ref>
         <ref id="d1995e439a1310">
            <mixed-citation id="d1995e443" publication-type="other">
Penke, L., Todd, P. M., Lenton, A. P., &amp; Fasolo, B. (2007). How self-
assessments can guide human mating decisions. In G. Geher &amp;
G. F. Miller (Eds.), Mating intelligence: Sex, relationships, and the
minds reproductive system (pp. 37-75). Mahwah, NJ: Erlbaum.</mixed-citation>
         </ref>
         <ref id="d1995e460a1310">
            <mixed-citation id="d1995e464" publication-type="other">
Schmitt, D. P., Alcalay, L., Allik, J., Ault, L., Austers, L, Bennett,
K. L., . . . International Sexuality Description Project. (2003).
Universal sex differences in the desire for sexual variety: Tests from
52 nations, 6 continents, and 13 islands. Journal of Personality
and Social Psychology, 85, 85-104.</mixed-citation>
         </ref>
         <ref id="d1995e483a1310">
            <mixed-citation id="d1995e489" publication-type="other">
Schmitt, D. P., Realo, A., Voracek, M., &amp; Allik, J. (2008). Why
can't a man be more like a woman? Sex differences in Big Five
personality traits across 55 cultures. Journal of Personality and
Social gy, 94, 168-182.</mixed-citation>
         </ref>
         <ref id="d1995e505a1310">
            <mixed-citation id="d1995e509" publication-type="other">
Todd, P. M., &amp; Miller, G. F. (1999). From pride and prejudice to
persuasion: Satisficing in mate search. In G. Gigerenzer, P. M.
Todd, &amp; the ABC Research Group (Eds.), Simple heuristics that
make us smart (pp. 287-308). New York, NY: Oxford University
Press.</mixed-citation>
         </ref>
      </ref-list>
   </back>
</article>
