<article dtd-version="1.0" article-type="research-article">
   <front>
      <journal-meta>
         <journal-id xmlns:xlink="http://www.w3.org/1999/xlink" journal-id-type="jstor">psychsci</journal-id>
         <journal-id xmlns:xlink="http://www.w3.org/1999/xlink" journal-id-type="jstor">j50000277</journal-id>
         <journal-title-group xmlns:xlink="http://www.w3.org/1999/xlink">
            <journal-title>Psychological Science</journal-title>
         </journal-title-group>
         <publisher>
            <publisher-name>SAGE Publications</publisher-name>
         </publisher>
         <issn xmlns:xlink="http://www.w3.org/1999/xlink" pub-type="ppub">09567976</issn>
         <issn xmlns:xlink="http://www.w3.org/1999/xlink" pub-type="epub">14679280</issn>
      </journal-meta>
      <article-meta>
         <article-id xmlns:xlink="http://www.w3.org/1999/xlink" pub-id-type="jstor">25835392</article-id>
         <article-categories>
            <subj-group>
               <subject>Research Report</subject>
            </subj-group>
         </article-categories>
         <title-group>
            <article-title>Temper, Temperature, and Temptation: Heat-Related Retaliation in Baseball</article-title>
         </title-group>
         <contrib-group>
            <contrib>
               <string-name xmlns:xlink="http://www.w3.org/1999/xlink">
                  <given-names>Richard P.</given-names>
                  <surname>Larrick</surname>
               </string-name>
            </contrib>
            <contrib>
               <string-name xmlns:xlink="http://www.w3.org/1999/xlink">
                  <given-names>Thomas A.</given-names>
                  <surname>Timmerman</surname>
               </string-name>
            </contrib>
            <contrib>
               <string-name xmlns:xlink="http://www.w3.org/1999/xlink">
                  <given-names>Andrew M.</given-names>
                  <surname>Carton</surname>
               </string-name>
            </contrib>
            <contrib>
               <string-name xmlns:xlink="http://www.w3.org/1999/xlink">
                  <given-names>Jason</given-names>
                  <surname>Abrevaya</surname>
               </string-name>
            </contrib>
         </contrib-group>
         <pub-date xmlns:xlink="http://www.w3.org/1999/xlink">
            <day>1</day>
            <month>4</month>
            <year>2011</year>
         </pub-date>
         <volume>22</volume>
         <issue>4</issue>
         <issue-id xmlns:xlink="http://www.w3.org/1999/xlink">i25835389</issue-id>
         <fpage>423</fpage>
         <lpage>428</lpage>
         <permissions>
            <copyright-statement>Copyright © 2011 Association for Psychological Science</copyright-statement>
         </permissions>
         <self-uri xmlns:xlink="http://www.w3.org/1999/xlink"
                   xlink:role="external-fulltext-any"
                   xlink:href="http://dx.doi.org/10.1177/0956797611399292"
                   xlink:title="an external site"/>
         <abstract>
            <p>In this study, we analyzed data from 57,293 Major League Baseball games to test whether high temperatures interact with provocation to increase the likelihood that batters will be hit by a pitch. Controlling for a number of other variables, we conducted analyses showing that the probability of a pitcher hitting a batter increases sharply at high temperatures when more of the pitcher's teammates have been hit by the opposing team earlier in the game. We suggest that high temperatures increase retaliation by increasing hostile attributions when teammates are hit by a pitch and by lowering inhibitions against retaliation.</p>
         </abstract>
         <custom-meta-group xmlns:xlink="http://www.w3.org/1999/xlink">
            <custom-meta>
               <meta-name>lang</meta-name>
               <meta-value>eng</meta-value>
            </custom-meta>
         </custom-meta-group>
      </article-meta>
   </front>
   <back>
      <ref-list>
         <title>Notes</title>
         <ref id="d12386e188a1310">
            <label>1</label>
            <mixed-citation id="d12386e195" publication-type="other">
Anderson et al. (2000)</mixed-citation>
         </ref>
         <ref id="d12386e202a1310">
            <label>2</label>
            <mixed-citation id="d12386e209" publication-type="other">
Bell, 1992</mixed-citation>
            <mixed-citation id="d12386e215" publication-type="other">
Rotton &amp; Cohn, 2004</mixed-citation>
         </ref>
         <ref id="d12386e222a1310">
            <label>3</label>
            <mixed-citation id="d12386e229" publication-type="other">
Hoetker, 2007</mixed-citation>
         </ref>
         <ref id="d12386e236a1310">
            <label>4</label>
            <mixed-citation id="d12386e243" publication-type="other">
Timmerman (2007)</mixed-citation>
            <mixed-citation id="d12386e249" publication-type="other">
Nisbett &amp; Cohen, 1996</mixed-citation>
         </ref>
      </ref-list>
      <ref-list>
         <title>References</title>
         <ref id="d12386e265a1310">
            <mixed-citation id="d12386e269" publication-type="other">
Anderson, C.A. (1989). Temperature and aggression: Ubiquitous
effects of heat on occurrence of human violence. Psychological
Bulletin, 106, 74-96.</mixed-citation>
         </ref>
         <ref id="d12386e282a1310">
            <mixed-citation id="d12386e286" publication-type="other">
Anderson, C.A., Anderson, K.B., &amp; Deuser, W.E. (1996). Examin-
ing an affective aggression framework: Weapon and temperature
effects on aggressive thoughts, affect, and attitudes. Personality
and Social Psychology Bulletin, 22, 366-376.</mixed-citation>
         </ref>
         <ref id="d12386e302a1310">
            <mixed-citation id="d12386e306" publication-type="other">
Anderson, C.A., Anderson, K.B., Dorr, N., DeNeve, K.M., &amp;
Flanagan, M. (2000). Temperature and aggression. In M.P. Zanna
(Ed.), Advances in experimental social psychology (Vol. 32,
pp. 63-133). San Diego, CA: Academic Press.</mixed-citation>
         </ref>
         <ref id="d12386e322a1310">
            <mixed-citation id="d12386e326" publication-type="other">
Anderson, C.A., &amp; Bushman, B J. (2002). Human aggression. Annual
Review of Psychology, 53, 27-51.</mixed-citation>
         </ref>
         <ref id="d12386e337a1310">
            <mixed-citation id="d12386e341" publication-type="other">
Anderson, C.A., Deuser, W.E., &amp; DeNeve, K.M. (1995). Hot tem-
peratures, hostile affect, hostile cognition, and arousal: Tests of
a general model of affective aggression. Personality and Social
Psychology Bulletin, 21, 434-^48.</mixed-citation>
         </ref>
         <ref id="d12386e357a1310">
            <mixed-citation id="d12386e361" publication-type="other">
Axelrod, R. (1984). The evolution of cooperation. New York, NY:
Basic Books.</mixed-citation>
         </ref>
         <ref id="d12386e371a1310">
            <mixed-citation id="d12386e375" publication-type="other">
Ballinger, G.A. (2004). Using generalized estimating equations for
longitudinal data analysis. Organizational Research Methods, 7,
127-150.</mixed-citation>
         </ref>
         <ref id="d12386e388a1310">
            <mixed-citation id="d12386e392" publication-type="other">
Baron, R.A., &amp; Bell, RA. (1975). Aggression and heat: Mediat-
ing effects of prior provocation and exposure to an aggressive
model. Journal of Personality and Social Psychology, 31,
825-832.</mixed-citation>
         </ref>
         <ref id="d12386e408a1310">
            <mixed-citation id="d12386e412" publication-type="other">
Bell, RA. (1992). In defense of the negative affect escape model of
heat and aggression. Psychological Bulletin, 111, 342-346.</mixed-citation>
         </ref>
         <ref id="d12386e422a1310">
            <mixed-citation id="d12386e426" publication-type="other">
Bell, RA. (2005). Reanalysis and perspective in the heat-aggression
debate. Journal of Personality and Social Psychology, 89,
71-73.</mixed-citation>
         </ref>
         <ref id="d12386e440a1310">
            <mixed-citation id="d12386e444" publication-type="other">
Bissinger, B. (2005). Three nights in August. New York, NY: Hough-
ton Mifflin.</mixed-citation>
         </ref>
         <ref id="d12386e454a1310">
            <mixed-citation id="d12386e458" publication-type="other">
Bradbury, J.C., &amp; Drinen, D. (2007). Crime and punishment in Major
League Baseball: The case of the designated hitter and hit batters.
Economic Inquiry, 45, 131-144.</mixed-citation>
         </ref>
         <ref id="d12386e471a1310">
            <mixed-citation id="d12386e475" publication-type="other">
Bushman, B.J., Wang, M.C., &amp; Anderson, C.A. (2005). Is the curve
relating temperature to aggression linear or curvilinear? A
response to Bell (2005) and to Cohn and Rotton (2005). Journal
of Personality and Social Psychology, 89,14—17.</mixed-citation>
         </ref>
         <ref id="d12386e491a1310">
            <mixed-citation id="d12386e495" publication-type="other">
Cohn, E.G., &amp; Rotton, J. (1997). Assault as a function of time and
temperature: A moderator-variable time-series analysis. Journal
of Personality and Social Psychology, 72, 1322-1334.</mixed-citation>
         </ref>
         <ref id="d12386e508a1310">
            <mixed-citation id="d12386e512" publication-type="other">
Cohn, E.G., &amp; Rotton, J. (2005). The curve is still out there: A reply
to Bushman, Wang, and Anderson's (2005) "Is the curve relating
temperature to aggression linear or curvilinear?" Journal of Per-
sonality and Social Psychology, 89, 67-70.</mixed-citation>
         </ref>
         <ref id="d12386e528a1310">
            <mixed-citation id="d12386e532" publication-type="other">
Geen, R.G. (2001). Human aggression (2nd ed.). Buckingham,
England: Open University.</mixed-citation>
         </ref>
         <ref id="d12386e543a1310">
            <mixed-citation id="d12386e547" publication-type="other">
Hoetker, G. (2007). The use of logit and probit models in strategic
management research: Critical issues. Strategic Management
Journal, 28, 331-343.</mixed-citation>
         </ref>
         <ref id="d12386e560a1310">
            <mixed-citation id="d12386e564" publication-type="other">
Kahn, R.L., &amp; Kramer, R.M. (1990). Untying the knot: De-escalatory
processes in international conflict. In R.L. Kahn &amp; M.N. Zald
(Eds.), Organizations and nation-states: New perspectives on
conflict and cooperation (pp. 139-180). San Francisco, CA:
Jossey-Bass.</mixed-citation>
         </ref>
         <ref id="d12386e583a1310">
            <mixed-citation id="d12386e587" publication-type="other">
Keysar, B., Converse, B.A., Wang, J., &amp; Epley, N. (2008). Reciproc-
ity is not give and take: Asymmetric reciprocity to positive and
negative acts. Psychological Science, 19, 1280-1286.</mixed-citation>
         </ref>
         <ref id="d12386e600a1310">
            <mixed-citation id="d12386e604" publication-type="other">
Luckenbill, D.F. (1977). Criminal homicide as a situated transaction.
Social Problems, 25, 176-186.</mixed-citation>
         </ref>
         <ref id="d12386e614a1310">
            <mixed-citation id="d12386e618" publication-type="other">
Nisbett, R.E., &amp; Cohen, D. (1996). Culture of honor: The psychology
of violence in the South. Boulder, CO: Westview.</mixed-citation>
         </ref>
         <ref id="d12386e628a1310">
            <mixed-citation id="d12386e634" publication-type="other">
Reifman, A.S., Larrick, R.P., &amp; Fein, S. (1991). Temper and tempera-
ture on the diamond: The heat-aggression relationship in Major
League Baseball. Personality and Social Psychology Bulletin, 17,
580-585.</mixed-citation>
         </ref>
         <ref id="d12386e651a1310">
            <mixed-citation id="d12386e655" publication-type="other">
Retrosheet. (n.d.). Play-by-play data files (event files). Retrieved
February 2010 from http://www.retrosheet.org/game.htm</mixed-citation>
         </ref>
         <ref id="d12386e665a1310">
            <mixed-citation id="d12386e669" publication-type="other">
Rotton, J., &amp; Cohn, E.G. (2000). Violence is a curvilinear function of
temperature in Dallas: A replication. Journal of Personality and
Social Psychology, 78, 1074-1081.</mixed-citation>
         </ref>
         <ref id="d12386e682a1310">
            <mixed-citation id="d12386e686" publication-type="other">
Rotton, J., &amp; Cohn, E.G. (2004). Outdoor temperature, climate con-
trol, and criminal assault: The spatial and temporal ecology of
violence. Environment &amp; Behavior, 36, 276-306.</mixed-citation>
         </ref>
         <ref id="d12386e699a1310">
            <mixed-citation id="d12386e703" publication-type="other">
Rubin, J.Z., Pruitt, D.G., &amp; Kim, S.H. (1994). Social conflict-
Escalation, stalemate, and settlement (2nd ed.). New York, NY:
McGraw-Hill</mixed-citation>
         </ref>
         <ref id="d12386e716a1310">
            <mixed-citation id="d12386e720" publication-type="other">
Timmerman, T.A. (2007). "It was a thought pitch": Personal, situ-
ational, and target influences on hit-by-pitch events across time.
Journal of Applied Psychology, 92, 876-884.</mixed-citation>
         </ref>
         <ref id="d12386e733a1310">
            <mixed-citation id="d12386e737" publication-type="other">
Trandel, G.A. (2004). Hit by pitches: Moral hazard, cost-benefit,
retaliation, or lack of evidence? Journal of Sports Economics, 5,
87-92.</mixed-citation>
         </ref>
         <ref id="d12386e751a1310">
            <mixed-citation id="d12386e755" publication-type="other">
Turbow, J., &amp; Duca, M. (2010). The baseball codes: Beanballs, sign
stealing, and bench-clearing brawls: The unwritten rules of
America's pastime. New York, NY: Pantheon.</mixed-citation>
         </ref>
         <ref id="d12386e768a1310">
            <mixed-citation id="d12386e772" publication-type="other">
Zillman, D., Katcher, A.H., &amp; Milavsky, B. (1972). Excitation
transfer from physical exercise to subsequent aggressive
behavior. Journal of Experimental Social Psychology, 8,
247-259.</mixed-citation>
         </ref>
      </ref-list>
   </back>
</article>
