<article dtd-version="1.0" article-type="research-article">
   <front>
      <journal-meta>
         <journal-id xmlns:xlink="http://www.w3.org/1999/xlink" journal-id-type="jstor">psychsci</journal-id>
         <journal-id xmlns:xlink="http://www.w3.org/1999/xlink" journal-id-type="jstor">j50000277</journal-id>
         <journal-title-group xmlns:xlink="http://www.w3.org/1999/xlink">
            <journal-title>Psychological Science</journal-title>
         </journal-title-group>
         <publisher>
            <publisher-name>SAGE Publications</publisher-name>
         </publisher>
         <issn xmlns:xlink="http://www.w3.org/1999/xlink" pub-type="ppub">09567976</issn>
         <issn xmlns:xlink="http://www.w3.org/1999/xlink" pub-type="epub">14679280</issn>
      </journal-meta>
      <article-meta>
         <article-id xmlns:xlink="http://www.w3.org/1999/xlink" pub-id-type="jstor">25835399</article-id>
         <article-categories>
            <subj-group>
               <subject>Research Report</subject>
            </subj-group>
         </article-categories>
         <title-group>
            <article-title>Holistic Processing Predicts Face Recognition</article-title>
         </title-group>
         <contrib-group>
            <contrib>
               <string-name xmlns:xlink="http://www.w3.org/1999/xlink">
                  <given-names>Jennifer J.</given-names>
                  <surname>Richler</surname>
               </string-name>
            </contrib>
            <contrib>
               <string-name xmlns:xlink="http://www.w3.org/1999/xlink">
                  <given-names>Olivia S.</given-names>
                  <surname>Cheung</surname>
               </string-name>
            </contrib>
            <contrib>
               <string-name xmlns:xlink="http://www.w3.org/1999/xlink">
                  <given-names>Isabel</given-names>
                  <surname>Gauthier</surname>
               </string-name>
            </contrib>
         </contrib-group>
         <pub-date xmlns:xlink="http://www.w3.org/1999/xlink">
            <day>1</day>
            <month>4</month>
            <year>2011</year>
         </pub-date>
         <volume>22</volume>
         <issue>4</issue>
         <issue-id xmlns:xlink="http://www.w3.org/1999/xlink">i25835389</issue-id>
         <fpage>464</fpage>
         <lpage>471</lpage>
         <permissions>
            <copyright-statement>Copyright © 2011 Association for Psychological Science</copyright-statement>
         </permissions>
         <self-uri xmlns:xlink="http://www.w3.org/1999/xlink"
                   xlink:role="external-fulltext-any"
                   xlink:href="http://dx.doi.org/10.1177/0956797611401753"
                   xlink:title="an external site"/>
         <abstract>
            <p>The concept of holistic processing is a cornerstone of face-recognition research. In the study reported here, we demonstrated that holistic processing predicts face-recognition abilities on the Cambridge Face Memory Test and on a perceptual face-identification task. Our findings validate a large body of work that relies on the assumption that holistic processing is related to face recognition. These findings also reconcile the study of face recognition with the perceptual-expertise work it inspired; such work links holistic processing of objects with people's ability to individuate them. Our results differ from those of a recent study showing no link between holistic processing and face recognition. This discrepancy can be attributed to the use in prior research of a popular but flawed measure of holistic processing. Our findings salvage the central role of holistic processing in face recognition and cast doubt on a subset of the face-perception literature that relies on a problematic measure of holistic processing.</p>
         </abstract>
         <custom-meta-group xmlns:xlink="http://www.w3.org/1999/xlink">
            <custom-meta>
               <meta-name>lang</meta-name>
               <meta-value>eng</meta-value>
            </custom-meta>
         </custom-meta-group>
      </article-meta>
   </front>
   <back>
      <ref-list>
         <title>References</title>
         <ref id="d12314e186a1310">
            <mixed-citation id="d12314e190" publication-type="other">
Bukach, CM., Phillips, W.S., &amp; Gauthier, I. (2010). Limits of gen-
eralization between categories and implications for theories of
category specificity. Attention, Perception, &amp; Psychophysics, 72,
1865-1874.</mixed-citation>
         </ref>
         <ref id="d12314e206a1310">
            <mixed-citation id="d12314e210" publication-type="other">
Cheung, O.S., Richler, J.J., Palmeri, T.J., &amp; Gauthier, I. (2008).
Revisiting the role of spatial frequencies in the holistic process-
ing of faces. Journal of Experimental Psychology: Human Per-
ception and Performance, 34, 1327-1336.</mixed-citation>
         </ref>
         <ref id="d12314e226a1310">
            <mixed-citation id="d12314e230" publication-type="other">
Dailey, M.N., &amp; Cottrell, G.W. (1999). Organization of face and
object recognition in modular neural networks. Neural Networks,
12, 1053-1074.</mixed-citation>
         </ref>
         <ref id="d12314e243a1310">
            <mixed-citation id="d12314e247" publication-type="other">
de Heering, A., Houthuys, S., &amp; Rossion, B. (2007). Holistic face pro-
cessing is mature at 4 years of age: Evidence from the composite
face effect. Journal of Experimental Child Psychology, 96, 57-70.</mixed-citation>
         </ref>
         <ref id="d12314e261a1310">
            <mixed-citation id="d12314e265" publication-type="other">
Duchaine, B., &amp; Nakayama, K. (2006). The Cambridge Face Memory
Test: Results for neurologically intact individuals and an inves-
tigation of its validity using inverted face stimuli and prosopag-
nosic faces. Neuropsychologica, 44, 576-585.</mixed-citation>
         </ref>
         <ref id="d12314e281a1310">
            <mixed-citation id="d12314e285" publication-type="other">
Farah, M.J., Wilson, K.D., Drain, M., &amp; Tanaka, J.W. (1998). What
is "special" about face perception? Psychological Review, 105,
482-498.</mixed-citation>
         </ref>
         <ref id="d12314e298a1310">
            <mixed-citation id="d12314e302" publication-type="other">
Furl, N., Garrido, L., Dolan, R.J., Driver, J., &amp; Duchaine, B. (2010).
Fusiform gyrus selectivity relates to individual differences in
facial recognition ability. Journal of Cognitive Neuroscience.
Advance online publication, doi: 10.1162/jocn.2010.21545</mixed-citation>
         </ref>
         <ref id="d12314e318a1310">
            <mixed-citation id="d12314e322" publication-type="other">
Gauthier, I., Curran, T, Curby, K.M., &amp; Collins, D. (2003). Percep-
tual interference supports a non-modular account of face process-
ing. Nature Neuroscience, 6, 428-432.</mixed-citation>
         </ref>
         <ref id="d12314e335a1310">
            <mixed-citation id="d12314e339" publication-type="other">
Gauthier, I., &amp; Tarr, M.J. (2002). Unraveling mechanisms for expert
object recognition: Bridging brain activity and behavior. Jour-
nal of Experimental Psychology: Human Perception and Perfor-
mance, 28, 431-466.</mixed-citation>
         </ref>
         <ref id="d12314e355a1310">
            <mixed-citation id="d12314e359" publication-type="other">
Goffaux, V. (2009). Spatial interactions in upright and inverted faces:
Re-exploration of spatial scale influence. Vision Research, 49,
114-1*1.</mixed-citation>
         </ref>
         <ref id="d12314e373a1310">
            <mixed-citation id="d12314e377" publication-type="other">
Goffaux, V., &amp; Rossion, B. (2006). Faces are "spatial"—Holistic face
perception is supported by low spatial frequencies. Journal of
Experimental Psychology: Human Perception and Performance, 32,
1023-1039.</mixed-citation>
         </ref>
         <ref id="d12314e393a1310">
            <mixed-citation id="d12314e397" publication-type="other">
Hole, G.J. (1994). Configurational factors in the perception of unfa-
miliar faces. Perception, 23, 65-1A.</mixed-citation>
         </ref>
         <ref id="d12314e407a1310">
            <mixed-citation id="d12314e411" publication-type="other">
Konar, Y, Bennett, P.J., &amp; Sekuler, A.B. (2010). Holistic processing
is not correlated with face-identification accuracy. Psychological
Science, 21, 38-43.</mixed-citation>
         </ref>
         <ref id="d12314e424a1310">
            <mixed-citation id="d12314e428" publication-type="other">
Le Grand, R., Cooper, P.A., Mondloch, C.J., Lewis, T.L., Sagiv, N.,
de Gelder, B., &amp; Maurer, D. (2006). What aspects of face pro-
cessing are impaired in developmental prosopagnosia? Brain and
Cognition, 61, 139-158.</mixed-citation>
         </ref>
         <ref id="d12314e444a1310">
            <mixed-citation id="d12314e448" publication-type="other">
Macchi Cassia, V., Picozzi, M., Kuefher, D., Bricolo, E., &amp; Turati, C.
(2009). Holistic processing for faces and cars in preschool-aged
children and adults: Evidence from the composite effect. Devel-
opmental Science, 12, 236-248.</mixed-citation>
         </ref>
         <ref id="d12314e464a1310">
            <mixed-citation id="d12314e468" publication-type="other">
Maurer, D., Le Grand, R, &amp; Mondloch, C.J. (2002). The many
faces of configural processing. Trends in Cognitive Sciences, 6,
255-260.</mixed-citation>
         </ref>
         <ref id="d12314e482a1310">
            <mixed-citation id="d12314e486" publication-type="other">
McKone, E., &amp; Robbins, R. (2007). The evidence rejects the exper-
tise hypothesis: Reply to Gauthier &amp; Bukach. Cognition, 103,
331-336.</mixed-citation>
         </ref>
         <ref id="d12314e499a1310">
            <mixed-citation id="d12314e503" publication-type="other">
Michel, C, Rossion, B., Han, J., Chung, C.H., &amp; Caldara, R. (2006).
Holistic processing is finely tuned for faces of one's own race.
Psychological Science, 17, 608-615.</mixed-citation>
         </ref>
         <ref id="d12314e516a1310">
            <mixed-citation id="d12314e520" publication-type="other">
Mondloch, C.J., Pathman, T., Maurer, D., Le Grand, R., &amp; de Schonen, S.
(2007). The composite face effect in six-year-old children: Evidence
for adult-like holistic processing. Visual Cognition, 15,564-577.</mixed-citation>
         </ref>
         <ref id="d12314e533a1310">
            <mixed-citation id="d12314e537" publication-type="other">
Richler, J.J., Bukach, CM., &amp; Gauthier, I. (2009). Context influences
holistic processing of non-face objects in the composite task.
Attention, Perception, &amp; Psychophysics, 71, 530-540.</mixed-citation>
         </ref>
         <ref id="d12314e550a1310">
            <mixed-citation id="d12314e554" publication-type="other">
Richler, J.J., Mack, M.L., Gauthier, I., &amp; Palmeri, T.J. (2009). Holis-
tic processing of faces happens at a glance. Vision Research, 49,
2856-2861.</mixed-citation>
         </ref>
         <ref id="d12314e567a1310">
            <mixed-citation id="d12314e571" publication-type="other">
Richler, J.J., Mack, M.L., Palmeri, T.J., &amp; Gauthier, I. (2011). Inverted
faces are (eventually) processed holistically. Vision Research, 51,
333-342.</mixed-citation>
         </ref>
         <ref id="d12314e585a1310">
            <mixed-citation id="d12314e589" publication-type="other">
Richler, J.J., Tanaka, J.W., Brown, D.D., &amp; Gauthier, I. (2008). Why
does selective attention to parts fail in face processing? Journal
of Experimental Psychology: Learning, Memory, and Cognition,
34,1356-1368.</mixed-citation>
         </ref>
         <ref id="d12314e605a1310">
            <mixed-citation id="d12314e609" publication-type="other">
Robbins, R., &amp; McKone, E. (2007). No face-like processing for
objects-of-expertise in three behavioral tasks. Cognition, 103,
34-79.</mixed-citation>
         </ref>
         <ref id="d12314e622a1310">
            <mixed-citation id="d12314e626" publication-type="other">
Schwartz, B.L., Marvel, C.L., Drapalski, A., Rosse, R.B., &amp; Deutsch,
S.I. (2002). Configural processing in face recognition in schizo-
phrenia. Cognitive Neuropsychiatry, 7, 15-39.</mixed-citation>
         </ref>
         <ref id="d12314e639a1310">
            <mixed-citation id="d12314e643" publication-type="other">
Wilhelm, O., Herzmann, G., Kunina, O., Danthiir, V., Schact, A., &amp;
Sommer, W. (in press). Individual differences in face cognition.
Journal of Personality and Social Psychology.</mixed-citation>
         </ref>
         <ref id="d12314e656a1310">
            <mixed-citation id="d12314e660" publication-type="other">
Wong, A.C.-N., Palmeri, T.J., &amp; Gauthier, I. (2009). Conditions for
facelike expertise with objects: Becoming a Ziggerin expert—but
which type? Psychological Science, 20, 1108-1117.</mixed-citation>
         </ref>
         <ref id="d12314e673a1310">
            <mixed-citation id="d12314e677" publication-type="other">
Wong, A.C.-N., Palmeri, T.J., Rogers, B.P., Gore, J.C., &amp;
Gauthier, I. (2009). Beyond shape: How you learn about objects
affects how they are represented in visual cortex. PLoS ONE,
4(12), e8405. Retrieved from http://www.plosone.org/article/
info%3 Adoi%2F 10.1371 %2Fjournal.pone.0008405</mixed-citation>
         </ref>
         <ref id="d12314e697a1310">
            <mixed-citation id="d12314e701" publication-type="other">
Wong, Y.K., &amp; Gauthier, I. (2010). A multimodal neural network
recruited by expertise with musical notation. Journal of Cogni-
tive Neuroscience, 22, 695-713.</mixed-citation>
         </ref>
         <ref id="d12314e714a1310">
            <mixed-citation id="d12314e718" publication-type="other">
Young, A.W., Hellawell, D., &amp; Hay, D.C. (1987). Configurational
information in face perception. Perception, 16, 747-759.</mixed-citation>
         </ref>
      </ref-list>
   </back>
</article>
