<article dtd-version="1.0" article-type="research-article">
   <front>
      <journal-meta>
         <journal-id xmlns:xlink="http://www.w3.org/1999/xlink" journal-id-type="jstor">psychsci</journal-id>
         <journal-id xmlns:xlink="http://www.w3.org/1999/xlink" journal-id-type="jstor">j50000277</journal-id>
         <journal-title-group xmlns:xlink="http://www.w3.org/1999/xlink">
            <journal-title>Psychological Science</journal-title>
         </journal-title-group>
         <publisher>
            <publisher-name>SAGE Publications</publisher-name>
         </publisher>
         <issn xmlns:xlink="http://www.w3.org/1999/xlink" pub-type="ppub">09567976</issn>
         <issn xmlns:xlink="http://www.w3.org/1999/xlink" pub-type="epub">14679280</issn>
      </journal-meta>
      <article-meta>
         <article-id xmlns:xlink="http://www.w3.org/1999/xlink" pub-id-type="jstor">25835468</article-id>
         <article-categories>
            <subj-group>
               <subject>Research Report</subject>
            </subj-group>
         </article-categories>
         <title-group>
            <article-title>Anticipatory Anxiety Hinders Detection of a Second Target in Dual-Target Search</article-title>
         </title-group>
         <contrib-group>
            <contrib>
               <string-name xmlns:xlink="http://www.w3.org/1999/xlink">
                  <given-names>Matthew S.</given-names>
                  <surname>Cain</surname>
               </string-name>
            </contrib>
            <contrib>
               <string-name xmlns:xlink="http://www.w3.org/1999/xlink">
                  <given-names>Joseph E.</given-names>
                  <surname>Dunsmoor</surname>
               </string-name>
            </contrib>
            <contrib>
               <string-name xmlns:xlink="http://www.w3.org/1999/xlink">
                  <given-names>Kevin S.</given-names>
                  <surname>LaBar</surname>
               </string-name>
            </contrib>
            <contrib>
               <string-name xmlns:xlink="http://www.w3.org/1999/xlink">
                  <given-names>Stephen R.</given-names>
                  <surname>Mitroff</surname>
               </string-name>
            </contrib>
         </contrib-group>
         <pub-date xmlns:xlink="http://www.w3.org/1999/xlink">
            <day>1</day>
            <month>7</month>
            <year>2011</year>
         </pub-date>
         <volume>22</volume>
         <issue>7</issue>
         <issue-id xmlns:xlink="http://www.w3.org/1999/xlink">i25835462</issue-id>
         <fpage>866</fpage>
         <lpage>871</lpage>
         <permissions>
            <copyright-statement>Copyright © 2011 Association for Psychological Science</copyright-statement>
         </permissions>
         <self-uri xmlns:xlink="http://www.w3.org/1999/xlink"
                   xlink:role="external-fulltext-any"
                   xlink:href="http://dx.doi.org/10.1177/0956797611412393"
                   xlink:title="an external site"/>
         <abstract>
            <p>Professional visual searches (e.g., baggage screenings, military searches, radiological examinations) are often conducted in high-pressure environments and require focus on multiple visual targets. Yet laboratory studies of visual search tend to be conducted in emotionally neutral settings with only one possible target per display. In the experiment reported here, we looked to better emulate high-pressure search conditions by presenting searchers with arrays that contained between zero and two targets while inducing anticipatory anxiety via a threat-of-shock paradigm. Under conditions of anticipatory anxiety, dual-target performance was negatively affected, but single-target performance and time on task were unaffected. These results suggest that multiple-target searches may be a more sensitive instrument to measure the effect of environmental factors on visual cognition than single-target searches are. Further, the effect of anticipatory anxiety was modulated by individual differences in state anxiety levels of participants prior to the experiment. These results have implications for both the laboratory study of visual search and the management and assessment of professional searchers.</p>
         </abstract>
         <custom-meta-group xmlns:xlink="http://www.w3.org/1999/xlink">
            <custom-meta>
               <meta-name>lang</meta-name>
               <meta-value>eng</meta-value>
            </custom-meta>
         </custom-meta-group>
      </article-meta>
   </front>
   <back>
      <ref-list>
         <title>References</title>
         <ref id="d8423e188a1310">
            <mixed-citation id="d8423e192" publication-type="other">
Ashman, C. J., Yu, J. S., &amp; Wolfman, D. (2000). Satisfaction of
search in osteoradiology. American Journal of Roentgenology,
175, 541-544.</mixed-citation>
         </ref>
         <ref id="d8423e205a1310">
            <mixed-citation id="d8423e209" publication-type="other">
Berbaum, K. S., Brandser, E. A., Franklin, E. A. J., Dorfman, D. D.,
Caldwell, R. T., &amp; Krupinski, E. A. (2001). Gaze dwell times on
acute trauma injuries missed because of satisfaction of search.
Academic Radiology, 8, 304-314.</mixed-citation>
         </ref>
         <ref id="d8423e225a1310">
            <mixed-citation id="d8423e229" publication-type="other">
Berbaum, K. S., El-Khoury, G. Y., Franken, E. A., Kuehn, D. M.,
Meis, D. M., Dorfman, D. D., . . . Kathol, M. H. (1994). Missed
fractures resulting from satisfaction of search effect. Emergency
Radiology, 1, 242-249. doi:10.1007/BF02614935</mixed-citation>
         </ref>
         <ref id="d8423e245a1310">
            <mixed-citation id="d8423e249" publication-type="other">
Berbaum, K. S., Franklin, E. A. J., Caldwell, R. T., &amp; Schartz, K. M.
(2010). Satisfaction of search in traditional radiographic imag-
ing. In E. Samei &amp; E. Krupinski (Eds.), The handbook of medi-
cal image perception and techniques (pp. 107-138). Cambridge,
England: Cambridge University Press.</mixed-citation>
         </ref>
         <ref id="d8423e269a1310">
            <mixed-citation id="d8423e273" publication-type="other">
Berbaum, K. S., Franklin, E. A. J., Dorfman, D. D., Caldwell, R. T.,
&amp; Lu, CH. (2005). Can order of report prevent satisfaction of
search in abdominal contrast studies? Academic Radiology, 12,
74-84. doi: 10.1016/j.acra.2004.11.007</mixed-citation>
         </ref>
         <ref id="d8423e289a1310">
            <mixed-citation id="d8423e293" publication-type="other">
Clark, K., Fleck, M. S., &amp; Mitroff, S. R. (2010). Reducing satis-
faction of search errors in visual search. Journal of Vision,
10(7), Article 1301. Retrieved from http://www.journalofVision
.org/content/10/7/1301.abstract?sid=6457a377-8bb6-45b2-8253-
bc0fcebc75e6</mixed-citation>
         </ref>
         <ref id="d8423e312a1310">
            <mixed-citation id="d8423e316" publication-type="other">
Drury, C. G., &amp; Hong, S. K. (2000). Generalizing from single target
search to multiple target search. Theoretical Issues in Ergonomics
Science, 7,303-314.</mixed-citation>
         </ref>
         <ref id="d8423e329a1310">
            <mixed-citation id="d8423e333" publication-type="other">
Dunsmoor, J. E., Mitroff, S. R., &amp; LaBar, K. S. (2009). Generalization
of conditioned fear along a dimension of increasing fear intensity.
Learning &amp; Memory, 16, 460-469. doi:10.1101/lm.l431609</mixed-citation>
         </ref>
         <ref id="d8423e346a1310">
            <mixed-citation id="d8423e350" publication-type="other">
Easterbrook, J. (1959). The effect of emotion on cue utilization and
the organization of behavior. Psychological Review, 66,183-201.
doi:10.1037/h0047707</mixed-citation>
         </ref>
         <ref id="d8423e363a1310">
            <mixed-citation id="d8423e367" publication-type="other">
Fanselow, M. S. (1980). Conditional and unconditional components
of post-shock freezing. Integrative Psychological and Behavioral
Science, 15, 177-182. doi:10.1007/BF03001163</mixed-citation>
         </ref>
         <ref id="d8423e381a1310">
            <mixed-citation id="d8423e385" publication-type="other">
Fleck, M. S., Samei, E., &amp; Mitroff, S. R. (2010). Generalized "satis-
faction of search": Adverse influences on dual-target search accu-
racy. Journal of Experimental Psychology: Applied, 16, 60-71.
doi:10.1037/a0018629</mixed-citation>
         </ref>
         <ref id="d8423e401a1310">
            <mixed-citation id="d8423e405" publication-type="other">
Franken, E. A., Berbaum, K. S., Lu, C. H., Kannam, S., Dorm an, D. D.,
Warnock, N. G.,. . . Pelsang, R. E. (1994). Satisfaction of search
in the detection of plain-film abnormalities in abdominal contrast
studies. Investigative Radiology, 29,403-409.</mixed-citation>
         </ref>
         <ref id="d8423e421a1310">
            <mixed-citation id="d8423e425" publication-type="other">
Godwin, H. J., Menneer, T., Cave, K. R., Helman, S., Way, R. L., &amp;
Donnelly, N. (2010). The impact of relative prevalence on dual-
target search for threat items from airport X-ray screening. Acta
Psychologica, 134, 79-84. doi: 10.1016/j.actpsy.2009.12.009</mixed-citation>
         </ref>
         <ref id="d8423e441a1310">
            <mixed-citation id="d8423e445" publication-type="other">
Grillon, C., Morgan, C. A., Davis, M., &amp; Southwick, S. M. (1998).
Effect of darkness on acoustic startle in Vietnam veterans with
PTSD. American Journal of Psychiatry, 155, 812-817.</mixed-citation>
         </ref>
         <ref id="d8423e458a1310">
            <mixed-citation id="d8423e462" publication-type="other">
Holmes, D. L., Peper, R., Olsho, L. W, &amp; Raney, D. E. (1978).
Searching for multiple targets simultaneously: Is it really pos-
sible? Perceptual and Motor Skills, 46, 227-234.</mixed-citation>
         </ref>
         <ref id="d8423e475a1310">
            <mixed-citation id="d8423e479" publication-type="other">
Horowitz, T. S., &amp; Wolfe, J. M. (2001). Search for multiple targets:
Remember the targets, forget the search. Perception &amp; Psycho-
physics, 63, 272-285.</mixed-citation>
         </ref>
         <ref id="d8423e493a1310">
            <mixed-citation id="d8423e497" publication-type="other">
K rner, C., &amp; Gilchrist, I. D. (2008). Memory processes in multiple-
target visual search. Psychological Research, 72, 99-105.
doi: 10.1007/s00426-006-0075-l</mixed-citation>
         </ref>
         <ref id="d8423e510a1310">
            <mixed-citation id="d8423e514" publication-type="other">
Menneer, T., Barrett, D. J. K., Phillips, L., Donnelly, N., &amp; Cave, K. R.
(2007). Costs in searching for two targets: Dividing search across
target types could improve airport security screening. Applied
Cognitive Psychology, 21, 915-932. doi:10.1002/acp.l305</mixed-citation>
         </ref>
         <ref id="d8423e530a1310">
            <mixed-citation id="d8423e534" publication-type="other">
Nakayama, K., &amp; Martini, P. (2010). Situating visual search. Vi-
sion Research. Advance online publication. doi:10.1016/j.visres
.2010.09.003</mixed-citation>
         </ref>
         <ref id="d8423e547a1310">
            <mixed-citation id="d8423e551" publication-type="other">
Neisser, U. (1974). Practiced card sorting for multiple targets. Mem-
ory &amp; Cognition, 2, 781-785.</mixed-citation>
         </ref>
         <ref id="d8423e561a1310">
            <mixed-citation id="d8423e565" publication-type="other">
Palmer, J., Verghese, P., &amp; Pavel, M. (2000). The psychophysics of
visual search. Vision Research, 40, 1227-1268.</mixed-citation>
         </ref>
         <ref id="d8423e575a1310">
            <mixed-citation id="d8423e579" publication-type="other">
Rhudy, J. L., &amp; Meagher, M. W. (2000). Fear and anxiety: Divergent
effects on human pain thresholds. Pain, 84, 65-75.</mixed-citation>
         </ref>
         <ref id="d8423e590a1310">
            <mixed-citation id="d8423e594" publication-type="other">
Samuel, S, Kundel, H. L, Nodine, C. F., &amp; Toto, L. C. (1995). Mech-
anism of satisfaction of search: Eye position recordings in the
reading of chest radiographs. Radiology, 194, 895-902.</mixed-citation>
         </ref>
         <ref id="d8423e607a1310">
            <mixed-citation id="d8423e611" publication-type="other">
Schneider, W., &amp; Shiffrin, R. M. (1977). Controlled and automatic
human information processing: I. Detection, search, and attention.
Psychological Review, 84, 1-66. doi:10.1037/0033-295X.84.1.1</mixed-citation>
         </ref>
         <ref id="d8423e624a1310">
            <mixed-citation id="d8423e628" publication-type="other">
Spielberger, C. D. (1983). Manual for the State-Trait Anxiety Inven-
tory. Palo Alto, CA: Consulting Psychologists Press.</mixed-citation>
         </ref>
         <ref id="d8423e638a1310">
            <mixed-citation id="d8423e642" publication-type="other">
Tuddenham, W. J. (1962). Visual search, image organization, and reader
error in roentgen diagnosis: Studies of the psycho-physiology of
roentgen image perception. Radiology, 78,694-704.</mixed-citation>
         </ref>
         <ref id="d8423e655a1310">
            <mixed-citation id="d8423e659" publication-type="other">
Tyler, S. K., &amp; Tucker, D. M. (1982). Anxiety and perceptual struc-
ture: Individual differences in neuropsychological function.
Journal of Abnormal Psychology, 91, 210-220. doi:10.1037/
0021-843X.91.3.210</mixed-citation>
         </ref>
         <ref id="d8423e675a1310">
            <mixed-citation id="d8423e679" publication-type="other">
Weltman, G., Smith, J. E., &amp; Egstrom, G. H. (1971). Perceptual nar-
rowing during simulated pressure-chamber exposure. Human
Factors, 13, 99-107.</mixed-citation>
         </ref>
         <ref id="d8423e693a1310">
            <mixed-citation id="d8423e697" publication-type="other">
Wolfe, J. M. (1994). Guided Search 2.0: A revised model of visual
search. Psychonomic Bulletin &amp; Review, 1, 202-238.</mixed-citation>
         </ref>
         <ref id="d8423e707a1310">
            <mixed-citation id="d8423e711" publication-type="other">
Wolfe, J. M., Horowitz, T. S., &amp; Kenner, N. M. (2005). Rare
items often missed in visual searches. Nature, 435, 439-440.
doi:10.1038/435439a</mixed-citation>
         </ref>
      </ref-list>
   </back>
</article>
