<article dtd-version="1.0" article-type="research-article">
   <front>
      <journal-meta>
         <journal-id xmlns:xlink="http://www.w3.org/1999/xlink" journal-id-type="jstor">psychsci</journal-id>
         <journal-id xmlns:xlink="http://www.w3.org/1999/xlink" journal-id-type="jstor">j50000277</journal-id>
         <journal-title-group xmlns:xlink="http://www.w3.org/1999/xlink">
            <journal-title>Psychological Science</journal-title>
         </journal-title-group>
         <publisher>
            <publisher-name>SAGE Publications</publisher-name>
         </publisher>
         <issn xmlns:xlink="http://www.w3.org/1999/xlink" pub-type="ppub">09567976</issn>
         <issn xmlns:xlink="http://www.w3.org/1999/xlink" pub-type="epub">14679280</issn>
      </journal-meta>
      <article-meta>
         <article-id xmlns:xlink="http://www.w3.org/1999/xlink" pub-id-type="jstor">25835373</article-id>
         <article-categories>
            <subj-group>
               <subject>Research Report</subject>
            </subj-group>
         </article-categories>
         <title-group>
            <article-title>Visual Distortion of Body Size Modulates Pain Perception</article-title>
         </title-group>
         <contrib-group>
            <contrib>
               <string-name xmlns:xlink="http://www.w3.org/1999/xlink">
                  <given-names>Flavia</given-names>
                  <surname>Mancini</surname>
               </string-name>
            </contrib>
            <contrib>
               <string-name xmlns:xlink="http://www.w3.org/1999/xlink">
                  <given-names>Matthew R.</given-names>
                  <surname>Longo</surname>
               </string-name>
            </contrib>
            <contrib>
               <string-name xmlns:xlink="http://www.w3.org/1999/xlink">
                  <given-names>Marjolein P.M.</given-names>
                  <surname>Kammers</surname>
               </string-name>
            </contrib>
            <contrib>
               <string-name xmlns:xlink="http://www.w3.org/1999/xlink">
                  <given-names>Patrick</given-names>
                  <surname>Haggard</surname>
               </string-name>
            </contrib>
         </contrib-group>
         <pub-date xmlns:xlink="http://www.w3.org/1999/xlink">
            <day>1</day>
            <month>3</month>
            <year>2011</year>
         </pub-date>
         <volume>22</volume>
         <issue>3</issue>
         <issue-id xmlns:xlink="http://www.w3.org/1999/xlink">i25835366</issue-id>
         <fpage>325</fpage>
         <lpage>330</lpage>
         <permissions>
            <copyright-statement>Copyright © 2011 Association for Psychological Science</copyright-statement>
         </permissions>
         <self-uri xmlns:xlink="http://www.w3.org/1999/xlink"
                   xlink:role="external-fulltext-any"
                   xlink:href="http://dx.doi.org/10.1177/0956797611398496"
                   xlink:title="an external site"/>
         <abstract>
            <p>Pain is a complex subjective experience that is shaped by numerous contextual factors. For example, simply viewing the body reduces the reported intensity of acute physical pain. In this study, we investigated whether this visually induced analgesia is modulated by the visual size of the stimulated body part. We measured contact heat-pain thresholds while participants viewed either their own hand or a neutral object in three size conditions: reduced, actual size, or enlarged. Vision of the body was analgesic, increasing heat-pain thresholds by an average of 3.2 °C. We further found that visual enlargement of the viewed hand enhanced analgesia, whereas visual reduction of the hand decreased analgesia. These results demonstrate that pain perception depends on multisensory representations of the body and that visual distortions of body size modulate sensory components of pain.</p>
         </abstract>
         <custom-meta-group xmlns:xlink="http://www.w3.org/1999/xlink">
            <custom-meta>
               <meta-name>lang</meta-name>
               <meta-value>eng</meta-value>
            </custom-meta>
         </custom-meta-group>
      </article-meta>
   </front>
   <back>
      <ref-list>
         <title>References</title>
         <ref id="d892e188a1310">
            <mixed-citation id="d892e192" publication-type="other">
Apkarian, A.V., Bushnell, M.C., Treede, R.D., &amp; Zubieta, J.K.
(2005). Human brain mechanisms of pain perception and regula-
tion in health and disease. European Journal of Pain, 9,463-484.</mixed-citation>
         </ref>
         <ref id="d892e205a1310">
            <mixed-citation id="d892e209" publication-type="other">
Auvray, M., Myin, E., &amp; Spence, C. (2010). The sensory-discriminative
and affective-motivational aspects of pain. Neuroscience &amp; Biobe-
havioral Reviews, 34, 214—223.</mixed-citation>
         </ref>
         <ref id="d892e222a1310">
            <mixed-citation id="d892e226" publication-type="other">
Baliki, M.N., Geha, P.Y., Fields, H.L., &amp; Apkarian, A.V. (2010). Pre-
dicting value of pain and analgesia: Nucleus accumbens response
to noxious stimuli changes in the presence of chronic pain. Neu-
ron, 66, 149-160.</mixed-citation>
         </ref>
         <ref id="d892e242a1310">
            <mixed-citation id="d892e246" publication-type="other">
Chen, Z., Williams, K.D., Fitness, J., &amp; Newton, N.C. (2008). When
hurt will not heal: Exploring the capacity to relive social and
physical pain. Psychological Science, 19, 789-795.</mixed-citation>
         </ref>
         <ref id="d892e260a1310">
            <mixed-citation id="d892e264" publication-type="other">
Chou, R., &amp; Huffman, L.H. (2007). Nonpharmacologic therapies for
acute and chronic low back pain: A review of the evidence for an
American Pain Society/American College of Physicians clinical
practice guideline. Annals of Internal Medicine, 147, 492-504.</mixed-citation>
         </ref>
         <ref id="d892e280a1310">
            <mixed-citation id="d892e284" publication-type="other">
Coslett, H.B., &amp; Lie, E. (2004). Bare hands and attention: Evidence
for a tactile representation of the human body. Neuropsychologia,
42, 1865-1876.</mixed-citation>
         </ref>
         <ref id="d892e297a1310">
            <mixed-citation id="d892e301" publication-type="other">
Eisenberger, N.I., &amp; Lieberman, M.D. (2004). Why rejection hurts: A
common neural alarm system for physical and social pain. Trends
in Cognitive Sciences, 8, 294-300.</mixed-citation>
         </ref>
         <ref id="d892e314a1310">
            <mixed-citation id="d892e318" publication-type="other">
Gandevia, S.C., &amp; Phegan, CM. (1999). Perceptual distortions of the
human body image produced by local anaesthesia, pain and cuta-
neous stimulation. Journal of Physiology, 514, 609-616.</mixed-citation>
         </ref>
         <ref id="d892e331a1310">
            <mixed-citation id="d892e335" publication-type="other">
Gray, K., &amp; Wegner, D.M. (2008). The sting of intentional pain. Psy-
chological Science, 19, 1260-1262.</mixed-citation>
         </ref>
         <ref id="d892e345a1310">
            <mixed-citation id="d892e349" publication-type="other">
Green, B.G. (2004). Temperature perception and nociception. Jour-
nal of Neurobiology, 61, 13-29.</mixed-citation>
         </ref>
         <ref id="d892e360a1310">
            <mixed-citation id="d892e364" publication-type="other">
Iannetti, G.D., Hughes, N.P., Lee, M.C., &amp; Mouraux, A. (2008).
Determinants of laser-evoked EEG responses: Pain perception or
stimulus saliency? Journal ofNeurophysiology, 100, 815-828.</mixed-citation>
         </ref>
         <ref id="d892e377a1310">
            <mixed-citation id="d892e381" publication-type="other">
Iannetti, G.D., &amp; Mouraux, A. (2010). From the neuromatrix to the
pain matrix (and back). Experimental Brain Research, 205, 1-12.</mixed-citation>
         </ref>
         <ref id="d892e391a1310">
            <mixed-citation id="d892e395" publication-type="other">
Kammers, M.P, de Vignemont, F., &amp; Haggard, P. (2010). Cooling
the thermal grill illusion through self-touch. Current Biology, 20,
1819-1822.</mixed-citation>
         </ref>
         <ref id="d892e408a1310">
            <mixed-citation id="d892e412" publication-type="other">
Kennett, S., Taylor-Clarke, M., &amp; Haggard, P. (2001). Noninforma-
tive vision improves the spatial resolution of touch in humans.
Current Biology, 11, 1188-1191.</mixed-citation>
         </ref>
         <ref id="d892e425a1310">
            <mixed-citation id="d892e429" publication-type="other">
Lewis, J.S., Kersten, P., McCabe, C.S., McPherson, K.M., &amp; Blake,
D.R. (2007). Body perception disturbance: A contribution to pain
in complex regional pain syndrome (CRPS). Pain, 133, 111-119.</mixed-citation>
         </ref>
         <ref id="d892e442a1310">
            <mixed-citation id="d892e446" publication-type="other">
Longo, M.R., Betti, V., Aglioti, S.M., &amp; Haggard, P. (2009). Visually
induced analgesia: Seeing the body reduces pain. The Journal of
Neuroscience, 29, 12125-12130.</mixed-citation>
         </ref>
         <ref id="d892e460a1310">
            <mixed-citation id="d892e464" publication-type="other">
Maihofner, C, Handwerker, H.O., Neundorfer, B., &amp; Birklein, F.
(2003). Patterns of cortical reorganization in complex regional
pain syndrome. Neurology, 61, 1707-1715.</mixed-citation>
         </ref>
         <ref id="d892e477a1310">
            <mixed-citation id="d892e481" publication-type="other">
Master, S.L., Eisenberger, N.I., Taylor, S.E., Naliboff, B.D., Shirin-
yan, D., &amp; Lieberman, M.D. (2009). A picture's worth: Partner
photographs reduce experimentally induced pain. Psychological
Science, 20, 1316-1318.</mixed-citation>
         </ref>
         <ref id="d892e497a1310">
            <mixed-citation id="d892e501" publication-type="other">
Melzack, R., &amp; Casey, K.L. (1968). Sensory, motivational and cen-
tral control determinants of pain: A new conceptual model. In D.
Kenshalo (Ed.), The skin senses (pp. 423-439). Springfield, IL:
Charles C. Thomas.</mixed-citation>
         </ref>
         <ref id="d892e517a1310">
            <mixed-citation id="d892e521" publication-type="other">
Melzack, R., &amp; Wall, PD. (1965). Pain mechanisms: A new theory.
Science, 150, 971-979.</mixed-citation>
         </ref>
         <ref id="d892e531a1310">
            <mixed-citation id="d892e535" publication-type="other">
Moseley, G.L., Parsons, T.J., &amp; Spence, C. (2008). Visual distortion
of a limb modulates the pain and swelling evoked by movement.
Current Biology, 18, R1047-R1048.</mixed-citation>
         </ref>
         <ref id="d892e548a1310">
            <mixed-citation id="d892e552" publication-type="other">
Moseley, G.L., Sim, D.F., Henry, M.L., &amp; Souvlis, T. (2005). Experi-
mental hand pain delays recognition of the contralateral hand—
Evidence that acute and chronic pain have opposite effects
on information processing? Cognitive Brain Research, 25,
188-194.</mixed-citation>
         </ref>
         <ref id="d892e572a1310">
            <mixed-citation id="d892e576" publication-type="other">
Ramachandran, VS., Brang, D., &amp; McGeoch, PD. (2009). Size
reduction using Mirror Visual Feedback (MVF) reduces phantom
pain. Neurocase: The Neural Basis of Cognition, 15, 357-360.</mixed-citation>
         </ref>
         <ref id="d892e589a1310">
            <mixed-citation id="d892e593" publication-type="other">
Ramachandran, VS., Rogers-Ramachandran, D., &amp; Cobb, S. (1995).
Touching the phantom limb. Nature, 377, 489-490.</mixed-citation>
         </ref>
         <ref id="d892e603a1310">
            <mixed-citation id="d892e607" publication-type="other">
Tsakiris, M., Haggard, P., Franck, N., Mainy, N., &amp; Sirigu, A. (2005).
A specific role for efferent information in self-recognition. Cog-
nition, 96, 215-231.</mixed-citation>
         </ref>
         <ref id="d892e620a1310">
            <mixed-citation id="d892e624" publication-type="other">
Wiech, K., Ploner, M., &amp; Tracey, I. (2008). Neurocognitive aspects
of pain perception. Trends in Cognitive Sciences, 12, 306-313.</mixed-citation>
         </ref>
         <ref id="d892e634a1310">
            <mixed-citation id="d892e638" publication-type="other">
Wiffen, PL, McQuay, H.J., Edwards, J.E., &amp; Moore, R.A. (2005).
Gabapentin for acute and chronic pain. Cochrane Database of
Systematic Reviews, 3, CD005452.</mixed-citation>
         </ref>
         <ref id="d892e651a1310">
            <mixed-citation id="d892e655" publication-type="other">
Yamitsky, D., Sprecher, E., Zaslansky, R., &amp; Hemli, J.A. (1995).
Heat pain thresholds: Normative data and repeatability. Pain, 60,
329-332.</mixed-citation>
         </ref>
      </ref-list>
   </back>
</article>
