<article dtd-version="1.0" article-type="research-article">
   <front>
      <journal-meta>
         <journal-id xmlns:xlink="http://www.w3.org/1999/xlink" journal-id-type="jstor">psychsci</journal-id>
         <journal-id xmlns:xlink="http://www.w3.org/1999/xlink" journal-id-type="jstor">j50000277</journal-id>
         <journal-title-group xmlns:xlink="http://www.w3.org/1999/xlink">
            <journal-title>Psychological Science</journal-title>
         </journal-title-group>
         <publisher>
            <publisher-name>SAGE Publications</publisher-name>
         </publisher>
         <issn xmlns:xlink="http://www.w3.org/1999/xlink" pub-type="ppub">09567976</issn>
         <issn xmlns:xlink="http://www.w3.org/1999/xlink" pub-type="epub">14679280</issn>
      </journal-meta>
      <article-meta>
         <article-id xmlns:xlink="http://www.w3.org/1999/xlink" pub-id-type="jstor">25835490</article-id>
         <article-categories>
            <subj-group>
               <subject>Short Report</subject>
            </subj-group>
         </article-categories>
         <title-group>
            <article-title>Identifying Fingerprint Expertise</article-title>
         </title-group>
         <contrib-group>
            <contrib>
               <string-name xmlns:xlink="http://www.w3.org/1999/xlink">
                  <given-names>Jason M.</given-names>
                  <surname>Tangen</surname>
               </string-name>
            </contrib>
            <contrib>
               <string-name xmlns:xlink="http://www.w3.org/1999/xlink">
                  <given-names>Matthew B.</given-names>
                  <surname>Thompson</surname>
               </string-name>
            </contrib>
            <contrib>
               <string-name xmlns:xlink="http://www.w3.org/1999/xlink">
                  <given-names>Duncan J.</given-names>
                  <surname>McCarthy</surname>
               </string-name>
            </contrib>
         </contrib-group>
         <pub-date xmlns:xlink="http://www.w3.org/1999/xlink">
            <day>1</day>
            <month>8</month>
            <year>2011</year>
         </pub-date>
         <volume>22</volume>
         <issue>8</issue>
         <issue-id xmlns:xlink="http://www.w3.org/1999/xlink">i25835485</issue-id>
         <fpage>995</fpage>
         <lpage>997</lpage>
         <permissions>
            <copyright-statement>Copyright © 2011 Association for Psychological Science</copyright-statement>
         </permissions>
         <self-uri xmlns:xlink="http://www.w3.org/1999/xlink"
                   xlink:role="external-fulltext-any"
                   xlink:href="http://dx.doi.org/10.1177/0956797611414729"
                   xlink:title="an external site"/>
         <custom-meta-group xmlns:xlink="http://www.w3.org/1999/xlink">
            <custom-meta>
               <meta-name>lang</meta-name>
               <meta-value>eng</meta-value>
            </custom-meta>
         </custom-meta-group>
      </article-meta>
   </front>
   <back>
      <ref-list>
         <title>Note</title>
         <ref id="d2027e152a1310">
            <label>1</label>
            <mixed-citation id="d2027e159" publication-type="other">
Forensic Informatics Biometric Repository Web site
(www.fib-r.com).</mixed-citation>
         </ref>
      </ref-list>
      <ref-list>
         <title>References</title>
         <ref id="d2027e178a1310">
            <mixed-citation id="d2027e182" publication-type="other">
Cole, S. A. (2005). More than zero: Accounting for error in latent
fingerprint identification. Journal of Criminal Law and Criminology,
95, 985-1078.</mixed-citation>
         </ref>
         <ref id="d2027e195a1310">
            <mixed-citation id="d2027e199" publication-type="other">
Dror, I. E., &amp; Mnookin, J. L. (2010). The use of technology in human
expert domains: Challenges and risks arising from the use of
automated fingerprint identification systems in forensics. Law,
Probability &amp; Risk, 9, 47-67.</mixed-citation>
         </ref>
         <ref id="d2027e215a1310">
            <mixed-citation id="d2027e219" publication-type="other">
Federal Bureau of Investigation. (1984). The science of fingerprints:
Classification and uses. Washington, DC: U.S. Government
Printing Office.</mixed-citation>
         </ref>
         <ref id="d2027e232a1310">
            <mixed-citation id="d2027e236" publication-type="other">
Green, D. M., &amp; Swets, J. A. (1966). Signal detection theory and
psychophysics. New York, NY: Wiley.</mixed-citation>
         </ref>
         <ref id="d2027e247a1310">
            <mixed-citation id="d2027e251" publication-type="other">
Loftus, E. F., &amp; Cole, S. A. (2004). Contaminated evidence. Science,
304, 959.</mixed-citation>
         </ref>
         <ref id="d2027e261a1310">
            <mixed-citation id="d2027e265" publication-type="other">
National Research Council, Committee on Identifying the Needs of
the Forensic Science Community. (2009). Strengthening forensic
science in the United States: A path forward. Washington, DC:
The National Academies Press.</mixed-citation>
         </ref>
         <ref id="d2027e281a1310">
            <mixed-citation id="d2027e285" publication-type="other">
Saks, M. J., &amp; Koehler, J. J. (2005). The coming paradigm shift in
forensic identification science. Science, 309, 892-895.</mixed-citation>
         </ref>
         <ref id="d2027e295a1310">
            <mixed-citation id="d2027e299" publication-type="other">
Spinney, L. (2010). The fine print. Nature, 464, 344^346.</mixed-citation>
         </ref>
         <ref id="d2027e306a1310">
            <mixed-citation id="d2027e310" publication-type="other">
Vokey, J. R, Tangen, J. M., &amp; Cole, S. A. (2009). On the preliminary
psychophysics of fingerprint identification. The Quarterly Jour-
nal of Experimental Psychology, 62, 1023-1040.</mixed-citation>
         </ref>
      </ref-list>
   </back>
</article>
