<article dtd-version="1.0" article-type="research-article">
   <front>
      <journal-meta>
         <journal-id xmlns:xlink="http://www.w3.org/1999/xlink" journal-id-type="jstor">psychsci</journal-id>
         <journal-id xmlns:xlink="http://www.w3.org/1999/xlink" journal-id-type="jstor">j50000277</journal-id>
         <journal-title-group xmlns:xlink="http://www.w3.org/1999/xlink">
            <journal-title>Psychological Science</journal-title>
         </journal-title-group>
         <publisher>
            <publisher-name>SAGE Publications</publisher-name>
         </publisher>
         <issn xmlns:xlink="http://www.w3.org/1999/xlink" pub-type="ppub">09567976</issn>
         <issn xmlns:xlink="http://www.w3.org/1999/xlink" pub-type="epub">14679280</issn>
      </journal-meta>
      <article-meta>
         <article-id xmlns:xlink="http://www.w3.org/1999/xlink" pub-id-type="jstor">25835494</article-id>
         <title-group>
            <article-title>A Single Exposure to the American Flag Shifts Support Toward Republicanism up to 8 Months Later</article-title>
         </title-group>
         <contrib-group>
            <contrib>
               <string-name xmlns:xlink="http://www.w3.org/1999/xlink">
                  <given-names>Travis J.</given-names>
                  <surname>Carter</surname>
               </string-name>
            </contrib>
            <contrib>
               <string-name xmlns:xlink="http://www.w3.org/1999/xlink">
                  <given-names>Melissa J.</given-names>
                  <surname>Ferguson</surname>
               </string-name>
            </contrib>
            <contrib>
               <string-name xmlns:xlink="http://www.w3.org/1999/xlink">
                  <given-names>Ran R.</given-names>
                  <surname>Hassin</surname>
               </string-name>
            </contrib>
         </contrib-group>
         <pub-date xmlns:xlink="http://www.w3.org/1999/xlink">
            <day>1</day>
            <month>8</month>
            <year>2011</year>
         </pub-date>
         <volume>22</volume>
         <issue>8</issue>
         <issue-id xmlns:xlink="http://www.w3.org/1999/xlink">i25835485</issue-id>
         <fpage>1011</fpage>
         <lpage>1018</lpage>
         <permissions>
            <copyright-statement>Copyright © 2011 Association for Psychological Science</copyright-statement>
         </permissions>
         <self-uri xmlns:xlink="http://www.w3.org/1999/xlink"
                   xlink:role="external-fulltext-any"
                   xlink:href="http://dx.doi.org/10.1177/0956797611414726"
                   xlink:title="an external site"/>
         <abstract>
            <p>There is scant evidence that incidental cues in the environment significantly alter people's political judgments and behavior in a durable way. We report that a brief exposure to the American flag led to a shift toward Republican beliefs, attitudes, and voting behavior among both Republican and Democratic participants, despite their overwhelming belief that exposure to the flag would not influence their behavior. In Experiment 1, which was conducted online during the 2008 U.S. presidential election, a single exposure to an American flag resulted in a significant increase in participants' Republican voting intentions, voting behavior, political beliefs, and implicit and explicit attitudes, with some effects lasting 8 months after the exposure to the prime. In Experiment 2, we replicated the findings more than a year into the current Democratic presidential term. These results constitute the first evidence that nonconscious priming effects from exposure to a national flag can bias the citizenry toward one political party and can have considerable durability.</p>
         </abstract>
         <custom-meta-group xmlns:xlink="http://www.w3.org/1999/xlink">
            <custom-meta>
               <meta-name>lang</meta-name>
               <meta-value>eng</meta-value>
            </custom-meta>
         </custom-meta-group>
      </article-meta>
   </front>
   <back>
      <ref-list>
         <title>References</title>
         <ref id="d2003e167a1310">
            <mixed-citation id="d2003e171" publication-type="other">
Baker, W. D., &amp; O'Neal, J. R. (2001). Patriotism or opinion
leadership? The nature and origins of the "rally 'round the
flag" effect. Journal of Conflict Resolution, 45, 661-687. doi:
10.1177/0022002701045005006</mixed-citation>
         </ref>
         <ref id="d2003e187a1310">
            <mixed-citation id="d2003e191" publication-type="other">
Baum, M. A., &amp; Jamison, A. S. (2006). The Oprah effect: How soft
news helps inattentive citizens vote consistently. The Journal of
Politics, 68, 946-959. doi: 10.1 lll/j.l468-2508.2006.00482.x</mixed-citation>
         </ref>
         <ref id="d2003e204a1310">
            <mixed-citation id="d2003e208" publication-type="other">
Berger, J., Meredith, M., &amp; Wheeler, S. C. (2008). Contextual
priming: Where people vote affects how they vote. Proceedings
of the National Academy of Sciences, USA, 105, 8846-8849.
doi: 10.1073/pnas.0711988105</mixed-citation>
         </ref>
         <ref id="d2003e224a1310">
            <mixed-citation id="d2003e228" publication-type="other">
Billig, M. (1995). Banal nationalism. London, England: Sage.</mixed-citation>
         </ref>
         <ref id="d2003e236a1310">
            <mixed-citation id="d2003e240" publication-type="other">
Camey, D. R., Jost, J. T., Gosling, S. D., &amp; Potter, J. (2008). The
secret lives of liberals and conservatives: Personality profiles,
interaction styles, and the things they leave behind. Political Psy-
chology, 29, 807-840.</mixed-citation>
         </ref>
         <ref id="d2003e256a1310">
            <mixed-citation id="d2003e260" publication-type="other">
Carter, T. J., Ferguson, M. J., &amp; Hassin, R. R. (2011). Supporting
the American system: The relationship between implicit American
nationalism and system justification. Social Cognition, 29,341-359.</mixed-citation>
         </ref>
         <ref id="d2003e273a1310">
            <mixed-citation id="d2003e277" publication-type="other">
Cook, T. D., &amp; Flay, B. R. (1978). The persistence of experimentally-
induced attitude change. In L. Berkowitz (Ed.), Advances in
experimental social psychology (Vol. 11, pp. 1-57). New York, NY:
Academic Press.</mixed-citation>
         </ref>
         <ref id="d2003e293a1310">
            <mixed-citation id="d2003e297" publication-type="other">
Downs, A. (1959). An economic theory of democracy. New York,
NY: Harper and Row.</mixed-citation>
         </ref>
         <ref id="d2003e307a1310">
            <mixed-citation id="d2003e311" publication-type="other">
Ferguson, M. J., &amp; Hassin, R. R. (2007). On the automatic associa-
tion between America and aggression for news watchers. Person-
ality and Social Psychology Bulletin, 33, 1632-1647.</mixed-citation>
         </ref>
         <ref id="d2003e324a1310">
            <mixed-citation id="d2003e328" publication-type="other">
Gellner, E. (2005). Nations and nationalism. Reno: University of
Nevada Press.</mixed-citation>
         </ref>
         <ref id="d2003e339a1310">
            <mixed-citation id="d2003e343" publication-type="other">
Greenwald, A. G., Carnot, C. G., Beach, R., &amp; Young, B. (1987).
Increasing voting behavior by asking people if they expect to vote.
Journal of Applied Psychology, 72, 315-318. doi: 10.1037/0021-
9010.72.2.315</mixed-citation>
         </ref>
         <ref id="d2003e359a1310">
            <mixed-citation id="d2003e363" publication-type="other">
Greenwald, A. G., Smith, C. T., Sriram, N, Bar-Anan, Y, &amp; Nosek,
B. A. (2009). Implicit race attitudes predicted vote in the 2008
U.S. presidential election. Analyses of Social Issues and Public
Policy, 9, 241-253. doi: 10.1111 /j. 1530-2415.2009.01195.x</mixed-citation>
         </ref>
         <ref id="d2003e379a1310">
            <mixed-citation id="d2003e385" publication-type="other">
Hassin, R. R., Ferguson, M. J., Kardosh, R., Porter, S. C., Carter,
T. J., &amp; Dudareva, V. (2009). Pr cis of implicit nationalism. In
O. Vilarroya, S. Atran, A. Navarro, K. Ochsner, &amp; A. Tobena
(Eds.), Values, empathy, and fairness across social barriers
(pp. 135-145). Hoboken, NJ: Wiley-Blackwell.</mixed-citation>
         </ref>
         <ref id="d2003e404a1310">
            <mixed-citation id="d2003e408" publication-type="other">
Hassin, R. R., Ferguson, M. J., Shidlovski, D., &amp; Gross, L. (2007).
Subliminal exposure to national flags affects political thought
and behavior. Proceedings of the National Academy of Sciences,
USA, 104, 19757-19761. doi:10.1073/pnas.0704679104</mixed-citation>
         </ref>
         <ref id="d2003e424a1310">
            <mixed-citation id="d2003e428" publication-type="other">
Kosterman, R., &amp; Feshbach, S. (1989). Toward a measure of patriotic
and nationalistic attitudes. Political Psychology, 10, 257-27'4.</mixed-citation>
         </ref>
         <ref id="d2003e438a1310">
            <mixed-citation id="d2003e442" publication-type="other">
Kumkale, G. T., &amp; Albarrac n, D. (2004). The sleeper effect in persua-
sion: A meta-analytic review. Psychological Bulletin, 130,143-172.</mixed-citation>
         </ref>
         <ref id="d2003e453a1310">
            <mixed-citation id="d2003e457" publication-type="other">
Lane, K. A., Banaji, M. R., Nosek, B. A., &amp; Greenwald, A. G. (2007).
Understanding and using the Implicit Association Test: IV.
What we know (so far) about the method. In B. Wittenbrink &amp;
N. Schwarz (Eds.), Implicit measures of attitudes (pp. 59-102).
New York, NY: Guilford Press.</mixed-citation>
         </ref>
         <ref id="d2003e476a1310">
            <mixed-citation id="d2003e480" publication-type="other">
Lau, R. R., &amp; Redlawsk, D. P. (1997). Voting correctly. American
Political Science Review, 91, 585.</mixed-citation>
         </ref>
         <ref id="d2003e490a1310">
            <mixed-citation id="d2003e494" publication-type="other">
Mueller, J. E. (1970). Presidential popularity from Truman to John-
son. American Political Science Review, 64, 18-34.</mixed-citation>
         </ref>
         <ref id="d2003e504a1310">
            <mixed-citation id="d2003e508" publication-type="other">
Nosek, B. A., Greenwald, A. G., &amp; Banaji, M. R. (2007). The implicit
association test at age 7: A methodological and conceptual review.
In J. A. Bargh (Ed.), Social psychology and the unconscious: The
aromaticity of higher mental processes (pp. 265-292). New
York, NY: Psychology Press.</mixed-citation>
         </ref>
         <ref id="d2003e527a1310">
            <mixed-citation id="d2003e531" publication-type="other">
Pratkanis, A. R., Greenwald, A. G., Leippe, M. R., &amp; Baumgardner,
M. H. (1988). In search of reliable persuasion effects: III. The
sleeper effect is dead. Long live the sleeper effect. Journal of
Personality and Social Psychology, 54, 203-218.</mixed-citation>
         </ref>
         <ref id="d2003e547a1310">
            <mixed-citation id="d2003e551" publication-type="other">
Rule, N. O., Ambady, N, Adams, R. B., Jr., Ozono, H., Nakashima,
S., Yoshikawa, S., &amp; Watabe, M. (2010). Polling the face: Predic-
tion and consensus across cultures. Journal of Personality and
Social Psychology, 98, 1-15. doi:10.1037/a0017673</mixed-citation>
         </ref>
         <ref id="d2003e568a1310">
            <mixed-citation id="d2003e572" publication-type="other">
Skitka, L. J. (2005). Patriotism or nationalism? Understanding
post-September ll, 2001, flag-display behavior. Journal of
Applied Social Psychology, 55,1995-2011. doi: 10.1111/j. 1559-
1816.2005.tb02206.x</mixed-citation>
         </ref>
         <ref id="d2003e588a1310">
            <mixed-citation id="d2003e592" publication-type="other">
Todorov, A., Mandisodza, A. N., Goren, A., &amp; Hall, C. C. (2005).
Inferences of competence from faces predict election outcomes.
Science, 308, 1623-1626. doi:10.1126/science.H10589</mixed-citation>
         </ref>
      </ref-list>
   </back>
</article>
