<article dtd-version="1.0" article-type="research-article">
   <front>
      <journal-meta>
         <journal-id xmlns:xlink="http://www.w3.org/1999/xlink" journal-id-type="jstor">psychsci</journal-id>
         <journal-id xmlns:xlink="http://www.w3.org/1999/xlink" journal-id-type="jstor">j50000277</journal-id>
         <journal-title-group xmlns:xlink="http://www.w3.org/1999/xlink">
            <journal-title>Psychological Science</journal-title>
         </journal-title-group>
         <publisher>
            <publisher-name>SAGE Publications</publisher-name>
         </publisher>
         <issn xmlns:xlink="http://www.w3.org/1999/xlink" pub-type="ppub">09567976</issn>
         <issn xmlns:xlink="http://www.w3.org/1999/xlink" pub-type="epub">14679280</issn>
      </journal-meta>
      <article-meta>
         <article-id xmlns:xlink="http://www.w3.org/1999/xlink" pub-id-type="jstor">25835421</article-id>
         <article-categories>
            <subj-group>
               <subject>Research Report</subject>
            </subj-group>
         </article-categories>
         <title-group>
            <article-title>Serotonin Transporter Polymorphism Interacts With Childhood Adversity to Predict Aspects of Impulsivity</article-title>
         </title-group>
         <contrib-group>
            <contrib>
               <string-name xmlns:xlink="http://www.w3.org/1999/xlink">
                  <given-names>Charles S.</given-names>
                  <surname>Carver</surname>
               </string-name>
            </contrib>
            <contrib>
               <string-name xmlns:xlink="http://www.w3.org/1999/xlink">
                  <given-names>Sheri L.</given-names>
                  <surname>Johnson</surname>
               </string-name>
            </contrib>
            <contrib>
               <string-name xmlns:xlink="http://www.w3.org/1999/xlink">
                  <given-names>Jutta</given-names>
                  <surname>Joormann</surname>
               </string-name>
            </contrib>
            <contrib>
               <string-name xmlns:xlink="http://www.w3.org/1999/xlink">
                  <given-names>Youngmee</given-names>
                  <surname>Kim</surname>
               </string-name>
            </contrib>
            <contrib>
               <string-name xmlns:xlink="http://www.w3.org/1999/xlink">
                  <given-names>Jennifer Y.</given-names>
                  <surname>Nam</surname>
               </string-name>
            </contrib>
         </contrib-group>
         <pub-date xmlns:xlink="http://www.w3.org/1999/xlink">
            <day>1</day>
            <month>5</month>
            <year>2011</year>
         </pub-date>
         <volume>22</volume>
         <issue>5</issue>
         <issue-id xmlns:xlink="http://www.w3.org/1999/xlink">i25835415</issue-id>
         <fpage>589</fpage>
         <lpage>595</lpage>
         <permissions>
            <copyright-statement>Copyright © 2011 Association for Psychological Science</copyright-statement>
         </permissions>
         <self-uri xmlns:xlink="http://www.w3.org/1999/xlink"
                   xlink:role="external-fulltext-any"
                   xlink:href="http://dx.doi.org/10.1177/0956797611404085"
                   xlink:title="an external site"/>
         <abstract>
            <p>The serotonin transporter polymorphism has been linked—often in interaction with environmental adversity—to a variety of outcomes, including affective disorders. This polymorphism is widely viewed as relating to anxiety traits. A different view is that it relates instead to impulsivity (vs. control) in reacting to emotions. In a test of the latter view, 303 students were genotyped on this polymorphism and completed self-reports bearing on impulsive reactions to emotions (including both negative and positive emotions in separate measures), impulsive tendencies that do not stem from emotions, and childhood adversity. The impulsivity measures reflected three latent variables: pervasive influence of feelings, feelings (including positive feelings) triggering action, and failure to carry through on intentions (with no mention of emotion). Interactions between genotype and adversity emerged for both emotion-related aspects of impulsivity. Theoretical implications of the findings are discussed.</p>
         </abstract>
         <custom-meta-group xmlns:xlink="http://www.w3.org/1999/xlink">
            <custom-meta>
               <meta-name>lang</meta-name>
               <meta-value>eng</meta-value>
            </custom-meta>
         </custom-meta-group>
      </article-meta>
   </front>
   <back>
      <ref-list>
         <title>References</title>
         <ref id="d10305e210a1310">
            <mixed-citation id="d10305e214" publication-type="other">
Beitchman, J.H., Davidge, K.M., Kennedy, J.L., Atkinson, L., Lee,
V., Shapiro, S., &amp; Douglas, L. (2003). The serotonin transporter
gene in aggressive children with and without ADHD and nonag-
gressive matched controls. Annals of the New York Academy of
Sciences, 1008, 248-251.</mixed-citation>
         </ref>
         <ref id="d10305e233a1310">
            <mixed-citation id="d10305e237" publication-type="other">
Belsky, J., &amp; Pluess, M. (2009). Beyond diathesis stress: Differential
susceptibility to environmental influences. Psychological Bulle-
tin, 135, 885-908.</mixed-citation>
         </ref>
         <ref id="d10305e250a1310">
            <mixed-citation id="d10305e254" publication-type="other">
Carver, C.S., Johnson, S.L., &amp; Joormann, J. (2008). Serotonergic
function, two-mode models of self-regulation, and vulnerability
to depression: What depression has in common with impulsive
aggression. Psychological Bulletin, 134, 912-943.</mixed-citation>
         </ref>
         <ref id="d10305e270a1310">
            <mixed-citation id="d10305e274" publication-type="other">
Carver, C.S., Johnson, S.L., Joormann, J., LeMoult, J., &amp; Cuccaro,
M.L. (in press). Childhood adversity interacts separately with
5-HTTLPR and BDNF to predict lifetime depression diagnosis.
Journal of Affective Disorders.</mixed-citation>
         </ref>
         <ref id="d10305e291a1310">
            <mixed-citation id="d10305e295" publication-type="other">
Carver, C.S., La Voie, L., Kuhl, J., &amp; Ganellen, R.J. (1988). Cog-
nitive concomitants of depression: A further examination of the
roles of generalization, high standards, and self-criticism. Jour-
nal ofSocial and Clinical Psychology, 7, 350-365.</mixed-citation>
         </ref>
         <ref id="d10305e311a1310">
            <mixed-citation id="d10305e315" publication-type="other">
Caspi, A., Hariri, A.R., Holmes, A., Uher, R., &amp; Moffitt, T.E. (2010).
Genetic sensitivity to the environment: The case of the serotonin
transporter gene and its implications for studying complex dis-
eases and traits. American Journal ofPsychiatry, 167, 502-527.</mixed-citation>
         </ref>
         <ref id="d10305e331a1310">
            <mixed-citation id="d10305e335" publication-type="other">
Caspi, A., Sugden, K., Moffitt, T.E., Taylor, A., Craig, I.W.,
Harrington, H., et al. (2003). Influence of life stress on depres-
sion: Moderation by a polymorphism in the 5-HTT gene. Science,
301, 386-389.</mixed-citation>
         </ref>
         <ref id="d10305e351a1310">
            <mixed-citation id="d10305e355" publication-type="other">
Cole, S.W. (2009). Social regulation of gene expression. Current
Directions in Psychological Science, 18, 132-137.</mixed-citation>
         </ref>
         <ref id="d10305e365a1310">
            <mixed-citation id="d10305e369" publication-type="other">
Cyders, M.A., Smith, G.T., Spillane, N.S., Fischer, S., Annus, A.M.,
&amp; Peterson, C. (2007). Integration of impulsivity and positive
mood to predict risky behavior: Development and validation of
a measure of positive urgency. Psychological Assessment, 19,
107-118.</mixed-citation>
         </ref>
         <ref id="d10305e388a1310">
            <mixed-citation id="d10305e392" publication-type="other">
Depue, R.A. (1995). Neurobiological factors in personality and
depression. European Journal ofPersonality, 9, 413-439.</mixed-citation>
         </ref>
         <ref id="d10305e403a1310">
            <mixed-citation id="d10305e407" publication-type="other">
Depue, R.A., &amp; Lenzenweger, M.F. (2005). A neurobiological dimen-
sional model of personality disturbance. In M.F. Lenzenweger &amp;
J.F. Clarkin (Eds.). Major theories of personality disorder (2nd
ed., pp. 391-455). New York, NY: Guilford Press.</mixed-citation>
         </ref>
         <ref id="d10305e423a1310">
            <mixed-citation id="d10305e427" publication-type="other">
Depue, R.A., &amp; Spoont, M.R. (1986). Conceptualizing a serotonin
trait: A behavioral dimension of constraint. Annals of the New
York Academy of Sciences, 487, 47-62.</mixed-citation>
         </ref>
         <ref id="d10305e440a1310">
            <mixed-citation id="d10305e444" publication-type="other">
Frijda, N.H. (1986). The emotions. Cambridge, England: Cambridge
University Press.</mixed-citation>
         </ref>
         <ref id="d10305e454a1310">
            <mixed-citation id="d10305e458" publication-type="other">
Jackson, J.J., Wood, D., Bogg, T., Walton, K.E., Harms, P.D., &amp;
Roberts, B.W. (2010). What do conscientious people do? Devel-
opment and validation of the Behavioral Indicators of Consci-
entiousness (BIC). Journal of Research in Personality, 44,
501-511.</mixed-citation>
         </ref>
         <ref id="d10305e477a1310">
            <mixed-citation id="d10305e481" publication-type="other">
Lesch, K.-P., Bengel, D., Heils, A., Sabol, S.Z., Greenberg, B.D.,
Petri, S., et al. (1996). Association of anxiety-related traits with
a polymorphism in the serotonin transporter gene regulatory
region. Science, 274, 1527-1531.</mixed-citation>
         </ref>
         <ref id="d10305e497a1310">
            <mixed-citation id="d10305e501" publication-type="other">
Lesch, K.-P., &amp; Canli, T. (2006). 5-HTIA receptor and anxiety-related
traits. In T. Canli (Ed.), Biology ofpersonality and individual dif-
ferences (pp. 273-294). New York, NY: Guilford Press.</mixed-citation>
         </ref>
         <ref id="d10305e515a1310">
            <mixed-citation id="d10305e519" publication-type="other">
Manuck, S.B., Kaplan, J.R., &amp; Lotrich, F.E. (2006). Brain serotonin
and aggressive disposition in humans and nonhuman primates. In
R.J. Nelson (Ed.), Biology ofaggression (pp. 65-102). New York,
NY: Oxford University Press.</mixed-citation>
         </ref>
         <ref id="d10305e535a1310">
            <mixed-citation id="d10305e539" publication-type="other">
Munaf6, M.R., Brown, S.M., &amp; Hariri, A.R. (2008). Serotonin trans-
porter (5-HTTLPR) genotype and amygdala activation: A meta-
analysis. Biological Psychiatry, 63, 852-857.</mixed-citation>
         </ref>
         <ref id="d10305e552a1310">
            <mixed-citation id="d10305e556" publication-type="other">
Neumeister, A., Hu, X., Luckenbaugh, D.A., Schwarz, M., Nugent,
A.C., Bonne, 0., et al. (2006). Differential effects of 5-HTTLPR
genotypes on the behavioral and neural responses to tryptophan
depletion in patients with major depression and controls. Archives
of General Psychiatry, 63, 978-986.</mixed-citation>
         </ref>
         <ref id="d10305e575a1310">
            <mixed-citation id="d10305e579" publication-type="other">
Spoont, M.R. (1992). Modulatory role of serotonin in neural informa-
tion processing: Implications for human psychopathology. Psy-
chological Bulletin, 112, 330-350.</mixed-citation>
         </ref>
         <ref id="d10305e592a1310">
            <mixed-citation id="d10305e596" publication-type="other">
Tangney, J.P., Baumeister, R.F., &amp; Boone, A.L. (2004). High self-
control predicts good adjustment, less pathology, better grades,
and interpersonal success. Journal of Personality, 72, 271-324.</mixed-citation>
         </ref>
         <ref id="d10305e609a1310">
            <mixed-citation id="d10305e613" publication-type="other">
Taylor, S.E., Lerner, J.S., Sage, R.M., Lehman, B.J., &amp; Seeman,
T.E. (2004). Early environment, emotions, responses to stress,
and health. Journal of Personality, 72, 1365-1393.</mixed-citation>
         </ref>
         <ref id="d10305e627a1310">
            <mixed-citation id="d10305e631" publication-type="other">
Taylor, S.E., Way, B.M., Welch, W.T., Hilmert, C.J., Lehman, B.J.,
&amp; Eisenberger, N.I. (2006). Early family environment, current
adversity, the serotonin transporter promoter polymorphism, and
depressive symptomatology. Biological Psychiatry, 60, 671-676.</mixed-citation>
         </ref>
         <ref id="d10305e647a1310">
            <mixed-citation id="d10305e651" publication-type="other">
Uher, R., &amp; McGuffin, P. (2010). The moderation by the serotonin
transporter gene of environmental adversity in the aetiology of
depression: 2009 update. Molecular Psychiatry, 15, 18-22.</mixed-citation>
         </ref>
         <ref id="d10305e664a1310">
            <mixed-citation id="d10305e668" publication-type="other">
Whiteside, S.P., &amp; Lynam, D.R. (2001). The Five Factor Model and
impulsivity: Using a structural model of personality to understand
impulsivity. Personality and Individual Differences, 30, 669-689.</mixed-citation>
         </ref>
      </ref-list>
   </back>
</article>
