<article dtd-version="1.0" article-type="research-article">
   <front>
      <journal-meta>
         <journal-id xmlns:xlink="http://www.w3.org/1999/xlink" journal-id-type="jstor">psychsci</journal-id>
         <journal-id xmlns:xlink="http://www.w3.org/1999/xlink" journal-id-type="jstor">j50000277</journal-id>
         <journal-title-group xmlns:xlink="http://www.w3.org/1999/xlink">
            <journal-title>Psychological Science</journal-title>
         </journal-title-group>
         <publisher>
            <publisher-name>SAGE Publications</publisher-name>
         </publisher>
         <issn xmlns:xlink="http://www.w3.org/1999/xlink" pub-type="ppub">09567976</issn>
         <issn xmlns:xlink="http://www.w3.org/1999/xlink" pub-type="epub">14679280</issn>
      </journal-meta>
      <article-meta>
         <article-id xmlns:xlink="http://www.w3.org/1999/xlink" pub-id-type="jstor">25835428</article-id>
         <title-group>
            <article-title>A Double Dissociation of Implicit and Explicit Memory in Younger and Older Adults</article-title>
         </title-group>
         <contrib-group>
            <contrib>
               <string-name xmlns:xlink="http://www.w3.org/1999/xlink">
                  <given-names>Nigel</given-names>
                  <surname>Gopie</surname>
               </string-name>
            </contrib>
            <contrib>
               <string-name xmlns:xlink="http://www.w3.org/1999/xlink">
                  <given-names>Fergus I.M.</given-names>
                  <surname>Craik</surname>
               </string-name>
            </contrib>
            <contrib>
               <string-name xmlns:xlink="http://www.w3.org/1999/xlink">
                  <given-names>Lynn</given-names>
                  <surname>Hasher</surname>
               </string-name>
            </contrib>
         </contrib-group>
         <pub-date xmlns:xlink="http://www.w3.org/1999/xlink">
            <day>1</day>
            <month>5</month>
            <year>2011</year>
         </pub-date>
         <volume>22</volume>
         <issue>5</issue>
         <issue-id xmlns:xlink="http://www.w3.org/1999/xlink">i25835415</issue-id>
         <fpage>634</fpage>
         <lpage>640</lpage>
         <permissions>
            <copyright-statement>Copyright © 2011 Association for Psychological Science</copyright-statement>
         </permissions>
         <self-uri xmlns:xlink="http://www.w3.org/1999/xlink"
                   xlink:role="external-fulltext-any"
                   xlink:href="http://dx.doi.org/10.1177/0956797611403321"
                   xlink:title="an external site"/>
         <abstract>
            <p>This study examined whether age-related differences in cognition influence later memory for irrelevant, or distracting, information. In Experiments 1 and 2, older adults had greater implicit memory for irrelevant information than younger adults did. When explicit memory was assessed, however, the pattern of results reversed: Younger adults performed better than older adults on an explicit memory test for the previously irrelevant information, and older adults performed less well than they had on the implicit test. Experiment 3 investigated whether this differential pattern was attributable to an age-related decline in encoding resources, by reducing the encoding resources of younger adults with a secondary task; their performance perfectly simulated the pattern shown by the older adults in the first two experiments. Both older and younger adults may remember irrelevant information, but they remember it in different ways because of age-related changes in how information is processed at encoding and utilized at retrieval.</p>
         </abstract>
         <custom-meta-group xmlns:xlink="http://www.w3.org/1999/xlink">
            <custom-meta>
               <meta-name>lang</meta-name>
               <meta-value>eng</meta-value>
            </custom-meta>
         </custom-meta-group>
      </article-meta>
   </front>
   <back>
      <ref-list>
         <title>References</title>
         <ref id="d10297e158a1310">
            <mixed-citation id="d10297e162" publication-type="other">
Campbell, K.L., Hasher, L., &amp; Thomas, R.C. (2010). Hyper-binding:
A unique age effect. Psychological Science, 21, 399-405.</mixed-citation>
         </ref>
         <ref id="d10297e172a1310">
            <mixed-citation id="d10297e176" publication-type="other">
Castel, A.D., &amp; Craik, F.I.M. (2003). The effects of aging and divided
attention on memory for item and associative information. Psy-
chology andAging, 18, 873-885.</mixed-citation>
         </ref>
         <ref id="d10297e189a1310">
            <mixed-citation id="d10297e193" publication-type="other">
Craik, F.I.M. (1983). On the transfer of information from temporary
to permanent memory. Philosophical Transactions of the Royal
Society B: Biological Sciences, 302, 341-359.</mixed-citation>
         </ref>
         <ref id="d10297e206a1310">
            <mixed-citation id="d10297e210" publication-type="other">
Craik, F.I.M. (1986). A functional account of age differences in mem-
ory. In F. Klix &amp; H. Hagendorf (Eds.), Human memory and cog-
nitive capabilities, mechanisms and performances (pp. 409-422).
Amsterdam, The Netherlands: Elsevier.</mixed-citation>
         </ref>
         <ref id="d10297e227a1310">
            <mixed-citation id="d10297e231" publication-type="other">
Craik, F.I.M., &amp; Byrd, M. (1982). Aging and cognitive deficits:
The role of attentional resources. In F.I.M. Craik &amp; S.E. Trehub
(Eds.), Aging and cognitive processes (pp. 191-211). New York,
NY: Plenum Press.</mixed-citation>
         </ref>
         <ref id="d10297e247a1310">
            <mixed-citation id="d10297e251" publication-type="other">
Craik, F.I.M., Moscovitch, M., &amp; McDowd, J.M. (1994). Contribu-
tions of surface and conceptual information to performance on
implicit and explicit memory tasks. Journal ofExperimental Psy-
chology: Learning, Memory, and Cognition, 20, 864-875.</mixed-citation>
         </ref>
         <ref id="d10297e267a1310">
            <mixed-citation id="d10297e271" publication-type="other">
Craik, F.I.M., &amp; Simon, E. (1980). Age differences in memory: The
role of attention and depth of processing. In L. Poon, J.L. Fozard,
L.S. Cermak, D. Arenberg, &amp; L.W. Thompson (Eds.), New direc-
tions in memory and aging (pp. 95-112). Hillsdale, NJ: Erlbaum.</mixed-citation>
         </ref>
         <ref id="d10297e287a1310">
            <mixed-citation id="d10297e291" publication-type="other">
Dywan, J., &amp; Murphy, W.E. (1996). Aging and inhibitory control in
text comprehension. Psychology and Aging, 11, 199-206.</mixed-citation>
         </ref>
         <ref id="d10297e301a1310">
            <mixed-citation id="d10297e305" publication-type="other">
Folstein, M.F., Folstein, S.E., &amp; McHugh, P.R. (1975). "Mini-Mental
State": Apractical method for grading the cognitive state of patients
for the clinician. Journal ofPsychiatric Research, 12, 189-198.</mixed-citation>
         </ref>
         <ref id="d10297e318a1310">
            <mixed-citation id="d10297e322" publication-type="other">
Hasher, L., &amp; Zacks, R.T. (1979). Automatic and effortful processes
in memory. Journal of Experimental Psychology: General, 108,
356-388.</mixed-citation>
         </ref>
         <ref id="d10297e336a1310">
            <mixed-citation id="d10297e340" publication-type="other">
Hasher, L., &amp; Zacks, R.T. (1988). Working memory, comprehension,
and aging: A review and a new view. In G.H. Bower (Ed.), The
psychology of learning and motivation (Vol. 22, 193-225). New
York, NY: Academic Press.</mixed-citation>
         </ref>
         <ref id="d10297e356a1310">
            <mixed-citation id="d10297e360" publication-type="other">
Hasher, L., Zacks, R.T., &amp; May, C.P. (1999). Inhibitory control,
circadian arousal, and age. In D. Gopher &amp; A. Koriat (Eds.),
Attention and performance XVII: Cognitive regulation of per-
formance: Interaction of theory and application (pp. 653-675).
Cambridge, MA: MIT Press.</mixed-citation>
         </ref>
         <ref id="d10297e379a1310">
            <mixed-citation id="d10297e383" publication-type="other">
Healey, M.K., Campbell, K.L., &amp; Hasher, L. (2008). Cognitive
aging and increased distractibility: Costs and potential benefits.
In W.S. Sossin, J.C. Lacaille, V.F. Castellucci, &amp; S. Belleville
(Eds.), Essence of memory (Progress in Brain Research Vol. 169,
pp. 353-363). Amsterdam, The Netherlands: Elsevier.</mixed-citation>
         </ref>
         <ref id="d10297e402a1310">
            <mixed-citation id="d10297e406" publication-type="other">
Jacoby, L.L. (1983). Remembering the data: Analyzing interactive
processes in reading. Journal of Verbal Learning and Verbal
Behaviour, 22, 485-508.</mixed-citation>
         </ref>
         <ref id="d10297e419a1310">
            <mixed-citation id="d10297e423" publication-type="other">
Jacoby, L.L., Shimizu, Y., Daniels, K.A., &amp; Rhodes, M.G. (2005).
Modes of cognitive control in recognition and source mem-
ory: Depth of retrieval. Psychonomic Bulletin &amp; Review, 12,
852-857.</mixed-citation>
         </ref>
         <ref id="d10297e439a1310">
            <mixed-citation id="d10297e443" publication-type="other">
Jacoby, L.L., Shimizu, Y., Velanova, K., &amp; Rhodes, M.G. (2005). Age
differences in depth of retrieval: Memory for foils. Journal of
Memory and Language, 52, 493-504.</mixed-citation>
         </ref>
         <ref id="d10297e457a1310">
            <mixed-citation id="d10297e461" publication-type="other">
Kemper, S., McDowd, J., Metcalf, K., &amp; Liu, C.-J. (2008). Young and
older adults' reading of distracters. Educational Gerontology, 34,
489-502.</mixed-citation>
         </ref>
         <ref id="d10297e474a1310">
            <mixed-citation id="d10297e478" publication-type="other">
Kim, S., Hasher, L., &amp; Zacks, R.T. (2007). Aging and a benefit of
distractibility. Psychonomic Bulletin &amp; Review, 14, 301-305.</mixed-citation>
         </ref>
         <ref id="d10297e488a1310">
            <mixed-citation id="d10297e492" publication-type="other">
McCauley, M.E., Eskes, G., &amp; Moscovitch, M. (1996). The effect of
imagery on explicit and implicit tests of memory in young and
old people: A double dissociation. Canadian Journal of Experi-
mental Psychology, 50, 34-40.</mixed-citation>
         </ref>
         <ref id="d10297e508a1310">
            <mixed-citation id="d10297e512" publication-type="other">
Morris, C.D., Bransford, J.D., &amp; Franks, J.J. (1977). Levels of pro-
cessing versus transfer appropriate processing. Journal of Verbal
Learning and Verbal Behavior, 16, 519-533.</mixed-citation>
         </ref>
         <ref id="d10297e525a1310">
            <mixed-citation id="d10297e529" publication-type="other">
Moscovitch, M. (1992). Memory and working-with-memory: A com-
ponent process model based on modules and central systems.
Journal of Cognitive Neuroscience, 4, 257-267.</mixed-citation>
         </ref>
         <ref id="d10297e542a1310">
            <mixed-citation id="d10297e546" publication-type="other">
Moscovitch, M. (1994). Cognitive resources and dual-task inter-
ference effects at retrieval in normal people: The role of the
frontal lobes and medial temporal cortex. Neuropsychology, 8,
524-534.</mixed-citation>
         </ref>
         <ref id="d10297e563a1310">
            <mixed-citation id="d10297e567" publication-type="other">
Moscovitch, M., &amp; Winocur, G. (1992). The neuropsychology of
memory and aging. In F.I.M. Craik &amp; T.A. Salthouse (Eds.), The
handbook of aging and cognition (pp. 315-372). Hillsdale, NJ:
Erlbaum.</mixed-citation>
         </ref>
         <ref id="d10297e583a1310">
            <mixed-citation id="d10297e587" publication-type="other">
Roediger, H.L., III, &amp; Blaxton, T.A. (1987). Retrieval modes produce
dissociations in memory for surface information. In D. Gorfein
&amp; R.R. Hoffman (Eds.), Memory and cognitive processes: The
Ebbinghaus Centennial Conference (pp. 349-379). Hillsdale, NJ:
Erlbaum.</mixed-citation>
         </ref>
         <ref id="d10297e606a1310">
            <mixed-citation id="d10297e610" publication-type="other">
Roediger, H.L., III, Weldon, M.S., &amp; Challis, B.H. (1989). Explain-
ing dissociations between implicit and explicit measures of reten-
tion: A processing account. In H.L. Roediger &amp; F.I.M. Craik
(Eds.), Varieties ofmemory and consciousness: Essays in honour
ofEndel Tulving (pp. 3-41). Hillsdale, NJ: Erlbaum.</mixed-citation>
         </ref>
         <ref id="d10297e629a1310">
            <mixed-citation id="d10297e633" publication-type="other">
Rowe, G., Valderrama, S., Hasher, L., &amp; Lenartowicz, A. (2006).
Attentional disregulation: A benefit for implicit memory. Psy-
chology and Aging, 21, 826-830.</mixed-citation>
         </ref>
         <ref id="d10297e646a1310">
            <mixed-citation id="d10297e650" publication-type="other">
Shipley, W.C. (1976). Institute of Living Scale. Los Angeles, CA:
Western Psychological Services.</mixed-citation>
         </ref>
         <ref id="d10297e660a1310">
            <mixed-citation id="d10297e664" publication-type="other">
Thomas, R.C., &amp; Hasher, L. (2010). Reflections of distraction in
memory. Implicit and explicit transfer of knowledge by younger
and older adults. Manuscript submitted for publication.</mixed-citation>
         </ref>
         <ref id="d10297e678a1310">
            <mixed-citation id="d10297e682" publication-type="other">
Troyer, A.K., &amp; Craik, FI.M. (2000). The effects of divided atten-
tion on memory for items and their context. Canadian Journal of
Experimental Psychology, 54, I161I-171.</mixed-citation>
         </ref>
      </ref-list>
   </back>
</article>
