<article dtd-version="1.0" article-type="research-article">
   <front>
      <journal-meta>
         <journal-id xmlns:xlink="http://www.w3.org/1999/xlink" journal-id-type="jstor">psychsci</journal-id>
         <journal-id xmlns:xlink="http://www.w3.org/1999/xlink" journal-id-type="jstor">j50000277</journal-id>
         <journal-title-group xmlns:xlink="http://www.w3.org/1999/xlink">
            <journal-title>Psychological Science</journal-title>
         </journal-title-group>
         <publisher>
            <publisher-name>SAGE Publications</publisher-name>
         </publisher>
         <issn xmlns:xlink="http://www.w3.org/1999/xlink" pub-type="ppub">09567976</issn>
         <issn xmlns:xlink="http://www.w3.org/1999/xlink" pub-type="epub">14679280</issn>
      </journal-meta>
      <article-meta>
         <article-id xmlns:xlink="http://www.w3.org/1999/xlink" pub-id-type="jstor">25835382</article-id>
         <title-group>
            <article-title>Recovering From Conflict in Romantic Relationships: A Developmental Perspective</article-title>
         </title-group>
         <contrib-group>
            <contrib>
               <string-name xmlns:xlink="http://www.w3.org/1999/xlink">
                  <given-names>Jessica E.</given-names>
                  <surname>Salvatore</surname>
               </string-name>
            </contrib>
            <contrib>
               <string-name xmlns:xlink="http://www.w3.org/1999/xlink">
                  <given-names>Sally I-Chun</given-names>
                  <surname>Kuo</surname>
               </string-name>
            </contrib>
            <contrib>
               <string-name xmlns:xlink="http://www.w3.org/1999/xlink">
                  <given-names>Ryan D.</given-names>
                  <surname>Steele</surname>
               </string-name>
            </contrib>
            <contrib>
               <string-name xmlns:xlink="http://www.w3.org/1999/xlink">
                  <given-names>Jeffry A.</given-names>
                  <surname>Simpson</surname>
               </string-name>
            </contrib>
            <contrib>
               <string-name xmlns:xlink="http://www.w3.org/1999/xlink">
                  <given-names>W. Andrew</given-names>
                  <surname>Collins</surname>
               </string-name>
            </contrib>
         </contrib-group>
         <pub-date xmlns:xlink="http://www.w3.org/1999/xlink">
            <day>1</day>
            <month>3</month>
            <year>2011</year>
         </pub-date>
         <volume>22</volume>
         <issue>3</issue>
         <issue-id xmlns:xlink="http://www.w3.org/1999/xlink">i25835366</issue-id>
         <fpage>376</fpage>
         <lpage>383</lpage>
         <permissions>
            <copyright-statement>Copyright © 2011 Association for Psychological Science</copyright-statement>
         </permissions>
         <self-uri xmlns:xlink="http://www.w3.org/1999/xlink"
                   xlink:role="external-fulltext-any"
                   xlink:href="http://dx.doi.org/10.1177/0956797610397055"
                   xlink:title="an external site"/>
         <abstract>
            <p>This study adopted a developmental perspective on recovery from conflict in romantic relationships. Participants were 73 young adults (target participants), studied since birth, and their romantic partners. A novel observational coding scheme was used to evaluate each participant's degree of conflict recovery, operationalized as the extent to which the participant disengaged from conflict during a 4-min "cool-down" task immediately following a 10-min conflict discussion. Conflict recovery was systematically associated with developmental and dyadic processes. Targets who were rated as securely attached more times in infancy recovered from conflict better, as did their romantic partners. Concurrently, having a romantic partner who displayed better recovery predicted more positive relationship emotions and greater relationship satisfaction. Prospectively, target participants' early attachment security and their partners' degree of conflict recovery interacted to predict relationship stability 2 years later, such that having a partner who recovered from conflict better buffered targets with insecure histories.</p>
         </abstract>
         <custom-meta-group xmlns:xlink="http://www.w3.org/1999/xlink">
            <custom-meta>
               <meta-name>lang</meta-name>
               <meta-value>eng</meta-value>
            </custom-meta>
         </custom-meta-group>
      </article-meta>
   </front>
   <back>
      <ref-list>
         <title>References</title>
         <ref id="d1003e210a1310">
            <mixed-citation id="d1003e214" publication-type="other">
Ainsworth, M., Blehar, M., Waters, E., &amp; Wall, S. (1978). Patterns of
attachment. Hillsdale, NJ: Erlbaum.</mixed-citation>
         </ref>
         <ref id="d1003e224a1310">
            <mixed-citation id="d1003e228" publication-type="other">
Berk, M.S., &amp; Andersen, S.M. (2000). The impact of past relation-
ships on interpersonal behavior: Behavioral confirmation in the
social-cognitive process of transference. Journal of Personality
and Social Psychology, 79, 546-562.</mixed-citation>
         </ref>
         <ref id="d1003e244a1310">
            <mixed-citation id="d1003e248" publication-type="other">
Berscheid, E., Snyder, M., &amp; Omoto, A.M. (1989). The Relationship
Closeness Inventory: Assessing the closeness of interpersonal
relationships. Journal of Personality and Social Psychology, 57,
792-807.</mixed-citation>
         </ref>
         <ref id="d1003e264a1310">
            <mixed-citation id="d1003e268" publication-type="other">
Bowlby, J. (1973). Attachment and loss: Vol. 2. Separation: Anxiety
and anger. New York, NY: Basic Books.</mixed-citation>
         </ref>
         <ref id="d1003e279a1310">
            <mixed-citation id="d1003e283" publication-type="other">
Bowlby, J. (1980). Attachment and loss: Vol. 3. Loss: Sadness and
depression. New York, NY: Basic Books.</mixed-citation>
         </ref>
         <ref id="d1003e293a1310">
            <mixed-citation id="d1003e297" publication-type="other">
Carlson, E.A., Sroufe, L.A., &amp; Egeland, B. (2004). The construction
of experience: A longitudinal study of representation and behav-
ior. Child Development, 75, 66-83.</mixed-citation>
         </ref>
         <ref id="d1003e310a1310">
            <mixed-citation id="d1003e314" publication-type="other">
Cassidy, J. (1994). Emotion regulation: Influences of attachment
relationships. Monographs of the Society for Research in Child
Development, 59(2-3), 228-249.</mixed-citation>
         </ref>
         <ref id="d1003e327a1310">
            <mixed-citation id="d1003e331" publication-type="other">
Collins, W.A., Aguilar, B., Hennighausen, K., Hyson, D., Jimerson,
S., &amp; Levy, A. (1999). Scales and coding manual for observed
interactions in romantic relationships. Unpublished manuscript,
University of Minnesota, Minneapolis, MN.</mixed-citation>
         </ref>
         <ref id="d1003e347a1310">
            <mixed-citation id="d1003e351" publication-type="other">
Cox, M.J. (1991). Marital and parent-child relationships study. Unpub-
lished manuscript, University of North Carolina, Chapel Hill, NC.</mixed-citation>
         </ref>
         <ref id="d1003e361a1310">
            <mixed-citation id="d1003e365" publication-type="other">
Cutrona, C.E. (1996). Social support in couples: Marriage as a
resource in times of stress. Newbury Park, CA: Sage.</mixed-citation>
         </ref>
         <ref id="d1003e376a1310">
            <mixed-citation id="d1003e380" publication-type="other">
Gottman, J., Notarious, C, Markman, H., Bank, S., Yoppi, B., &amp; Rubin,
M.E. (1976). Behavior exchange theory and marital decision mak-
ing. Journal of Personality and Social Psychology, 34, 14-23.</mixed-citation>
         </ref>
         <ref id="d1003e393a1310">
            <mixed-citation id="d1003e397" publication-type="other">
Gottman, J.M. (1994). What predicts divorce? The relationship between
marital processes and marital outcomes. Hillsdale, NJ: Erlbaum.</mixed-citation>
         </ref>
         <ref id="d1003e407a1310">
            <mixed-citation id="d1003e411" publication-type="other">
Gottman, J.M., &amp; Levenson, R.W. (1999). Rebound from marital
conflict and divorce prediction. Family Process, 38, 287-292.</mixed-citation>
         </ref>
         <ref id="d1003e421a1310">
            <mixed-citation id="d1003e425" publication-type="other">
Gross, J.J., &amp; Thompson, R.A. (2007). Emotion regulation: Concep-
tual foundations. In J.J. Gross (Ed.), Handbook of emotion regu-
lation (pp. 3-24). New York, NY: Guilford Press.</mixed-citation>
         </ref>
         <ref id="d1003e438a1310">
            <mixed-citation id="d1003e442" publication-type="other">
Hayes, A.R, &amp; Matthes, J. (2009). Computational procedures for
probing interactions in OLS and logistic regression: SPSS and
SAS implementations. Behavior Research Methods, 41,924-936.</mixed-citation>
         </ref>
         <ref id="d1003e455a1310">
            <mixed-citation id="d1003e459" publication-type="other">
Hendrick, S.S. (1988). A generic measure of relationship satisfaction.
Journal of Marriage and the Family, 50, 93-98.</mixed-citation>
         </ref>
         <ref id="d1003e470a1310">
            <mixed-citation id="d1003e474" publication-type="other">
Kenny, D.A., Kashy, D.A., &amp; Cook, W.L. (2006). The analysis of
dyadic data. New York, NY: Guilford Press.</mixed-citation>
         </ref>
         <ref id="d1003e484a1310">
            <mixed-citation id="d1003e488" publication-type="other">
Kobak, R.R., &amp; Sceery, A. (1988). Attachment in late adolescence:
Working models, affect regulation, and representations of self
and others. Child Development, 59, 135-146.</mixed-citation>
         </ref>
         <ref id="d1003e501a1310">
            <mixed-citation id="d1003e505" publication-type="other">
Kunce, L.J., &amp; Shaver, P.R. (1994). An attachment-theoretical approach
to caregiving in romantic relationships. In K. Bartholomew &amp; D.
Perlman(Eds.), Advances in personal relationships: Vol. 5. Attach-
ment processes in adulthood (pp. 205-237). London, England:
Jessica Kingsley.</mixed-citation>
         </ref>
         <ref id="d1003e524a1310">
            <mixed-citation id="d1003e528" publication-type="other">
Lund, M. (1985). The development of investment and commitment
scales for predicting continuity of personal relationships. Journal
of Social and Personal Relationships, 2, 3-23.</mixed-citation>
         </ref>
         <ref id="d1003e541a1310">
            <mixed-citation id="d1003e545" publication-type="other">
McHale, J.P., Lauretti, A., Talbot, J., &amp; Pouquette, C. (2002). Retro-
spect and prospect in the psychological study of coparenting and
family group process. In J.P. McHale &amp; W.S. Grolnick (Eds.),
Retrospect and prospect in the psychological study of families
(pp. 127-165). Mahwah,NJ: Erlbaum.</mixed-citation>
         </ref>
         <ref id="d1003e564a1310">
            <mixed-citation id="d1003e568" publication-type="other">
Rholes, W.S., Simpson, J.A., Campbell, L., &amp; Grich, J. (2001). Adult
attachment and the transition to parenthood. Journal of Personal-
ity and Social Psychology, 81,421-435.</mixed-citation>
         </ref>
         <ref id="d1003e582a1310">
            <mixed-citation id="d1003e586" publication-type="other">
Roisman, G.I., Collins, W.A., Sroufe, L.A., &amp; Egeland, B. (2005).
Predictors of young adults' representations of and behavior
in their current romantic relationship: Prospective tests of the
prototype hypothesis. Attachment &amp; Human Development, 7,
105-121.</mixed-citation>
         </ref>
         <ref id="d1003e605a1310">
            <mixed-citation id="d1003e609" publication-type="other">
Roisman, G.I., Madsen, S.D., Hennighausen, K.H., Sroufe, L.A., &amp;
Collins, W.A. (2001). The coherence of dyadic behavior across
parent-child and romantic relationships as mediated by the inter-
nalized representation of experience. Attachment &amp; Human
Development, 3, 156-172.</mixed-citation>
         </ref>
         <ref id="d1003e628a1310">
            <mixed-citation id="d1003e632" publication-type="other">
Ronka, A., Oravala, S., &amp; Pulkkinen, L. (2002). "I met this wife of
mine and things got onto a better track": Turning points in risk
development. Journal of Adolescence, 25,47-63.</mixed-citation>
         </ref>
         <ref id="d1003e645a1310">
            <mixed-citation id="d1003e649" publication-type="other">
Schore, A.N. (2005). Back to basics: Attachment, affect regulation,
and the developing right brain: Linking developmental neurosci-
ence to pediatrics. Pediatrics in Review, 26, 204-217.</mixed-citation>
         </ref>
         <ref id="d1003e662a1310">
            <mixed-citation id="d1003e666" publication-type="other">
Simpson, J.A., Collins, W.A., Tran, S., &amp; Haydon, K.C. (2007).
Attachment and the experience and expression of emotions in
romantic relationships: A developmental perspective. Journal of
Personality and Social Psychology, 92, 355-367.</mixed-citation>
         </ref>
         <ref id="d1003e682a1310">
            <mixed-citation id="d1003e686" publication-type="other">
Sroufe, L.A., Egeland, B., Carlson, E.A., &amp; Collins, W.A. (2005).
The development of the person: The Minnesota Study ofRisk and
Adaptation From Birth to Adulthood. New York, NY: Guilford
Press.</mixed-citation>
         </ref>
         <ref id="d1003e703a1310">
            <mixed-citation id="d1003e707" publication-type="other">
Sroufe, L.A., &amp; Fleeson, J. (1986). Attachment and the construction
of relationships. In W.W. Hartup &amp; Z. Rubin (Eds.), Relation-
ships in development (pp. 51-71). Hillsdale, NJ: Erlbaum.</mixed-citation>
         </ref>
         <ref id="d1003e720a1310">
            <mixed-citation id="d1003e724" publication-type="other">
Thompson, R. (2008). Early attachment and later development:
Familiar questions, new answers. In J. Cassidy &amp; P.R. Shaver
(Eds.), Handbook of attachment (2nd ed., pp. 348-365). New
York, NY: Guilford Press.</mixed-citation>
         </ref>
         <ref id="d1003e740a1310">
            <mixed-citation id="d1003e744" publication-type="other">
Tran, S., &amp; Simpson, J.A. (2009). Prorelationship maintenance
behaviors: The joint roles of attachment and commitment. Jour-
nal of Personality and Social Psychology, 97, 685-698.</mixed-citation>
         </ref>
      </ref-list>
   </back>
</article>
