<article dtd-version="1.0" article-type="research-article">
   <front>
      <journal-meta>
         <journal-id xmlns:xlink="http://www.w3.org/1999/xlink" journal-id-type="jstor">psychsci</journal-id>
         <journal-id xmlns:xlink="http://www.w3.org/1999/xlink" journal-id-type="jstor">j50000277</journal-id>
         <journal-title-group xmlns:xlink="http://www.w3.org/1999/xlink">
            <journal-title>Psychological Science</journal-title>
         </journal-title-group>
         <publisher>
            <publisher-name>SAGE Publications</publisher-name>
         </publisher>
         <issn xmlns:xlink="http://www.w3.org/1999/xlink" pub-type="ppub">09567976</issn>
         <issn xmlns:xlink="http://www.w3.org/1999/xlink" pub-type="epub">14679280</issn>
      </journal-meta>
      <article-meta>
         <article-id xmlns:xlink="http://www.w3.org/1999/xlink" pub-id-type="jstor">25835458</article-id>
         <title-group>
            <article-title>Insensitivity of the Human Sentence-Processing System to Hierarchical Structure</article-title>
         </title-group>
         <contrib-group>
            <contrib>
               <string-name xmlns:xlink="http://www.w3.org/1999/xlink">
                  <given-names>Stefan L.</given-names>
                  <surname>Frank</surname>
               </string-name>
            </contrib>
            <contrib>
               <string-name xmlns:xlink="http://www.w3.org/1999/xlink">
                  <given-names>Rens</given-names>
                  <surname>Bod</surname>
               </string-name>
            </contrib>
         </contrib-group>
         <pub-date xmlns:xlink="http://www.w3.org/1999/xlink">
            <day>1</day>
            <month>6</month>
            <year>2011</year>
         </pub-date>
         <volume>22</volume>
         <issue>6</issue>
         <issue-id xmlns:xlink="http://www.w3.org/1999/xlink">i25835439</issue-id>
         <fpage>829</fpage>
         <lpage>834</lpage>
         <permissions>
            <copyright-statement>Copyright © 2011 Association for Psychological Science</copyright-statement>
         </permissions>
         <self-uri xmlns:xlink="http://www.w3.org/1999/xlink"
                   xlink:role="external-fulltext-any"
                   xlink:href="http://dx.doi.org/10.1177/0956797611409589"
                   xlink:title="an external site"/>
         <abstract>
            <p>Although it is generally accepted that hierarchical phrase structures are instrumental in describing human language, their role in cognitive processing is still debated. We investigated the role of hierarchical structure in sentence processing by implementing a range of probabilistic language models, some of which depended on hierarchical structure, and others of which relied on sequential structure only. All models estimated the occurrence probabilities of syntactic categories in sentences for which reading-time data were available. Relating the models' probability estimates to the data showed that the hierarchical-structure models did not account for variance in reading times over and above the amount of variance accounted for by all of the sequential-structure models. This suggests that a sentence's hierarchical structure, unlike many other sources of information, does not noticeably affect the generation of expectations about upcoming words.</p>
         </abstract>
         <custom-meta-group xmlns:xlink="http://www.w3.org/1999/xlink">
            <custom-meta>
               <meta-name>lang</meta-name>
               <meta-value>eng</meta-value>
            </custom-meta>
         </custom-meta-group>
      </article-meta>
   </front>
   <back>
      <ref-list>
         <title>Notes</title>
         <ref id="d7812e165a1310">
            <label>2</label>
            <mixed-citation id="d7812e172" publication-type="other">
Manning
&amp; Schiitze, 1999</mixed-citation>
         </ref>
         <ref id="d7812e182a1310">
            <label>4</label>
            <mixed-citation id="d7812e189" publication-type="other">
Frank (2009).</mixed-citation>
            <mixed-citation id="d7812e195" publication-type="other">
Brill's (1993)</mixed-citation>
         </ref>
      </ref-list>
      <ref-list>
         <title>References</title>
         <ref id="d7812e211a1310">
            <mixed-citation id="d7812e215" publication-type="other">
Arnon, I., &amp; Snider, N. (2010). More than words: Frequency effects
for multi-word phrases. Journal of Memory and Language, 62,
67-82.</mixed-citation>
         </ref>
         <ref id="d7812e228a1310">
            <mixed-citation id="d7812e232" publication-type="other">
Baayen, R. H., Davidson, D. J., &amp; Bates, D. M. (2008). Mixed-effects
modeling with crossed random effects for subjects and items.
Journal of Memory and Language, 59, 390-412.</mixed-citation>
         </ref>
         <ref id="d7812e245a1310">
            <mixed-citation id="d7812e249" publication-type="other">
Bannard, C, &amp; Matthews, D. (2008). Stored word sequences in
language learning: The effect of familiarity on children's repetition
of four-word combinations. Psychological Science, 19,241-248.</mixed-citation>
         </ref>
         <ref id="d7812e262a1310">
            <mixed-citation id="d7812e266" publication-type="other">
Boston, M. R, Hale, J., Patil, U., Kliegl, R, &amp; Vasishth, S. (2008).
Parsing costs as predictors of reading difficulty: An evaluation
using the Potsdam Sentence Corpus. Journal of Eye Movement
Research, 2, 1-12.</mixed-citation>
         </ref>
         <ref id="d7812e283a1310">
            <mixed-citation id="d7812e287" publication-type="other">
Brill, E. (1993). A corpus-based approach to language learning
(Doctoral dissertation). Retrieved from http://repository.upenn
.edu/cgi/viewcontent.cgi?article=l 193&amp;context=ircs_reports&amp;
sei-redir=l#</mixed-citation>
         </ref>
         <ref id="d7812e303a1310">
            <mixed-citation id="d7812e307" publication-type="other">
Chomsky, N. (1957). Syntactic structures. The Hague, The Nether-
lands: Mouton.</mixed-citation>
         </ref>
         <ref id="d7812e317a1310">
            <mixed-citation id="d7812e321" publication-type="other">
Christiansen, M. H., &amp; Chater, N. (1999). Toward a connectionist
model of recursion in human linguistic performance. Cognitive
Science, 23, 157-205.</mixed-citation>
         </ref>
         <ref id="d7812e334a1310">
            <mixed-citation id="d7812e338" publication-type="other">
Christiansen, M. H., &amp; MacDonald, M. C. (2009). A usage-based
approach to recursion in sentence processing. Language Learn-
ing, 59, 129-164.</mixed-citation>
         </ref>
         <ref id="d7812e351a1310">
            <mixed-citation id="d7812e355" publication-type="other">
Conway, C. M., Bauernschmidt, A., Huang, S. S., &amp; Pisoni, D. B.
(2010). Implicit statistical learning in language processing: Word
predictability is the key. Cognition, 114, 356-371.</mixed-citation>
         </ref>
         <ref id="d7812e368a1310">
            <mixed-citation id="d7812e372" publication-type="other">
Demberg, V, &amp; Keller, F. (2008). Data from eye-tracking corpora as
evidence for theories of syntactic processing complexity. Cogni-
tion, 109, 193-210.</mixed-citation>
         </ref>
         <ref id="d7812e386a1310">
            <mixed-citation id="d7812e392" publication-type="other">
Demberg, V, &amp; Keller, F. (2009). A computational model of predic-
tion in human parsing: Unifying locality and surprisal effects.
In N. A. Taatgen &amp; H. van Rijn (Eds.), Proceedings of the 31st
Annual Conference of the Cognitive Science Society (pp. 1888-
1893). Austin, TX: Cognitive Science Society.</mixed-citation>
         </ref>
         <ref id="d7812e411a1310">
            <mixed-citation id="d7812e415" publication-type="other">
Elman, J. L. (1991). Distributed representations, simple recurrent net-
works, and grammatical structure. Machine Learning, 7, 195-225.</mixed-citation>
         </ref>
         <ref id="d7812e425a1310">
            <mixed-citation id="d7812e429" publication-type="other">
Frank, S. L. (2009). Surprisal-based comparison between a sym-
bolic and a connectionist model of sentence processing. In N. A.
Taatgen &amp; H. van Rijn (Eds.), Proceedings of the 31st Annual
Conference of the Cognitive Science Society (pp. 1139-1144).
Austin, TX: Cognitive Science Society.</mixed-citation>
         </ref>
         <ref id="d7812e448a1310">
            <mixed-citation id="d7812e452" publication-type="other">
Frank, S. L., &amp; Cernansky, M. (2008). Generalization and systema-
ticity in echo state networks. In B. C. Love, K. McRae, &amp; V. M.
Sloutsky (Eds.), Proceedings of the 30th Annual Conference of
the Cognitive Science Society (pp. 733-738). Austin, TX: Cogni-
tive Science Society.</mixed-citation>
         </ref>
         <ref id="d7812e471a1310">
            <mixed-citation id="d7812e475" publication-type="other">
Gale, W. A., &amp; Sampson, G. (1995). Good-Turing frequency estima-
tion without tears. Journal of Quantitative Linguistics, 2,217-237.</mixed-citation>
         </ref>
         <ref id="d7812e485a1310">
            <mixed-citation id="d7812e489" publication-type="other">
Gillespie, M., &amp; Pearlmutter, N. J. (2011). Hierarchy and scope of
planning in subject-verb agreement production. Cognition, 118,
377-397.</mixed-citation>
         </ref>
         <ref id="d7812e503a1310">
            <mixed-citation id="d7812e507" publication-type="other">
Hale, J. (2001). A probabilistic Earley parser as a psycholinguistic
model. In Proceedings of the Second Conference of the North
American Chapter of the Association for Computational Linguis-
tics (Vol. 2, pp. 159-166). Pittsburgh, PA: Association for Com-
putational Linguistics.</mixed-citation>
         </ref>
         <ref id="d7812e526a1310">
            <mixed-citation id="d7812e530" publication-type="other">
Hauser, M. D., Chomsky, N., &amp; Fitch, W. T. (2002). The faculty of
language: What is it, who has it, and how did it evolve? Science,
298, 1569-1579.</mixed-citation>
         </ref>
         <ref id="d7812e543a1310">
            <mixed-citation id="d7812e547" publication-type="other">
Jaeger, H., &amp; Haas, H. (2004). Harnessing nonlinearity: Predicting
chaotic systems and saving energy in wireless communication.
Science, 304, 78-80.</mixed-citation>
         </ref>
         <ref id="d7812e560a1310">
            <mixed-citation id="d7812e564" publication-type="other">
Johnson, M. (1998). The effect of alternative tree representations on
tree bank grammars. In Proceedings of the Joint Conferences on
New Methods in Language Processing and Computational Natu-
ral Language Learning (pp. 39-48). Pittsburgh, PA: Association
for Computational Linguistics.</mixed-citation>
         </ref>
         <ref id="d7812e583a1310">
            <mixed-citation id="d7812e587" publication-type="other">
Jurafsky, D., &amp; Martin, J. H. (2009). Speech and language process-
ing. Upper Saddle River, NJ: Pearson Education.</mixed-citation>
         </ref>
         <ref id="d7812e597a1310">
            <mixed-citation id="d7812e601" publication-type="other">
Kamide, Y., Altmann, G. T. M., &amp; Haywood, S. L. (2003). The time-
course of prediction in incremental sentence processing: Evi-
dence from anticipatory eye movements. Journal of Memory and
Language, 49, 133-156.</mixed-citation>
         </ref>
         <ref id="d7812e618a1310">
            <mixed-citation id="d7812e622" publication-type="other">
Keller, F. (2003). A probabilistic parser as a model of global pro-
cessing difficulty. In R. Alterman &amp; D. Kirsh (Eds.), Proceedings
of the 25th Annual Conference of the Cognitive Science Society
(pp. 646-651). Boston, MA: Cognitive Science Society.</mixed-citation>
         </ref>
         <ref id="d7812e638a1310">
            <mixed-citation id="d7812e642" publication-type="other">
Kennedy, A., &amp; Pynte, J. (2005). Parafoveal-on-foveal effects in nor-
mal reading. Vision Research, 45, 153-168.</mixed-citation>
         </ref>
         <ref id="d7812e652a1310">
            <mixed-citation id="d7812e656" publication-type="other">
Levy, R. (2008). Expectation-based syntactic comprehension. Cogni-
tion, 106, 1126-1177.</mixed-citation>
         </ref>
         <ref id="d7812e666a1310">
            <mixed-citation id="d7812e670" publication-type="other">
Manning, C. D., &amp; Schiitze, H. (1999). Foundations of statistical
natural language processing. Cambridge, MA: MIT Press.</mixed-citation>
         </ref>
         <ref id="d7812e680a1310">
            <mixed-citation id="d7812e684" publication-type="other">
Marcus, M., Santorini, B., &amp; Marcinkiewicz, M. A. (1993). Building
a large annotated corpus of English: The Penn Treebank. Compu-
tational Linguistics, 19, 313-330.</mixed-citation>
         </ref>
         <ref id="d7812e697a1310">
            <mixed-citation id="d7812e701" publication-type="other">
McDonald, S. A., &amp; Shillcock, R. C. (2003). Low-level predictive
inference in reading: The influence of transitional probabilities
on eye movements. Vision Research, 43, 1735-1751.</mixed-citation>
         </ref>
         <ref id="d7812e715a1310">
            <mixed-citation id="d7812e719" publication-type="other">
Otten, M., &amp; Van Berkum, J. J. A. (2008). Discourse-based word
anticipation during language processing: Prediction or priming?
Discourse Processes, 45,464-496.</mixed-citation>
         </ref>
         <ref id="d7812e732a1310">
            <mixed-citation id="d7812e736" publication-type="other">
Roark, B. (2001). Probabilistic top-down parsing and language mod-
eling. Computational Linguistics, 27, 249-276.</mixed-citation>
         </ref>
         <ref id="d7812e746a1310">
            <mixed-citation id="d7812e750" publication-type="other">
Roark, B., Bachrach, A., Cardenas, C, &amp; Pallier, C. (2009). Deriving
lexical and syntactic expectation-based measures for psycholin-
guistic modeling via incremental top-down parsing. In Proceed-
ings of the 2009 Conference on Empirical Methods in Natural
Language Processing (pp. 324—333). Pittsburgh, PA: Association
for Computational Linguistics.</mixed-citation>
         </ref>
         <ref id="d7812e773a1310">
            <mixed-citation id="d7812e777" publication-type="other">
Santorini, B. (1991). Part-of speech tagging guidelines for the Penn
Treebank Project (Technical Report No. MS-CIS-90-47). Phila-
delphia: University of Pennsylvania.</mixed-citation>
         </ref>
         <ref id="d7812e790a1310">
            <mixed-citation id="d7812e794" publication-type="other">
Smith, N. J., &amp; Levy, R. (2008). Optimal processing times in read-
ing: A formal model and empirical investigation. In B. C. Love,
K. McRae, &amp; V. M. Sloutsky (Eds.), Proceedings of the 30th
Annual Conference of the Cognitive Science Society (pp. 595-
600). Austin, TX: Cognitive Science Society.</mixed-citation>
         </ref>
         <ref id="d7812e813a1310">
            <mixed-citation id="d7812e817" publication-type="other">
Staub, A., &amp; Clifton, C, Jr. (2006). Syntactic prediction in language
comprehension: Evidence from either . . . or. Journal of Experi-
mental Psychology: Learning, Memory, and Cognition, 32,
425-436.</mixed-citation>
         </ref>
         <ref id="d7812e834a1310">
            <mixed-citation id="d7812e838" publication-type="other">
Tabor, W., Galantucci, B., &amp; Richardson, D. (2004). Effects of
merely local syntactic coherence on sentence processing. Journal
of Memory and Language, 50, 355-370.</mixed-citation>
         </ref>
         <ref id="d7812e851a1310">
            <mixed-citation id="d7812e855" publication-type="other">
Tong, M. H., Bickett, A. D., Christiansen, E. M., &amp; Cottrell, G. W.
(2007). Learning grammatical structure with echo state networks.
Neural Networks, 20, 424-432.</mixed-citation>
         </ref>
         <ref id="d7812e868a1310">
            <mixed-citation id="d7812e872" publication-type="other">
Tremblay, A., Derwing, B., Libben, G, &amp; Westbury, C. (2011). Pro-
cessing advantages of lexical bundles: Evidence from self-paced
reading and sentence recall tasks. Language Learning. Advance
online publication. doi:10.1111/j.l467-9922.2010.00622.x</mixed-citation>
         </ref>
         <ref id="d7812e888a1310">
            <mixed-citation id="d7812e892" publication-type="other">
Van Berkum, J. J. A., Brown, C. M., Zwitserlood, P., Kooijman, V,
&amp; Hagoort, P. (2005). Anticipating upcoming words in discourse:
Evidence from ERPs and reading times. Journal of Experimental
Psychology: Learning, Memory, and Cognition, 31,443-^467.</mixed-citation>
         </ref>
         <ref id="d7812e908a1310">
            <mixed-citation id="d7812e912" publication-type="other">
Witten, I. H., &amp; Bell, T. C. (1991). The zero-frequency problem:
Estimating the probabilities of novel events in adaptive text
compression. IEEE Transactions on Information Theory, 37,
1085-1094.</mixed-citation>
         </ref>
         <ref id="d7812e928a1310">
            <mixed-citation id="d7812e932" publication-type="other">
Wu, S., Bachrach, A., Cardenas, C, &amp; Schuler, W. (2010). Complex-
ity metrics in an incremental right-comer parser. In Proceedings
of the 48th Annual Meeting of the Association for Computational
Linguistics (pp. 1189-1198). Pittsburgh, PA: Association for
Computational Linguistics.</mixed-citation>
         </ref>
      </ref-list>
   </back>
</article>
