<article dtd-version="1.0" article-type="research-article">
   <front>
      <journal-meta>
         <journal-id xmlns:xlink="http://www.w3.org/1999/xlink" journal-id-type="jstor">psychsci</journal-id>
         <journal-id xmlns:xlink="http://www.w3.org/1999/xlink" journal-id-type="jstor">j50000277</journal-id>
         <journal-title-group xmlns:xlink="http://www.w3.org/1999/xlink">
            <journal-title>Psychological Science</journal-title>
         </journal-title-group>
         <publisher>
            <publisher-name>SAGE Publications</publisher-name>
         </publisher>
         <issn xmlns:xlink="http://www.w3.org/1999/xlink" pub-type="ppub">09567976</issn>
         <issn xmlns:xlink="http://www.w3.org/1999/xlink" pub-type="epub">14679280</issn>
      </journal-meta>
      <article-meta>
         <article-id xmlns:xlink="http://www.w3.org/1999/xlink" pub-id-type="jstor">25835497</article-id>
         <title-group>
            <article-title>Depression and Empathic Accuracy in Couples: An Interpersonal Model of Gender Differences in Depression</article-title>
         </title-group>
         <contrib-group>
            <contrib>
               <string-name xmlns:xlink="http://www.w3.org/1999/xlink">
                  <given-names>Reuma</given-names>
                  <surname>Gadassi</surname>
               </string-name>
            </contrib>
            <contrib>
               <string-name xmlns:xlink="http://www.w3.org/1999/xlink">
                  <given-names>Nilly</given-names>
                  <surname>Mor</surname>
               </string-name>
            </contrib>
            <contrib>
               <string-name xmlns:xlink="http://www.w3.org/1999/xlink">
                  <given-names>Eshkol</given-names>
                  <surname>Rafaeli</surname>
               </string-name>
            </contrib>
         </contrib-group>
         <pub-date xmlns:xlink="http://www.w3.org/1999/xlink">
            <day>1</day>
            <month>8</month>
            <year>2011</year>
         </pub-date>
         <volume>22</volume>
         <issue>8</issue>
         <issue-id xmlns:xlink="http://www.w3.org/1999/xlink">i25835485</issue-id>
         <fpage>1033</fpage>
         <lpage>1041</lpage>
         <permissions>
            <copyright-statement>Copyright © 2011 Association for Psychological Science</copyright-statement>
         </permissions>
         <self-uri xmlns:xlink="http://www.w3.org/1999/xlink"
                   xlink:role="external-fulltext-any"
                   xlink:href="http://dx.doi.org/10.1177/0956797611414728"
                   xlink:title="an external site"/>
         <abstract>
            <p>We examine the link between depression and empathic accuracy, the ability to infer other people's thoughts and feelings, as a possible mechanism underlying gender differences in the association between depression and interpersonal difficulties within intimate relationships. Fifty-one heterosexual couples completed questionnaires assessing depressive symptoms and participated in both a lab and a daily diary procedure assessing empathic accuracy. In the lab measures, women's (but not men's) higher levels of depressive symptoms were associated with lower empathic accuracy regarding partners' thoughts and feelings. In the daily diary data, women's depressive symptoms were specifically associated with lower levels of empathic accuracy for negative feelings but not for positive feelings, and with lower levels of their partners' empathic accuracy for the women's negative feelings. Men's depressive symptoms were again unrelated to levels of empathic accuracy. Our findings suggest that depressive symptoms may have a stronger impact on interpersonal perception in intimate relationships among women than among men.</p>
         </abstract>
         <custom-meta-group xmlns:xlink="http://www.w3.org/1999/xlink">
            <custom-meta>
               <meta-name>lang</meta-name>
               <meta-value>eng</meta-value>
            </custom-meta>
         </custom-meta-group>
      </article-meta>
   </front>
   <back>
      <ref-list>
         <title>Note</title>
         <ref id="d2081e176a1310">
            <label>1</label>
            <mixed-citation id="d2081e183" publication-type="other">
McGraw &amp; Wong, 1996</mixed-citation>
         </ref>
      </ref-list>
      <ref-list>
         <title>References</title>
         <ref id="d2081e199a1310">
            <mixed-citation id="d2081e203" publication-type="other">
Benazon, N. R., &amp; Coyne, J. C. (2000). Living with a depressed
spouse. Journal of Family Psychology, 14, 71-79.</mixed-citation>
         </ref>
         <ref id="d2081e213a1310">
            <mixed-citation id="d2081e217" publication-type="other">
Bemieri, F. J. (2001). Toward a taxonomy of interpersonal sensitiv-
ity. In J. A. Hall &amp; F. J. Bemieri (Eds.), Interpersonal sensitivity:
Theory and measurement (pp. (3-20). Mahwah, NJ: Erlbaum.</mixed-citation>
         </ref>
         <ref id="d2081e230a1310">
            <mixed-citation id="d2081e234" publication-type="other">
Berscheid, E., Snyder, M., &amp; Omoto, A. M. (1989). The Relationship
Closeness Inventory: Assessing the closeness of interpersonal
relationships. Journal of Personality and Social Psychology, 57,
792-807.</mixed-citation>
         </ref>
         <ref id="d2081e250a1310">
            <mixed-citation id="d2081e254" publication-type="other">
Coyne, J. C. (1976). Depression and the response of others. Journal
of Abnormal Psychology, 85, 186-193.</mixed-citation>
         </ref>
         <ref id="d2081e265a1310">
            <mixed-citation id="d2081e269" publication-type="other">
Cranford, J. A., Shrout, P. E., lida, M., Rafaeli, E., Yip, T., &amp; Bolger,
N. (2006). A procedure for evaluating sensitivity to within-person
change: Can mood measures in diary studies detect change reli-
ably? Personality and Social Psychology Bulletin, 32, 917-929.</mixed-citation>
         </ref>
         <ref id="d2081e285a1310">
            <mixed-citation id="d2081e289" publication-type="other">
Davila, J., Bradbury, T. N, Cohan, C. L., &amp; Tochluk, S. (1997). Mari-
tal functioning and depressive symptoms: Evidence for a stress
generation model. Journal of Personality and Social Psychology,
73, 849-861.</mixed-citation>
         </ref>
         <ref id="d2081e305a1310">
            <mixed-citation id="d2081e309" publication-type="other">
Edwards, J. A., Weary, G., von Hippel, W., &amp; Jacobson, J. A. (2000).
The effects of depression on impression formation: The role of
trait and category diagnosticly. Personality and Social Psychol-
ogy Bulletin, 26, 462^73.</mixed-citation>
         </ref>
         <ref id="d2081e325a1310">
            <mixed-citation id="d2081e329" publication-type="other">
Gilboa-Schechtman, E., Foa, E., Vaknin, Y., Marom, S., &amp; Hermesh,
H. (2008). Interpersonal sensitivity and response bias in social
phobia and depression: Labeling emotional expressions. Cogni-
tive Therapy Research, 32, 605-618.</mixed-citation>
         </ref>
         <ref id="d2081e345a1310">
            <mixed-citation id="d2081e349" publication-type="other">
Gleason, K. A., Jensen-Campbell, L. A., &amp; Ickes, W. (2009). The
role of empathic accuracy in adolescents' peer relations and
adjustment. Personality and Social Psychology Bulletin, 35,
997-1011.</mixed-citation>
         </ref>
         <ref id="d2081e365a1310">
            <mixed-citation id="d2081e369" publication-type="other">
Gleicher, F., &amp; Weary, G. (1991). Effects of depression on quan-
tity and quality of social inferences. Journal of Personality and
Social Psychology, 61, 105-114.</mixed-citation>
         </ref>
         <ref id="d2081e383a1310">
            <mixed-citation id="d2081e387" publication-type="other">
Gotlib, I. H., &amp; Lee, C. M. (1989). The social functioning of depressed
patients: A longitudinal assessment. Journal of Social and Clini-
cal Psychology, 8, 223-237.</mixed-citation>
         </ref>
         <ref id="d2081e400a1310">
            <mixed-citation id="d2081e404" publication-type="other">
Green, S. B. (1991). How many subjects does it take to do a regres-
sion analysis? Multivariate Behavior Research, 26, 499-510.</mixed-citation>
         </ref>
         <ref id="d2081e414a1310">
            <mixed-citation id="d2081e418" publication-type="other">
Hall, J. A., Andrzejewski, S. A., &amp; Yopchick, J. E. (2009). Psycho-
social correlates of interpersonal sensitivity: A meta-analysis.
Journal of Nonverbal Behavior, 33, 149-180.</mixed-citation>
         </ref>
         <ref id="d2081e431a1310">
            <mixed-citation id="d2081e435" publication-type="other">
Hammen, C. (1991). Generation of stress in the course of unipolar
depression. Journal of Abnormal Psychology, 100, 555-561.</mixed-citation>
         </ref>
         <ref id="d2081e445a1310">
            <mixed-citation id="d2081e449" publication-type="other">
Hammen, C. (2006). Stress generation in depression: Reflections on
origins, research, and future directions. Journal of Clinical Psy-
chology, 62, 1065-1082.</mixed-citation>
         </ref>
         <ref id="d2081e462a1310">
            <mixed-citation id="d2081e466" publication-type="other">
Howland, M., &amp; Rafaeli, E. (2010). Bringing everyday mind reading
into everyday life: Measuring empathic accuracy with daily diary
data. Journal of Personality, 78, 1437-1468.</mixed-citation>
         </ref>
         <ref id="d2081e480a1310">
            <mixed-citation id="d2081e484" publication-type="other">
Ickes, W. (1993). Empathic accuracy. Journal of Personality, 61,
587-610.</mixed-citation>
         </ref>
         <ref id="d2081e494a1310">
            <mixed-citation id="d2081e498" publication-type="other">
Ickes, W., &amp; Simpson, J. A. (2001). Motivational aspects of empathic
accuracy. In G. J. O. Fletcher &amp; M. Clark (Eds.), The Black-
well handbook of social psychology: Interpersonal processes
(pp. 229-249). Oxford, England: Blackwell.</mixed-citation>
         </ref>
         <ref id="d2081e514a1310">
            <mixed-citation id="d2081e518" publication-type="other">
Irwin, M., Artin, K. H., &amp; Oxman, M. N. (1999). Screening for
depression in the older adult: Criterion validity of the 10-item
Center for Epidemiological Studies Depression scale (CES-D).
Archives of Internal Medicine, 159, 1701-1704.</mixed-citation>
         </ref>
         <ref id="d2081e534a1310">
            <mixed-citation id="d2081e538" publication-type="other">
Joiner, T. E. (2002). Depression in its interpersonal context. In I. H.
Gotlib &amp; C. L. Hammen (Eds.), Handbook of depression (pp.
295-313). New York, NY: Guilford Press.</mixed-citation>
         </ref>
         <ref id="d2081e551a1310">
            <mixed-citation id="d2081e555" publication-type="other">
Keenan, K, &amp; Hipwell, A. E. (2005). Pr adolescent clues to under-
standing depression in girls. Clinical Child and Family Psychol-
ogy Review, 8, 89-105.</mixed-citation>
         </ref>
         <ref id="d2081e568a1310">
            <mixed-citation id="d2081e572" publication-type="other">
Kenny, D. A., Kashy, D. A., &amp; Cook, W. L. (2006). Dyadic data anal-
ysis. New York, NY: Guilford Press.</mixed-citation>
         </ref>
         <ref id="d2081e583a1310">
            <mixed-citation id="d2081e587" publication-type="other">
Leach, L. S., Christensen, H., Mackinnon, A. J., Windsor, T. D., &amp;
Butterworth, P. (2008). Gender differences in depression and anx-
iety across the adult lifespan: The role of psychosocial mediators.
Social Psychiatry and Psychiatric Epidemiology, 43, 983-998.</mixed-citation>
         </ref>
         <ref id="d2081e603a1310">
            <mixed-citation id="d2081e607" publication-type="other">
Lorr, M., &amp; McNair, D. M. (1971). The Profile of Mood States man-
ual. San Diego, CA: Educational and Industrial Testing Service.
McGraw, K. O., &amp; Wong, S. P. (1996). Forming inferences about
some intraclass correlation coefficients. Psychological Methods,
1, 30-47.</mixed-citation>
         </ref>
         <ref id="d2081e626a1310">
            <mixed-citation id="d2081e630" publication-type="other">
Newsom, J. T., Nishishiba, M., Morgan, D. L., &amp; Rook, K. S. (2003).
The relative importance of three domains of positive and nega-
tive social exchanges: A longitudinal model with comparable
measures. Psychology and Aging, 18, 746-754.</mixed-citation>
         </ref>
         <ref id="d2081e646a1310">
            <mixed-citation id="d2081e650" publication-type="other">
Nezlek, J. G., Hampton, C. P., &amp; Shean, G. D. (2000). Clinical depres-
sion and day-to-day social interaction in a community sample.
Journal of Abnormal Psychology, 109, 11-19.</mixed-citation>
         </ref>
         <ref id="d2081e663a1310">
            <mixed-citation id="d2081e667" publication-type="other">
Panzarella, C., Alloy, L. B., &amp; Whitehouse, W. G. (2006). Expanded
hopelessness theory of depression: On the mechanisms by which
social support protects against depression. Cognitive Therapy
and Research, 30, 307-333.</mixed-citation>
         </ref>
         <ref id="d2081e683a1310">
            <mixed-citation id="d2081e687" publication-type="other">
Papp, L. M., Kouros, C. D., &amp; Cummings, M. E. (2010). Emotions in
marital conflict interactions: Empathic accuracy, assumed simi-
larity, and the moderating context of depressive symptoms. Jour-
nal of Social and Personal Relationships, 27, 367-387.</mixed-citation>
         </ref>
         <ref id="d2081e704a1310">
            <mixed-citation id="d2081e708" publication-type="other">
Pettit, J. W., &amp; Joiner, T. E., Jr. (2006). Chronic depression. Washing-
ton, DC: American Psychological Association.</mixed-citation>
         </ref>
         <ref id="d2081e718a1310">
            <mixed-citation id="d2081e722" publication-type="other">
Radloff, L. S. (1977). The CES-D Scale: A self-report depression
scale for research in the general population. Applied Psychologi-
cal Measurement, 1, 385-401.</mixed-citation>
         </ref>
         <ref id="d2081e735a1310">
            <mixed-citation id="d2081e739" publication-type="other">
Rafaeli, E., Cranford, J. A., Green, A. S., Shrout, R E., &amp;
Bolger, N. (2008). The good and bad of relationships: How
social hindrance and social support affect relationship moods
in daily life. Personality and Social Psychology Bulletin, 34,
1703-1718.</mixed-citation>
         </ref>
         <ref id="d2081e758a1310">
            <mixed-citation id="d2081e762" publication-type="other">
Rehman, U. S., Ginting, J., Karimiha, G., &amp; Goodnight, J. A. (2010).
Revisiting the relationship between depressive symptoms and
marital communication using an experimental paradigm: The
moderating effect of acute sad mood. Behavior Research and
Therapy, 48, 97-105.</mixed-citation>
         </ref>
         <ref id="d2081e781a1310">
            <mixed-citation id="d2081e785" publication-type="other">
Rehman, U. S., Gollan, J., &amp; Mortimer, A. R. (2008). The marital
context of depression: Research, limitations, and new directions.
Clinical Psychology Review, 28, 179-198.</mixed-citation>
         </ref>
         <ref id="d2081e798a1310">
            <mixed-citation id="d2081e802" publication-type="other">
Simpson, J. A., Ori a, M. M., &amp; Ickes, W. (2003). When accuracy
hurts, and when it helps: A test of the empathic accuracy model in
marital interactions. Journal of Personality and Social Psychol-
ogy, 85, 881-893.</mixed-citation>
         </ref>
         <ref id="d2081e819a1310">
            <mixed-citation id="d2081e823" publication-type="other">
Thomas, G., Fletcher, G. J. O., &amp; Lange, C. (1997). On-line empathic
accuracy in marital interaction. Journal of Personality and Social
Psychology, 72, 839-850.</mixed-citation>
         </ref>
         <ref id="d2081e836a1310">
            <mixed-citation id="d2081e840" publication-type="other">
van Beek, Y., &amp; Dubas, J. S. (2008). Decoding basic and non-
basic facial expressions and depressive symptoms in late child-
hood and adolescence. Journal of Nonverbal Behavior, 32,
53-64.</mixed-citation>
         </ref>
         <ref id="d2081e856a1310">
            <mixed-citation id="d2081e860" publication-type="other">
Verhofstadt, L. L., Buysse, A., Ickes, W., Davis, M., &amp; Devoldre,
I. (2008). Support provision in marriage: The role of emotional
similarity and empathic accuracy. Emotion, 8, 792-802.</mixed-citation>
         </ref>
         <ref id="d2081e873a1310">
            <mixed-citation id="d2081e877" publication-type="other">
Wright, S. L., Langenecker, S. A., Deldin, R J., Rapport, L. J.,
Nielson, K. A., Kade, B. A., . . . Zubieta, J.-K. (2009). Gender-
specific disruptions in emotion processing in younger adults with
depression. Depression and Anxiety, 26, 182-189.</mixed-citation>
         </ref>
         <ref id="d2081e893a1310">
            <mixed-citation id="d2081e897" publication-type="other">
Yost, J. H., &amp; Weary, G. (1996). Depression and the correspondent
inference bias: Evidence for more effortful cognitive processing.
Personality and Social Psychology Bulletin, 22, 192-200.</mixed-citation>
         </ref>
      </ref-list>
   </back>
</article>
