<article dtd-version="1.0" article-type="research-article">
   <front>
      <journal-meta>
         <journal-id xmlns:xlink="http://www.w3.org/1999/xlink" journal-id-type="jstor">psychsci</journal-id>
         <journal-id xmlns:xlink="http://www.w3.org/1999/xlink" journal-id-type="jstor">j50000277</journal-id>
         <journal-title-group xmlns:xlink="http://www.w3.org/1999/xlink">
            <journal-title>Psychological Science</journal-title>
         </journal-title-group>
         <publisher>
            <publisher-name>SAGE Publications</publisher-name>
         </publisher>
         <issn xmlns:xlink="http://www.w3.org/1999/xlink" pub-type="ppub">09567976</issn>
         <issn xmlns:xlink="http://www.w3.org/1999/xlink" pub-type="epub">14679280</issn>
      </journal-meta>
      <article-meta>
         <article-id xmlns:xlink="http://www.w3.org/1999/xlink" pub-id-type="jstor">25835386</article-id>
         <title-group>
            <article-title>Third Parties, Violence, and Conflict Resolution: The Role of Group Size and Collective Action in the Microregulation of Violence</article-title>
         </title-group>
         <contrib-group>
            <contrib>
               <string-name xmlns:xlink="http://www.w3.org/1999/xlink">
                  <given-names>Mark</given-names>
                  <surname>Levine</surname>
               </string-name>
            </contrib>
            <contrib>
               <string-name xmlns:xlink="http://www.w3.org/1999/xlink">
                  <given-names>Paul J.</given-names>
                  <surname>Taylor</surname>
               </string-name>
            </contrib>
            <contrib>
               <string-name xmlns:xlink="http://www.w3.org/1999/xlink">
                  <given-names>Rachel</given-names>
                  <surname>Best</surname>
               </string-name>
            </contrib>
         </contrib-group>
         <pub-date xmlns:xlink="http://www.w3.org/1999/xlink">
            <day>1</day>
            <month>3</month>
            <year>2011</year>
         </pub-date>
         <volume>22</volume>
         <issue>3</issue>
         <issue-id xmlns:xlink="http://www.w3.org/1999/xlink">i25835366</issue-id>
         <fpage>406</fpage>
         <lpage>412</lpage>
         <permissions>
            <copyright-statement>Copyright © 2011 Association for Psychological Science</copyright-statement>
         </permissions>
         <self-uri xmlns:xlink="http://www.w3.org/1999/xlink"
                   xlink:role="external-fulltext-any"
                   xlink:href="http://dx.doi.org/10.1177/0956797611398495"
                   xlink:title="an external site"/>
         <abstract>
            <p>Although researchers know much about the causes of aggression, they know surprisingly little about how aggression leads to violence or how violence is controlled. To explore the microregulation of violence, we conducted a systematic behavioral analysis of footage from closed-circuit television surveillance of public spaces. Using 42 incidents involving 312 people, we compared aggressive incidents that ended in violence with those that did not. Behaviors of antagonists and third parties were coded as either escalating or conciliatory acts. Results showed that third parties were more likely to take conciliatory actions than to escalate violence and that this tendency increased as group size increased. This analysis revealed a pattern of third-party behaviors that prevent aggression from becoming violent and showed that conciliatory behaviors are more successful when carried out by multiple third parties than when carried out by one person. We conclude by emphasizing the importance of collective third-party dynamics in understanding conflict resolution.</p>
         </abstract>
         <custom-meta-group xmlns:xlink="http://www.w3.org/1999/xlink">
            <custom-meta>
               <meta-name>lang</meta-name>
               <meta-value>eng</meta-value>
            </custom-meta>
         </custom-meta-group>
      </article-meta>
   </front>
   <back>
      <ref-list>
         <title>References</title>
         <ref id="d955e167a1310">
            <mixed-citation id="d955e171" publication-type="other">
Anderson, CA. (1989). Temperature and aggression: Ubiquitous
effects of heat on the occurrence of human violence. Psychologi-
cal Bulletin, 106, 74-96.</mixed-citation>
         </ref>
         <ref id="d955e184a1310">
            <mixed-citation id="d955e188" publication-type="other">
Anderson, C.A., &amp; Bushman, B.J. (2002). Human aggression. Annual
Review of Psychology, 53, 27-51.</mixed-citation>
         </ref>
         <ref id="d955e198a1310">
            <mixed-citation id="d955e202" publication-type="other">
Archer, J. (2009). Does sexual selection explain human sex differ-
ences in aggression? Behavioral &amp; Brain Sciences, 32, 249-311.</mixed-citation>
         </ref>
         <ref id="d955e212a1310">
            <mixed-citation id="d955e216" publication-type="other">
Aureli, F., Cords, M., &amp; van Schaik, CP. (2002). Conflict resolution
following aggression in gregarious animals: A predictive frame-
work. Animal Behavior, 64, 325-343.</mixed-citation>
         </ref>
         <ref id="d955e230a1310">
            <mixed-citation id="d955e234" publication-type="other">
Aureli, R, &amp; de Waal, F.B.M. (2000). Natural conflict resolution.
Berkeley: University of California Press.</mixed-citation>
         </ref>
         <ref id="d955e244a1310">
            <mixed-citation id="d955e248" publication-type="other">
Boyd, R., Gintis, H., Bowles, S., &amp; Richerson, P.J. (2003). The evolu-
tion of altruistic punishment. Proceedings of the National Acad-
emy of Sciences, USA, 100, 3531-3535.</mixed-citation>
         </ref>
         <ref id="d955e261a1310">
            <mixed-citation id="d955e265" publication-type="other">
Collins, R. (2008). Violence: A micro-sociological theory. Princeton,
NJ: Princeton University Press.</mixed-citation>
         </ref>
         <ref id="d955e275a1310">
            <mixed-citation id="d955e279" publication-type="other">
de Waal, F.B.M. (1989). Peacemaking among primates. Cambridge,
MA: Harvard University Press.</mixed-citation>
         </ref>
         <ref id="d955e289a1310">
            <mixed-citation id="d955e293" publication-type="other">
de Waal, F.B.M. (2000). Primates: A natural heritage of conflict reso-
lution. Science, 289, 586-590.</mixed-citation>
         </ref>
         <ref id="d955e303a1310">
            <mixed-citation id="d955e307" publication-type="other">
Diener, E. (1980). Deindividuation: The absence of self-awareness and
self-regulation in group members. In P.B. Paulus (Ed.), Psychology
of group influence (pp. 209-242). Hillsdale, NJ: Erlbaum.</mixed-citation>
         </ref>
         <ref id="d955e321a1310">
            <mixed-citation id="d955e325" publication-type="other">
Fehr, E., &amp; Fischbacher, U. (2003). The nature of human altruism.
Nature, 425, 785-791.</mixed-citation>
         </ref>
         <ref id="d955e335a1310">
            <mixed-citation id="d955e339" publication-type="other">
Fehr, E., &amp; Fischbacher, U. (2004). Third-party punishment and
social norms. Evolution of Human Behavior, 25, 63-87.</mixed-citation>
         </ref>
         <ref id="d955e349a1310">
            <mixed-citation id="d955e353" publication-type="other">
Fehr, E., &amp; Gachter, S. (2002). Altruistic punishment in humans.
Nature, 415,137-140.</mixed-citation>
         </ref>
         <ref id="d955e363a1310">
            <mixed-citation id="d955e367" publication-type="other">
Flack, J.C., de Waal, F.B.M., &amp; Krakauer, D.C. (2005). Social struc-
ture, robustness, and policing cost in a cognitively sophisticated
species. American Naturalist, 165, 126-139.</mixed-citation>
         </ref>
         <ref id="d955e380a1310">
            <mixed-citation id="d955e384" publication-type="other">
Flack, J.C., Girvan, M., de Waal, F.B.M., &amp; Krakauer, D.C. (2006).
Policing stabilizes construction of social niches in primates.
Nature, 439, 426-429.</mixed-citation>
         </ref>
         <ref id="d955e397a1310">
            <mixed-citation id="d955e401" publication-type="other">
Fox, R. (1978). The Tory Islanders: A people of the Celtic fringe.
Cambridge, England: Cambridge University Press.</mixed-citation>
         </ref>
         <ref id="d955e412a1310">
            <mixed-citation id="d955e416" publication-type="other">
Gintis, H., Bowles, S., Boyd, R., &amp; Fehr, E. (2003). Explaining altru-
istic behavior in humans. Evolution of Human Behavior, 24,
153-172.</mixed-citation>
         </ref>
         <ref id="d955e429a1310">
            <mixed-citation id="d955e433" publication-type="other">
Gottman, J.M. (1994). What predicts divorce? Hillsdale, NJ: Erlbaum.</mixed-citation>
         </ref>
         <ref id="d955e440a1310">
            <mixed-citation id="d955e444" publication-type="other">
Grossman, D. (1996). On killing: The psychological cost of learning
to kill in war and society. Boston, MA: Little, Brown and Co.</mixed-citation>
         </ref>
         <ref id="d955e454a1310">
            <mixed-citation id="d955e458" publication-type="other">
Haslam, S.A. (2004). Psychology in organizations: The social iden-
tity approach (2nd ed.). London, England: Sage.</mixed-citation>
         </ref>
         <ref id="d955e468a1310">
            <mixed-citation id="d955e472" publication-type="other">
Kumar, S., &amp; Ng, B. (2001). Crowding and violence on psychiatric
wards: Explanatory models. Canadian Journal of Psychiatry, 46,
433-437.</mixed-citation>
         </ref>
         <ref id="d955e485a1310">
            <mixed-citation id="d955e489" publication-type="other">
Levine, M., Cassidy, C, &amp; Jentzsch, I. (2010). The implicit identity
effect: Identity primes, group size, and helping. British Journal of
Social Psychology, 49, 785-802.</mixed-citation>
         </ref>
         <ref id="d955e503a1310">
            <mixed-citation id="d955e507" publication-type="other">
Levine, M., &amp; Crowther, S. (2008). The responsive bystander: How
social group membership and group size can encourage as well as
inhibit bystander intervention. Journal of Personality and Social
Psychology, 96, 1429-1439.</mixed-citation>
         </ref>
         <ref id="d955e523a1310">
            <mixed-citation id="d955e527" publication-type="other">
Lorenz, K. (1967). On aggression. London, England: Methuen.</mixed-citation>
         </ref>
         <ref id="d955e534a1310">
            <mixed-citation id="d955e538" publication-type="other">
Marsh, R, Rosser, E., &amp; Harre, R. (1978). The rules of disorder.
London, England: Routledge &amp; Kegan Paul.</mixed-citation>
         </ref>
         <ref id="d955e548a1310">
            <mixed-citation id="d955e552" publication-type="other">
Mullen, B. (1986). Atrocity as a function of lynch mob composition:
A self-attention perspective. Personality and Social Psychology
Bulletin, 12, 187-197.</mixed-citation>
         </ref>
         <ref id="d955e565a1310">
            <mixed-citation id="d955e569" publication-type="other">
Murakami Wood, D., Ball, K., Graham, S., Lyon, D., Norris, C, &amp;
Raab, C. (2006). A report on the surveillance society. Wilmslow,
England: Office of the Information Commissioner.</mixed-citation>
         </ref>
         <ref id="d955e582a1310">
            <mixed-citation id="d955e586" publication-type="other">
Pemanen, K. (1991). Alcohol in human violence. New York, NY:
Guilford Press.</mixed-citation>
         </ref>
         <ref id="d955e597a1310">
            <mixed-citation id="d955e601" publication-type="other">
Postmes, T., &amp; Spears, R. (1998). Deindividuation and anti-normative
behavior: A meta-analysis. Psychological Bulletin, 123,238-259.</mixed-citation>
         </ref>
         <ref id="d955e611a1310">
            <mixed-citation id="d955e615" publication-type="other">
Reicher, S. (1987). Crowd behaviour as social action. In J.C. Turner,
MA. Hogg, P.J. Oakes, S. Reicher, &amp; M.S. Wetherell (Eds.),
Rediscovering the social group: A self-categorization theory
(pp. 171-202). Oxford, England: Basil Blackwell.</mixed-citation>
         </ref>
         <ref id="d955e631a1310">
            <mixed-citation id="d955e635" publication-type="other">
Silk, J.B. (2002). The form and function of reconciliation in primates.
Annual Review of Anthropology, 31, 21-44.</mixed-citation>
         </ref>
         <ref id="d955e645a1310">
            <mixed-citation id="d955e649" publication-type="other">
Stott, C.J., Hutchinson, P., &amp; Drury, J. (2001). 'Hooligans' abroad?
Inter-group dynamics, social identity and participation in collec-
tive 'disorder' at the 1998 World Cup finals. British Journal of
Social Psychology, 40, 359-384.</mixed-citation>
         </ref>
         <ref id="d955e665a1310">
            <mixed-citation id="d955e669" publication-type="other">
Stott, C.J., &amp; Reicher, S.D. (1998). How conflict escalates: The inter-
group dynamics of collective football crowd 'violence.' Sociol-
ogy, 32, 353-377.</mixed-citation>
         </ref>
         <ref id="d955e682a1310">
            <mixed-citation id="d955e686" publication-type="other">
Taylor, P.J., &amp; Donald, I.J. (2003). Foundations and evidence for an
interaction based approach to conflict. International Journal of
Conflict Management, 14, 213-232.</mixed-citation>
         </ref>
         <ref id="d955e700a1310">
            <mixed-citation id="d955e704" publication-type="other">
Tremblay, R.E. (2006). Prevention of youth violence: Why not start
at the beginning? Journal of Abnormal Child Psychology, 34,
481-487.</mixed-citation>
         </ref>
         <ref id="d955e717a1310">
            <mixed-citation id="d955e721" publication-type="other">
Verbeek, P. (2008). Peace ethology. Behaviour, 145, 1497-1524.</mixed-citation>
         </ref>
         <ref id="d955e728a1310">
            <mixed-citation id="d955e732" publication-type="other">
Zimbardo, P.G. (1969). The human choice: Individuation, reason,
and order versus deindividuation, impulse, and chaos. In W.J.
Arnold &amp; D. Levine (Eds.), Nebraska Symposium on Motivation
(pp. 237-307). Lincoln: University of Nebraska Press.</mixed-citation>
         </ref>
      </ref-list>
   </back>
</article>
