<article dtd-version="1.0" article-type="research-article">
   <front>
      <journal-meta>
         <journal-id xmlns:xlink="http://www.w3.org/1999/xlink" journal-id-type="jstor">psychsci</journal-id>
         <journal-id xmlns:xlink="http://www.w3.org/1999/xlink" journal-id-type="jstor">j50000277</journal-id>
         <journal-title-group xmlns:xlink="http://www.w3.org/1999/xlink">
            <journal-title>Psychological Science</journal-title>
         </journal-title-group>
         <publisher>
            <publisher-name>SAGE Publications</publisher-name>
         </publisher>
         <issn xmlns:xlink="http://www.w3.org/1999/xlink" pub-type="ppub">09567976</issn>
         <issn xmlns:xlink="http://www.w3.org/1999/xlink" pub-type="epub">14679280</issn>
      </journal-meta>
      <article-meta>
         <article-id xmlns:xlink="http://www.w3.org/1999/xlink" pub-id-type="jstor">25835442</article-id>
         <article-categories>
            <subj-group>
               <subject>Research Report</subject>
            </subj-group>
         </article-categories>
         <title-group>
            <article-title>From Body Form to Biological Motion: The Apparent Velocity of Human Movement Biases Subjective Time</article-title>
         </title-group>
         <contrib-group>
            <contrib>
               <string-name xmlns:xlink="http://www.w3.org/1999/xlink">
                  <given-names>Guido</given-names>
                  <surname>Orgs</surname>
               </string-name>
            </contrib>
            <contrib>
               <string-name xmlns:xlink="http://www.w3.org/1999/xlink">
                  <given-names>Sven</given-names>
                  <surname>Bestmann</surname>
               </string-name>
            </contrib>
            <contrib>
               <string-name xmlns:xlink="http://www.w3.org/1999/xlink">
                  <given-names>Friederike</given-names>
                  <surname>Schuur</surname>
               </string-name>
            </contrib>
            <contrib>
               <string-name xmlns:xlink="http://www.w3.org/1999/xlink">
                  <given-names>Patrick</given-names>
                  <surname>Haggard</surname>
               </string-name>
            </contrib>
         </contrib-group>
         <pub-date xmlns:xlink="http://www.w3.org/1999/xlink">
            <day>1</day>
            <month>6</month>
            <year>2011</year>
         </pub-date>
         <volume>22</volume>
         <issue>6</issue>
         <issue-id xmlns:xlink="http://www.w3.org/1999/xlink">i25835439</issue-id>
         <fpage>712</fpage>
         <lpage>717</lpage>
         <permissions>
            <copyright-statement>Copyright © 2011 Association for Psychological Science</copyright-statement>
         </permissions>
         <self-uri xmlns:xlink="http://www.w3.org/1999/xlink"
                   xlink:role="external-fulltext-any"
                   xlink:href="http://dx.doi.org/10.1177/0956797611406446"
                   xlink:title="an external site"/>
         <abstract>
            <p>In two experiments, we investigated time perception during apparent biological motion. Pictures of initial, intermediate, and final positions of a single movement were presented, with interstimulus intervals that were constant within trials but varied across trials. Movement paths were manipulated by changing the sequential order of body postures. Increasing the path length produced an increase in perceived movement velocity. To produce an implicit measure of apparent movement dynamics, we also asked participants to judge the duration of a frame surrounding the stimuli. Longer paths with higher apparent movement velocity produced shorter perceived durations. This temporal bias was attenuated for nonbody (Experiment 1) and inverted-body (Experiment 2) control stimuli. As an explanation for these findings, we propose an automatic top-down mechanism of biological-motion perception that binds successive body postures into a continuous percept of movement. We show that this mechanism is associated with velocity-dependent temporal compression. Furthermore, this mechanism operates on-line, bridging the intervals between static stimuli, and is specific to configural processing of body form.</p>
         </abstract>
         <custom-meta-group xmlns:xlink="http://www.w3.org/1999/xlink">
            <custom-meta>
               <meta-name>lang</meta-name>
               <meta-value>eng</meta-value>
            </custom-meta>
         </custom-meta-group>
      </article-meta>
   </front>
   <back>
      <ref-list>
         <title>References</title>
         <ref id="d7859e198a1310">
            <mixed-citation id="d7859e202" publication-type="other">
Blake, R., &amp; Shiffrar, M. (2007). Perception of human motion.
Annual Review of Psychology, 58, 47-73.</mixed-citation>
         </ref>
         <ref id="d7859e212a1310">
            <mixed-citation id="d7859e216" publication-type="other">
Chatterjee, S. H., Freyd, J. J., &amp; Shiffrar, M. (1996). Configural pro-
cessing in the perception of apparent biological motion. Journal
of Experimental Psychology: Human Perception and Perfor-
mance, 22,916-929.</mixed-citation>
         </ref>
         <ref id="d7859e232a1310">
            <mixed-citation id="d7859e236" publication-type="other">
Downing, P. E., Jiang, Y., Shuman, M., &amp; Kanwisher, N. (2001). A
cortical area selective for visual processing of the human body.
Science, 293, 2470-2473.</mixed-citation>
         </ref>
         <ref id="d7859e249a1310">
            <mixed-citation id="d7859e253" publication-type="other">
Flash, T., &amp; Hogan, N. (1985). The coordination of arm movements:
An experimentally confirmed mathematical model. Journal of
Neuroscience, 5, 688-1703.</mixed-citation>
         </ref>
         <ref id="d7859e267a1310">
            <mixed-citation id="d7859e271" publication-type="other">
Freyd, J. J. (1983). The mental representation of movement when static
stimuli are viewed. Perception &amp; Psychophysics, 33, 575-581.</mixed-citation>
         </ref>
         <ref id="d7859e281a1310">
            <mixed-citation id="d7859e285" publication-type="other">
Giese, M. A., &amp; Poggio, T. (2003). Neural mechanisms for the recog-
nition of biological movements. Nature Reviews Neuroscience,
4, 179-192.</mixed-citation>
         </ref>
         <ref id="d7859e298a1310">
            <mixed-citation id="d7859e302" publication-type="other">
Graf, M., Reitzner, B., Corves, C, Casile, D., Giese, M., &amp; Prinz, W.
(2007). Predicting point-light actions in real-time. Neurolmage, 36,
T22-T32.</mixed-citation>
         </ref>
         <ref id="d7859e315a1310">
            <mixed-citation id="d7859e319" publication-type="other">
Grosjean, M., Shiffrar, M., &amp; Knoblich, G (2007). Fitts's law holds
for action perception. Psychological Science, 18, 95-99.</mixed-citation>
         </ref>
         <ref id="d7859e329a1310">
            <mixed-citation id="d7859e333" publication-type="other">
Johansson, G. (1973). Visual perception of biological motion and
a model for its analysis. Perception &amp; Psychophysics, 14,201-211.</mixed-citation>
         </ref>
         <ref id="d7859e343a1310">
            <mixed-citation id="d7859e347" publication-type="other">
Kourtzi, Z., &amp; Shiffrar, M. (1999). Dynamic representations of
human body movement. Perception, 28, 49-62.</mixed-citation>
         </ref>
         <ref id="d7859e358a1310">
            <mixed-citation id="d7859e362" publication-type="other">
Mather, G, Radford, K., &amp; West, S. (1992). Low-level visual pro-
cessing of biological motion. Proceedings of the Royal Society B:
Biological Sciences, 249, 149-155.</mixed-citation>
         </ref>
         <ref id="d7859e375a1310">
            <mixed-citation id="d7859e379" publication-type="other">
Reed, C. L., Stone, V. E., Bozova, S., &amp; Tanaka, J. (2003). The
body inversion effect. Psychological Science, 14, 302-308.</mixed-citation>
         </ref>
         <ref id="d7859e389a1310">
            <mixed-citation id="d7859e393" publication-type="other">
Shiffrar, M., &amp; Freyd, J. J. (1990). Apparent motion of the human
body. Psychological Science, 1, 257-264.</mixed-citation>
         </ref>
         <ref id="d7859e403a1310">
            <mixed-citation id="d7859e407" publication-type="other">
Shiffrar, M., &amp; Freyd, J. J. (1993). Timing and apparent motion path
choice with human body photographs. Psychological Science, 4,
379-384.</mixed-citation>
         </ref>
         <ref id="d7859e420a1310">
            <mixed-citation id="d7859e424" publication-type="other">
Stevens, J. A., Fonlupt, P., Shiffrar, M., &amp; Decety, J. (2000). New
aspects of motion perception: Selective neural encoding of
apparent human movements. NeuroReport, 11, 109-115.</mixed-citation>
         </ref>
         <ref id="d7859e437a1310">
            <mixed-citation id="d7859e441" publication-type="other">
Thornton, I. M., Rensink, R. A., &amp; Shiffrar, M. (2002). Active ver-
sus passive processing of biological motion. Perception, 31,
837-853.</mixed-citation>
         </ref>
         <ref id="d7859e455a1310">
            <mixed-citation id="d7859e459" publication-type="other">
Tse, P., Intriligator, J., Rivest, J., &amp; Cavanagh, P. (2004). Attention
and the subjective expansion of time. Perception &amp; Psychophys-
ics, 66, 1171-1189.</mixed-citation>
         </ref>
         <ref id="d7859e472a1310">
            <mixed-citation id="d7859e476" publication-type="other">
Verfaillie, K., &amp; Daems, A. (2002). Representing and anticipating
human actions in vision. Visual Cognition, 9,217-232.</mixed-citation>
         </ref>
         <ref id="d7859e486a1310">
            <mixed-citation id="d7859e490" publication-type="other">
Wearden, J. H., &amp; Ferrara, A. (1995). Stimulus spacing effects in
temporal bisection by humans. Quarterly Journal of Experimen-
tal Psychology, 48B, 289-310.</mixed-citation>
         </ref>
         <ref id="d7859e503a1310">
            <mixed-citation id="d7859e507" publication-type="other">
Wearden, J. H., &amp; Ferrara, A. (1996). Stimulus range effects in tem-
poral bisection by humans. Quarterly Journal of Experimental
Psychology, 49B, 24-44.</mixed-citation>
         </ref>
      </ref-list>
   </back>
</article>
