<article dtd-version="1.0" article-type="research-article">
   <front>
      <journal-meta>
         <journal-id xmlns:xlink="http://www.w3.org/1999/xlink" journal-id-type="jstor">psychsci</journal-id>
         <journal-id xmlns:xlink="http://www.w3.org/1999/xlink" journal-id-type="jstor">j50000277</journal-id>
         <journal-title-group xmlns:xlink="http://www.w3.org/1999/xlink">
            <journal-title>Psychological Science</journal-title>
         </journal-title-group>
         <publisher>
            <publisher-name>SAGE Publications</publisher-name>
         </publisher>
         <issn xmlns:xlink="http://www.w3.org/1999/xlink" pub-type="ppub">09567976</issn>
         <issn xmlns:xlink="http://www.w3.org/1999/xlink" pub-type="epub">14679280</issn>
      </journal-meta>
      <article-meta>
         <article-id xmlns:xlink="http://www.w3.org/1999/xlink" pub-id-type="jstor">25835427</article-id>
         <title-group>
            <article-title>Inhibitory Spillover: Increased Urination Urgency Facilitates Impulse Control in Unrelated Domains</article-title>
         </title-group>
         <contrib-group>
            <contrib>
               <string-name xmlns:xlink="http://www.w3.org/1999/xlink">
                  <given-names>Mirjam A.</given-names>
                  <surname>Tuk</surname>
               </string-name>
            </contrib>
            <contrib>
               <string-name xmlns:xlink="http://www.w3.org/1999/xlink">
                  <given-names>Debra</given-names>
                  <surname>Trampe</surname>
               </string-name>
            </contrib>
            <contrib>
               <string-name xmlns:xlink="http://www.w3.org/1999/xlink">
                  <given-names>Luk</given-names>
                  <surname>Warlop</surname>
               </string-name>
            </contrib>
         </contrib-group>
         <pub-date xmlns:xlink="http://www.w3.org/1999/xlink">
            <day>1</day>
            <month>5</month>
            <year>2011</year>
         </pub-date>
         <volume>22</volume>
         <issue>5</issue>
         <issue-id xmlns:xlink="http://www.w3.org/1999/xlink">i25835415</issue-id>
         <fpage>627</fpage>
         <lpage>633</lpage>
         <permissions>
            <copyright-statement>Copyright © 2011 Association for Psychological Science</copyright-statement>
         </permissions>
         <self-uri xmlns:xlink="http://www.w3.org/1999/xlink"
                   xlink:role="external-fulltext-any"
                   xlink:href="http://dx.doi.org/10.1177/0956797611404901"
                   xlink:title="an external site"/>
         <abstract>
            <p>Visceral states are known to reduce the ability to exert self-control. In the current research, we investigated how self-control is affected by a visceral factor associated with inhibition rather than with approach: bladder control. We designed four studies to test the hypothesis that inhibitory signals are not domain-specific but can spill over to unrelated domains, resulting in increased impulse control in the behavioral domain. In Study 1, participants' urination urgency correlated with performance on color-naming but not word-meaning trials of a Stroop task. In Studies 2 and 3, we found that higher levels of bladder pressure resulted in an increased ability to resist impulsive choices in monetary decision making. We found that inhibitory spillover effects are moderated by sensitivity of the Behavioral Inhibition System (Study 3) and can be induced by exogenous cues (Study 4). Implications for inhibition and impulse-control theories are discussed.</p>
         </abstract>
         <custom-meta-group xmlns:xlink="http://www.w3.org/1999/xlink">
            <custom-meta>
               <meta-name>lang</meta-name>
               <meta-value>eng</meta-value>
            </custom-meta>
         </custom-meta-group>
      </article-meta>
   </front>
   <back>
      <ref-list>
         <title>Note</title>
         <ref id="d10321e149a1310">
            <label>1</label>
            <mixed-citation id="d10321e156" publication-type="other">
Marieb, Hoehn, Hutchinson, &amp; Hutchings, 2007</mixed-citation>
         </ref>
      </ref-list>
      <ref-list>
         <title>References</title>
         <ref id="d10321e172a1310">
            <mixed-citation id="d10321e176" publication-type="other">
Amodio, D.M., Master, S.L., Yee, C.M., &amp; Taylor, S.E. (2008).
Neurocognitive components of the behavioral inhibition and
activation systems: Implications for theories of self-regulation.
Psychophysiology, 45, 11-19.</mixed-citation>
         </ref>
         <ref id="d10321e192a1310">
            <mixed-citation id="d10321e196" publication-type="other">
Ariely, D., &amp; Loewenstein, G. (2006). The heat of the moment: The
effect of sexual arousal on sexual decision making. Journal of
Behavioral Decision Making, 19, 87-98.</mixed-citation>
         </ref>
         <ref id="d10321e209a1310">
            <mixed-citation id="d10321e213" publication-type="other">
Baumeister, R.F. (2002). Yielding to temptation: Self-control fail-
ure, impulsive purchasing, and consumer behavior. Journal of
Consumer Research, 28, 670-676.</mixed-citation>
         </ref>
         <ref id="d10321e226a1310">
            <mixed-citation id="d10321e230" publication-type="other">
Baumeister, R.F., Bratslavsky, E., Muraven, M., &amp; Tice, D.M. (1998).
Ego depletion: Is the active self a limited resource? Journal of
Personality and Social Psychology, 74, 1252-1265.</mixed-citation>
         </ref>
         <ref id="d10321e244a1310">
            <mixed-citation id="d10321e248" publication-type="other">
Baumeister, R.F., Vohs, K.D., &amp; Tice, D.M. (2007). The strength
model of self-control. Current Directions in Psychological Sci-
ence, 16, 351-355.</mixed-citation>
         </ref>
         <ref id="d10321e261a1310">
            <mixed-citation id="d10321e265" publication-type="other">
Berkman, E.T., Burklund, L., &amp; Lieberman, M.D. (2009). Inhibi-
tory spillover: Intentional motor inhibition produces incidental
limbic inhibition via right inferior frontal cortex. Neurolmage,
47 705-712.</mixed-citation>
         </ref>
         <ref id="d10321e281a1310">
            <mixed-citation id="d10321e285" publication-type="other">
Briers, B., Pandelaere, M., Dewitte, S., &amp; Warlop, L. (2006). Hungry
for money: The desire for caloric resources increases the desire
for financial resources and vice versa. Psychological Science, 17,
939-943.</mixed-citation>
         </ref>
         <ref id="d10321e301a1310">
            <mixed-citation id="d10321e305" publication-type="other">
Camerer, C., Loewenstein, G., &amp; Prelec, D. (2005). Neuroeconomics:
How neuroscience can inform economics. Journal of Economic
Literature, 43, 9-64.</mixed-citation>
         </ref>
         <ref id="d10321e318a1310">
            <mixed-citation id="d10321e322" publication-type="other">
Carver, C.S., &amp; White, T.L. (1994). Behavioral inhibition, behavioral
activation, and affective responses to impending reward and pun-
ishment: The BIS/BAS Scales. Journal ofPersonality and Social
Psychology, 67, 3 19-333.</mixed-citation>
         </ref>
         <ref id="d10321e338a1310">
            <mixed-citation id="d10321e342" publication-type="other">
Dewitte, S., Bruyneel, S.D., &amp; Geyskens, K. (2009). Self-regulating
enhances self-regulation in subsequent consumer decisions involv-
ing similar response conflicts. Journal of Consumer Research, 36,
394-405.</mixed-citation>
         </ref>
         <ref id="d10321e359a1310">
            <mixed-citation id="d10321e363" publication-type="other">
Dijksterhuis, A., &amp; van Knippenberg, A. (1998). The relation between
perception and behavior, or how to win a game of trivial pursuit.
Journal ofPersonality and Social Psychology, 74, 865-877.</mixed-citation>
         </ref>
         <ref id="d10321e376a1310">
            <mixed-citation id="d10321e380" publication-type="other">
Fitzsimons, G.J. (2008). Death to dichotomizing. Journal of Con-
sumer Research, 35, 5-8.</mixed-citation>
         </ref>
         <ref id="d10321e390a1310">
            <mixed-citation id="d10321e394" publication-type="other">
Gray, J.A. (1990). Brain systems that mediate both emotion and cog-
nition. Cognition &amp; Emotion, 4, 269-288.</mixed-citation>
         </ref>
         <ref id="d10321e404a1310">
            <mixed-citation id="d10321e408" publication-type="other">
Griffiths, D. (2007). Imaging bladder sensations. Neurourology and
Urodynamics, 26, 899-903.</mixed-citation>
         </ref>
         <ref id="d10321e418a1310">
            <mixed-citation id="d10321e422" publication-type="other">
Griffiths, D., &amp; Tadic, S.D. (2008). Bladder control, urgency, and
urge incontinence: Evidence from functional brain imaging.
Neurourology and Urodynamics, 27, 466-474.</mixed-citation>
         </ref>
         <ref id="d10321e435a1310">
            <mixed-citation id="d10321e439" publication-type="other">
Hagger, M.S., Wood, C., Stiff, C., &amp; Chatzisarantis, N.L.D. (2010).
Ego depletion and the strength model of self-control: A meta-
analysis. Psychological Bulletin, 136, 495-525.</mixed-citation>
         </ref>
         <ref id="d10321e453a1310">
            <mixed-citation id="d10321e457" publication-type="other">
Hung, I.W., &amp; Labroo, A.A. (in press). From firm muscles to firm
willpower: Understanding the role of embodied cognition in self-
regulation. Journal of Consumer Research.</mixed-citation>
         </ref>
         <ref id="d10321e470a1310">
            <mixed-citation id="d10321e474" publication-type="other">
Lammers, J., Galinsky, A.D., Gordijn, E.H., &amp; Otten, S. (2008). Ille-
gitimacy moderates the effects of power on approach. Psycho-
logical Science, 19, 558-564.</mixed-citation>
         </ref>
         <ref id="d10321e487a1310">
            <mixed-citation id="d10321e491" publication-type="other">
Li, X.P. (2008). The effects of appetitive stimuli on out-of-domain
consumption impatience. Journal of Consumer Research, 34,
649-656.</mixed-citation>
         </ref>
         <ref id="d10321e504a1310">
            <mixed-citation id="d10321e508" publication-type="other">
Loewenstein, G. (1996). Out of control: Visceral influences on behav-
ior. Organizational Behavior and Human Decision Processes, 65,
272-292.</mixed-citation>
         </ref>
         <ref id="d10321e521a1310">
            <mixed-citation id="d10321e525" publication-type="other">
Marieb, E.N., Hoehn, K., Hutchinson, M., &amp; Hutchings, R. (2007).
Human anatomy &amp; physiology (7th ed.). San Francisco, CA:
Pearson International.</mixed-citation>
         </ref>
         <ref id="d10321e538a1310">
            <mixed-citation id="d10321e542" publication-type="other">
Nordgren, L.F., van der Pligt, J., &amp; van Harreveld, F. (2006). Visceral
drives in retrospect: Explanations about the inaccessible past.
Psychological Science, 17, 635-640.</mixed-citation>
         </ref>
         <ref id="d10321e556a1310">
            <mixed-citation id="d10321e560" publication-type="other">
Preacher, K.J., &amp; Hayes, A.F. (2004). SPSS and SAS procedures for
estimating indirect effects in simple mediation models. Behavior
Research Methods, Instruments, &amp; Computers, 36, 717-73 1.</mixed-citation>
         </ref>
         <ref id="d10321e573a1310">
            <mixed-citation id="d10321e577" publication-type="other">
Shackman, A.J., McMenamin, B.W., Maxwell, J.S., Greischar, L.L.,
&amp; Davidson, R.J. (2009). Right dorsolateral prefrontal cortical
activity and behavioral inhibition. Psychological Science, 20,
1500-1506.</mixed-citation>
         </ref>
         <ref id="d10321e593a1310">
            <mixed-citation id="d10321e597" publication-type="other">
Shrout, P.E., &amp; Bolger, N. (2002). Mediation in experimental and
nonexperimental studies: New procedures and recommendations.
Psychological Methods, 7, 422-445.</mixed-citation>
         </ref>
         <ref id="d10321e610a1310">
            <mixed-citation id="d10321e614" publication-type="other">
Stroop, J.R. (1935). Studies of interference in serial verbal reactions.
Journal of Experimental Psychology, 18, 643-662.</mixed-citation>
         </ref>
         <ref id="d10321e624a1310">
            <mixed-citation id="d10321e628" publication-type="other">
Torrubia, R., Avila, C., Molto, J., &amp; Caseras, X. (2001). The Sen-
sitivity to Punishment and Sensitivity to Reward Questionnaire
(SPSRQ) as a measure of Gray's anxiety and impulsivity dimen-
sions. Personality and Individual Differences, 31, 837-862.</mixed-citation>
         </ref>
         <ref id="d10321e644a1310">
            <mixed-citation id="d10321e648" publication-type="other">
Van den Bergh, B., Dewitte, S., &amp; Warlop, L. (2008). Bikinis insti-
gate generalized impatience in intertemporal choice. Journal of
Consumer Research, 35, 85-97.</mixed-citation>
         </ref>
         <ref id="d10321e662a1310">
            <mixed-citation id="d10321e666" publication-type="other">
Vohs, K.D. (2006). Self-regulatory resources power the reflective
system: Evidence from five domains. Journal of Consumer Psy-
chology, 16, 217-223.</mixed-citation>
         </ref>
         <ref id="d10321e679a1310">
            <mixed-citation id="d10321e683" publication-type="other">
Vohs, K.D., &amp; Heatherton, T.F. (2000). Self-regulatory failure:
A resource-depletion approach. Psychological Science, 11,
249-254.</mixed-citation>
         </ref>
         <ref id="d10321e696a1310">
            <mixed-citation id="d10321e700" publication-type="other">
Wadhwa, M., Shiv, B., &amp; Nowlis, S.M. (2008). A bite to whet the
reward appetite: The influence of sampling on reward-seeking
behaviors. Journal ofMarketing Research, 45, 403-413.</mixed-citation>
         </ref>
         <ref id="d10321e713a1310">
            <mixed-citation id="d10321e717" publication-type="other">
Zhao, X., Lynch, J.G., Jr., &amp; Chen, Q. (2010). Reconsidering Baron
and Kenny: Myths and truths about mediation analysis. Journal
of Consumer Research, 37, 197-206.</mixed-citation>
         </ref>
      </ref-list>
   </back>
</article>
