<article dtd-version="1.0" article-type="research-article">
   <front>
      <journal-meta>
         <journal-id xmlns:xlink="http://www.w3.org/1999/xlink" journal-id-type="jstor">psychsci</journal-id>
         <journal-id xmlns:xlink="http://www.w3.org/1999/xlink" journal-id-type="jstor">j50000277</journal-id>
         <journal-title-group xmlns:xlink="http://www.w3.org/1999/xlink">
            <journal-title>Psychological Science</journal-title>
         </journal-title-group>
         <publisher>
            <publisher-name>SAGE Publications</publisher-name>
         </publisher>
         <issn xmlns:xlink="http://www.w3.org/1999/xlink" pub-type="ppub">09567976</issn>
         <issn xmlns:xlink="http://www.w3.org/1999/xlink" pub-type="epub">14679280</issn>
      </journal-meta>
      <article-meta>
         <article-id xmlns:xlink="http://www.w3.org/1999/xlink" pub-id-type="jstor">25835483</article-id>
         <title-group>
            <article-title>Getting a Grip on Drinking Behavior: Training Working Memory to Reduce Alcohol Abuse</article-title>
         </title-group>
         <contrib-group>
            <contrib>
               <string-name xmlns:xlink="http://www.w3.org/1999/xlink">
                  <given-names>Katrijn</given-names>
                  <surname>Houben</surname>
               </string-name>
            </contrib>
            <contrib>
               <string-name xmlns:xlink="http://www.w3.org/1999/xlink">
                  <given-names>Reinout W.</given-names>
                  <surname>Wiers</surname>
               </string-name>
            </contrib>
            <contrib>
               <string-name xmlns:xlink="http://www.w3.org/1999/xlink">
                  <given-names>Anita</given-names>
                  <surname>Jansen</surname>
               </string-name>
            </contrib>
         </contrib-group>
         <pub-date xmlns:xlink="http://www.w3.org/1999/xlink">
            <day>1</day>
            <month>7</month>
            <year>2011</year>
         </pub-date>
         <volume>22</volume>
         <issue>7</issue>
         <issue-id xmlns:xlink="http://www.w3.org/1999/xlink">i25835462</issue-id>
         <fpage>968</fpage>
         <lpage>975</lpage>
         <permissions>
            <copyright-statement>Copyright © 2011 Association for Psychological Science</copyright-statement>
         </permissions>
         <self-uri xmlns:xlink="http://www.w3.org/1999/xlink"
                   xlink:role="external-fulltext-any"
                   xlink:href="http://dx.doi.org/10.1177/0956797611412392"
                   xlink:title="an external site"/>
         <abstract>
            <p>Alcohol abuse disrupts core executive functions, including working memory (WM)—the ability to maintain and manipulate goal-relevant information. When executive functions like WM are weakened, drinking behavior gets out of control and is guided more strongly by automatic impulses. This study investigated whether training WM restores control over drinking behavior. Forty-eight problem drinkers performed WM training tasks or control tasks during 25 sessions over at least 25 days. Before and after training, we measured WM and drinking behavior. Training WM improved WM and reduced alcohol intake for more than 1 month after the training. Further, the indirect effect of training on alcohol use through improved WM was moderated by participants' levels of automatic impulses: Increased WM reduced alcohol consumption in participants with relatively strong automatic preferences for alcohol. These findings are consistent with the theoretical framework and demonstrate that training WM may be an effective strategy to reduce alcohol use by increasing control over automatic impulses to drink alcohol.</p>
         </abstract>
         <custom-meta-group xmlns:xlink="http://www.w3.org/1999/xlink">
            <custom-meta>
               <meta-name>lang</meta-name>
               <meta-value>eng</meta-value>
            </custom-meta>
         </custom-meta-group>
      </article-meta>
   </front>
   <back>
      <ref-list>
         <title>References</title>
         <ref id="d8486e204a1310">
            <mixed-citation id="d8486e208" publication-type="other">
Baddeley, A. D. (1986). Working memory. New York, NY: Oxford
University Press.</mixed-citation>
         </ref>
         <ref id="d8486e218a1310">
            <mixed-citation id="d8486e222" publication-type="other">
Bechara, A., &amp; Martin, E. M. (2004). Impaired decision making
related to working memory deficits in individuals with substance
addictions. Neuropsychology, 18, 152-162.</mixed-citation>
         </ref>
         <ref id="d8486e235a1310">
            <mixed-citation id="d8486e239" publication-type="other">
Beck, S. J., Hanson, C. A., Puffenberger, S. S., Benninger, K. L., &amp;
Benninger, W. B. (2010). A controlled trial of working memory
training for children and adolescents with ADHD. Journal of
Clinical Child and Adolescent Psychology, 39, 825-836.</mixed-citation>
         </ref>
         <ref id="d8486e255a1310">
            <mixed-citation id="d8486e259" publication-type="other">
Borella, E., Carretti, B., Riboldi, F., &amp; De Beni, R. (2010). Working
memory training in older adults: Evidence of transfer and mainte-
nance effects. Psychology and Aging, 25,161-11%.</mixed-citation>
         </ref>
         <ref id="d8486e273a1310">
            <mixed-citation id="d8486e277" publication-type="other">
Cohen, J., Cohen, P., West, S. G., &amp; Aiken, L. S. (2003). Applied mul-
tiple regression/correlation analysis for the behavioral sciences.
Mah wah, NJ: Erlbaum.</mixed-citation>
         </ref>
         <ref id="d8486e290a1310">
            <mixed-citation id="d8486e294" publication-type="other">
Deutsch, R., &amp; Strack, F. (2006). Reflective and impulsive determi-
nants of addictive behavior. In R. W. Wiers &amp; A. W. Stacy (Eds.),
Handbook of implicit cognition and addiction (pp. 45-57). Thou-
sand Oaks, CA: Sage.</mixed-citation>
         </ref>
         <ref id="d8486e310a1310">
            <mixed-citation id="d8486e314" publication-type="other">
Engle, R. W., Tuholski, S. W., Laughlin, J. E., &amp; Conway, A. R. A.
(1999). Working memory capacity, short-term memory, and gen-
eral fluid intelligence: A latent-variable approach. Journal of
Experimental Psychology: General, 128, 309-331.</mixed-citation>
         </ref>
         <ref id="d8486e330a1310">
            <mixed-citation id="d8486e334" publication-type="other">
Fillmore, M. T, &amp; Vogel-Sprott, M. (2006). Acute effects of alcohol
and other drugs on automatic and intentional control. In R. W,
Wiers &amp; A. W. Stacy (Eds.), Handbook of implicit cognition and
addiction (pp. 293-306). Thousand Oaks, CA: Sage.</mixed-citation>
         </ref>
         <ref id="d8486e350a1310">
            <mixed-citation id="d8486e354" publication-type="other">
Finn, P. R., &amp; Hall, E. (2004). Cognitive ability and risk for alco-
holism: Short-term memory capacity and intelligence moderate
personality risk for alcohol problems. Journal of Abnormal Psy-
chology, 113, 569-581.</mixed-citation>
         </ref>
         <ref id="d8486e370a1310">
            <mixed-citation id="d8486e374" publication-type="other">
Friese, M., &amp; Hofmann, W. (2009). Control me or I will control you:
Impulses, trait self-control, and the guidance of behavior. Journal
of Research in Personality, 43, 795-805.</mixed-citation>
         </ref>
         <ref id="d8486e388a1310">
            <mixed-citation id="d8486e392" publication-type="other">
Friese, M., Hofmann, W., &amp; W nke, M. (2008). When impulses
take over: Moderated predictive validity of explicit and implicit
attitude measures in predicting food choice and consumption.
Behaviour, B47, 397^19.</mixed-citation>
         </ref>
         <ref id="d8486e408a1310">
            <mixed-citation id="d8486e412" publication-type="other">
Goldstein, R. Z., &amp; Volkow, N. D. (2002). Drug addiction and its
underlying neurobiological basis: Neuroimaging evidence for the
involvement of the frontal cortex. American Journal of Psychia-
try, 159, 1642-1652.</mixed-citation>
         </ref>
         <ref id="d8486e428a1310">
            <mixed-citation id="d8486e432" publication-type="other">
Goudriaan, A. E., Oosterlaan, J., de Beurs, E., &amp; van den Brink, W.
(2005). Decision making in pathological gambling: A compari-
son between pathological gamblers, alcohol dependents, persons
with Tourette syndrome, and normal controls. Cognitive Brain
Research, 23, 137-151.</mixed-citation>
         </ref>
         <ref id="d8486e451a1310">
            <mixed-citation id="d8486e455" publication-type="other">
Greenwald, A. G., McGhee, D. E., &amp; Schwartz, J. L. K. (1998). Mea-
suring individual differences in implicit cognition: The Implicit
Association Test. Journal of Personality and Social Psychology,
74, 1464-1480.</mixed-citation>
         </ref>
         <ref id="d8486e471a1310">
            <mixed-citation id="d8486e475" publication-type="other">
Greenwald, A. G., Nosek, B. A., &amp; Banaji, M. R. (2003). Understand-
ing and using the Implicit Association Test: I. An improved scor-
ing algorithm. Journal of Personality and Social Psychology, 85,
197-216.</mixed-citation>
         </ref>
         <ref id="d8486e491a1310">
            <mixed-citation id="d8486e495" publication-type="other">
Holmes, J., Gathercole, S. E., &amp; Dunning, D. L. (2009). Adaptive
training leads to sustained enhancement of poor working memory
in children. Developmental Science, 12, F9-F15.</mixed-citation>
         </ref>
         <ref id="d8486e509a1310">
            <mixed-citation id="d8486e513" publication-type="other">
Holmes, J., Gathercole, S. E., Place, M., Dunning, D. L., Hilton,
K. A., &amp; Elliott, J. G. (2010). Working memory deficits can be
overcome: Impacts of training and medication on working mem-
ory in children with ADHD. Applied Cognitive Psychology, 24,
827-836.</mixed-citation>
         </ref>
         <ref id="d8486e532a1310">
            <mixed-citation id="d8486e536" publication-type="other">
Houben, K., &amp; Wiers, R. W. (2008a). Implicitly positive about alco-
hol? Implicit positive associations predict drinking behavior.
Addictive Behaviors, 33, 979-986.</mixed-citation>
         </ref>
         <ref id="d8486e549a1310">
            <mixed-citation id="d8486e553" publication-type="other">
Houben, K., &amp; Wiers, R. W. (2008b). Measuring implicit alcohol
associations via the Internet: Validation of Web-based Implicit
Association Tests. Behavior Research Methods, 40, 1134-1143.</mixed-citation>
         </ref>
         <ref id="d8486e566a1310">
            <mixed-citation id="d8486e570" publication-type="other">
Houben, K., &amp; Wiers, R. W. (2009). Response inhibition moderates
the influence of implicit associations on drinking behavior. Alco-
holism: Clinical and Experimental Research, 33, 1-8.</mixed-citation>
         </ref>
         <ref id="d8486e583a1310">
            <mixed-citation id="d8486e587" publication-type="other">
Jajodia, A., &amp; Earleywine, M. (2003). Measuring alcohol expectan-
cies with the Implicit Association Test. Psychology of Addictive
Behaviors, 17, 126-133.</mixed-citation>
         </ref>
         <ref id="d8486e600a1310">
            <mixed-citation id="d8486e604" publication-type="other">
Kamarajan, C., Porjesz, B., Jones, K. A., Choi, K., Chorlian, D. B.,
Padmanabhapillai, A., . . . Begleiter, H. (2005). Alcoholism is a
disinhibitory disorder: Neurophysiological evidence from a Go/
No-Go task. Biological Psychology, 69, 353-373.</mixed-citation>
         </ref>
         <ref id="d8486e621a1310">
            <mixed-citation id="d8486e625" publication-type="other">
Kane, M. J., Bleckley, M. K, Conway, A. R. A., &amp; Engle, R. W.
(2001). A controlled-attention view of working-memory capac-
ity. Journal of Experimental Psychology: General, 130,169-183.</mixed-citation>
         </ref>
         <ref id="d8486e638a1310">
            <mixed-citation id="d8486e642" publication-type="other">
Klingberg, T. (2010). Training and plasticity of working memory.
Trends in Cognitive Sciences, 14, 317-324.</mixed-citation>
         </ref>
         <ref id="d8486e652a1310">
            <mixed-citation id="d8486e656" publication-type="other">
Klingberg, T., Forssberg, H., &amp; Westerberg, H. (2002). Training of
working memory in children with ADHD. Journal of Clinical
and Experimental Neuropsychology, 24, 781-791.</mixed-citation>
         </ref>
         <ref id="d8486e669a1310">
            <mixed-citation id="d8486e675" publication-type="other">
Nigg, J. T., Wong, M. M., Martel, M. M., Puttler, L. I., Adams,
K. M., Zucker, R. A., . . . Zucker, R. A. (2006). Poor response
inhibition as a predictor of problem drinking and illicit drug use in
adolescents at risk for alcoholism and other substance use disor-
ders. Journal of the American Academy of Child and Adolescent
Psychiatry, 45, 468-475.</mixed-citation>
         </ref>
         <ref id="d8486e698a1310">
            <mixed-citation id="d8486e702" publication-type="other">
No l, X., Bechara, A., Dan, B., Hanak, C., &amp; Verbanck, P. (2007).
Response inhibition deficit is involved in poor decision making
under risk in nonamnesic individuals with alcoholism. Neuropsy-
chology, 21, 778-786.</mixed-citation>
         </ref>
         <ref id="d8486e718a1310">
            <mixed-citation id="d8486e722" publication-type="other">
No l, X., Van der Linden, M., d'Acremont, M., Colmant, M., Hanak, C.,
Pele, I.,... Bechara, A. (2005). Cognitive biases toward alcohol-
related words and executive deficits in polysubstance abusers
with alcoholism. Addiction, 100, 1302-1309.</mixed-citation>
         </ref>
         <ref id="d8486e739a1310">
            <mixed-citation id="d8486e743" publication-type="other">
Norman, D. A., &amp; Shallice, T. (1986). Attention to action: Willed
and automatic control of behavior. In R. J. Davidson, G. E.
Schwartz, &amp; D. Shapiro (Eds.), Consciousness and self-regulation:
Advances in research and theory (pp. 1-18). New York, NY:
Plenum.</mixed-citation>
         </ref>
         <ref id="d8486e762a1310">
            <mixed-citation id="d8486e766" publication-type="other">
Preacher, K. J., Rucker, D. D., &amp; Hayes, A. F. (2007). Addressing
moderated mediation hypotheses: Theory, methods, and prescrip-
tions. Multivariate Behavioral Research, 42, 185-227.</mixed-citation>
         </ref>
         <ref id="d8486e779a1310">
            <mixed-citation id="d8486e783" publication-type="other">
Saunders, J. B., Aasland, O. G., Babor, T. F., De la Fuente, J. R.,
&amp; Grant, M. (1993). Development of the Alcohol Use Disorders
Identification Test (AUDIT): WHO collaborative project on early
detection of persons with harmful alcohol consumption. Addic-
tion, 88, 791-804.</mixed-citation>
         </ref>
         <ref id="d8486e802a1310">
            <mixed-citation id="d8486e806" publication-type="other">
Sobell, L. C., &amp; Sobell, M. B. (1990). Self-report issues in alcohol
abuse: State of the art and future directions. Behavioral Assess-
ment, 12, 77-90.</mixed-citation>
         </ref>
         <ref id="d8486e819a1310">
            <mixed-citation id="d8486e823" publication-type="other">
Strack, F., &amp; Deutsch, R. (2004). Reflective and impulsive deter-
minants of social behavior. Personality and Social Psychology
Review, 8, 220-247.</mixed-citation>
         </ref>
         <ref id="d8486e836a1310">
            <mixed-citation id="d8486e840" publication-type="other">
Thoreil, L. B., Lindqvist, S., Bergman, S., Bohlin, G., &amp; Klingberg,
T. (2009). Training and transfer effects of executive functions in
preschool children. Developmental Science, 12, 106-113.</mixed-citation>
         </ref>
         <ref id="d8486e854a1310">
            <mixed-citation id="d8486e858" publication-type="other">
Thush, C., Wiers, R. W., Ames, S. L., Grenard, J. L., Sussman, S., &amp;
Stacy, A. W. (2008). Interactions between implicit and explicit
cognition and working memory capacity in the prediction of alco-
hol use in at-risk adolescents. Drug and Alcohol Dependence, 94,
116-124.</mixed-citation>
         </ref>
         <ref id="d8486e877a1310">
            <mixed-citation id="d8486e881" publication-type="other">
Verdejo-Garcia, A., Lawrence, A. J., &amp; Clark, L. (2008). Impulsivity
as a vulnerability marker for substance-use disorders: Review of
findings from high-risk research, problem gamblers and genetic
association studies. Neuroscience &amp; Biobehavioral Reviews, 32,
777-810.</mixed-citation>
         </ref>
      </ref-list>
   </back>
</article>
