<article dtd-version="1.0" article-type="research-article">
   <front>
      <journal-meta>
         <journal-id xmlns:xlink="http://www.w3.org/1999/xlink" journal-id-type="jstor">psychsci</journal-id>
         <journal-id xmlns:xlink="http://www.w3.org/1999/xlink" journal-id-type="jstor">j50000277</journal-id>
         <journal-title-group xmlns:xlink="http://www.w3.org/1999/xlink">
            <journal-title>Psychological Science</journal-title>
         </journal-title-group>
         <publisher>
            <publisher-name>SAGE Publications</publisher-name>
         </publisher>
         <issn xmlns:xlink="http://www.w3.org/1999/xlink" pub-type="ppub">09567976</issn>
         <issn xmlns:xlink="http://www.w3.org/1999/xlink" pub-type="epub">14679280</issn>
      </journal-meta>
      <article-meta>
         <article-id xmlns:xlink="http://www.w3.org/1999/xlink" pub-id-type="jstor">25835422</article-id>
         <article-categories>
            <subj-group>
               <subject>Research Report</subject>
            </subj-group>
         </article-categories>
         <title-group>
            <article-title>Absorbed in Thought: The Effect of Mind Wandering on the Processing of Relevant and Irrelevant Events</article-title>
         </title-group>
         <contrib-group>
            <contrib>
               <string-name xmlns:xlink="http://www.w3.org/1999/xlink">
                  <given-names>Evelyn</given-names>
                  <surname>Barron</surname>
               </string-name>
            </contrib>
            <contrib>
               <string-name xmlns:xlink="http://www.w3.org/1999/xlink">
                  <given-names>Leigh M.</given-names>
                  <surname>Riby</surname>
               </string-name>
            </contrib>
            <contrib>
               <string-name xmlns:xlink="http://www.w3.org/1999/xlink">
                  <given-names>Joanna</given-names>
                  <surname>Greer</surname>
               </string-name>
            </contrib>
            <contrib>
               <string-name xmlns:xlink="http://www.w3.org/1999/xlink">
                  <given-names>Jonathan</given-names>
                  <surname>Smallwood</surname>
               </string-name>
            </contrib>
         </contrib-group>
         <pub-date xmlns:xlink="http://www.w3.org/1999/xlink">
            <day>1</day>
            <month>5</month>
            <year>2011</year>
         </pub-date>
         <volume>22</volume>
         <issue>5</issue>
         <issue-id xmlns:xlink="http://www.w3.org/1999/xlink">i25835415</issue-id>
         <fpage>596</fpage>
         <lpage>601</lpage>
         <permissions>
            <copyright-statement>Copyright © 2011 Association for Psychological Science</copyright-statement>
         </permissions>
         <self-uri xmlns:xlink="http://www.w3.org/1999/xlink"
                   xlink:role="external-fulltext-any"
                   xlink:href="http://dx.doi.org/10.1177/0956797611404083"
                   xlink:title="an external site"/>
         <abstract>
            <p>This study used event-related potentials to explore whether mind wandering (task-unrelated thought, or TUT) emerges through general problems in distraction, deficits of task-relevant processing (the executive-function view), or a general reduction in attention to external events regardless of their relevance (the decoupling hypothesis). Twenty-five participants performed a visual oddball task, in which they were required to differentiate between a rare target stimulus (to measure task-relevant processes), a rare novel stimulus (to measure distractor processing), and a frequent nontarget stimulus. TUT was measured immediately following task performance using a validated retrospective measure. High levels of TUT were associated with a reduction in cortical processing of task-relevant events and distractor stimuli. These data contradict the suggestion that mind wandering is associated with distraction problems or specific deficits in task-relevant processes. Instead, the data are consistent with the decoupling hypothesis: that TUT dampens the processing of sensory information irrespective of that information's task relevance.</p>
         </abstract>
         <custom-meta-group xmlns:xlink="http://www.w3.org/1999/xlink">
            <custom-meta>
               <meta-name>lang</meta-name>
               <meta-value>eng</meta-value>
            </custom-meta>
         </custom-meta-group>
      </article-meta>
   </front>
   <back>
      <ref-list>
         <title>References</title>
         <ref id="d10313e179a1310">
            <mixed-citation id="d10313e183" publication-type="other">
Buckner, R.L., Andrews-Hanna, J.R., &amp; Schacter, D.L. (2008).
The brain's default network anatomy, function, and relevance
to disease. Annals of the New YorkAcademy ofSciences, 1124, 1-38.</mixed-citation>
         </ref>
         <ref id="d10313e196a1310">
            <mixed-citation id="d10313e200" publication-type="other">
Christoff, K., Gordon, A.M., Smallwood, J., Smith, R., &amp; Schooler,
J.W. (2009). Experience sampling during fMRI reveals default
network and executive system contributions to mind wandering.
Proceedings of the National Academy of Sciences, USA, 106,
8719-8724.</mixed-citation>
         </ref>
         <ref id="d10313e219a1310">
            <mixed-citation id="d10313e223" publication-type="other">
Donchin, E., Kramer, A.F., &amp; Wickens, C. (1986). Applications
of brain event-related potentials to problems in engineer-
ing psychology. In M.G.H. Coles, E. Donchin, &amp; S.W. Porges
(Eds.), Psychophysiology: Systems, processes, and applications
(pp. 702-718). New York, NY: Guilford.</mixed-citation>
         </ref>
         <ref id="d10313e242a1310">
            <mixed-citation id="d10313e246" publication-type="other">
Escera, C., Alho, K., Scrogher, E., &amp; Winkler, I. (2000). Involun-
tary attention and distractability as evaluated with event-related
potentials. Audiology and Neuro-Otology, 5, 151-156.</mixed-citation>
         </ref>
         <ref id="d10313e260a1310">
            <mixed-citation id="d10313e264" publication-type="other">
Frith, C. (2007). Making up the mind: How the mind creates our men-
tal world. Oxford, England: Blackwell.</mixed-citation>
         </ref>
         <ref id="d10313e274a1310">
            <mixed-citation id="d10313e278" publication-type="other">
Frith, U., &amp; Frith, C.D. (2003). Development and neurophysiology of
mentalizing. Philosophical Transactions of the Royal Society B:
Biological Sciences, 358, 459-473.</mixed-citation>
         </ref>
         <ref id="d10313e291a1310">
            <mixed-citation id="d10313e295" publication-type="other">
Kam, J.W.Y., Dao, E., Farley, J., Fitzpatrick, K., Smallwood, J.,
Schooler, J.W., &amp; Handy, T.C. (2011). Slow fluctuations in atten-
tional control of sensory cortex. Journal of Cognitive Neurosci-
ence, 23, 460-470.</mixed-citation>
         </ref>
         <ref id="d10313e311a1310">
            <mixed-citation id="d10313e315" publication-type="other">
Karis, D., Fabiani, M., &amp; Donchin, E. (1984). "P300" and memory:
Individual differences in the von Restorff effect. Cognitive Psy-
chology, 16, 117-216.</mixed-citation>
         </ref>
         <ref id="d10313e328a1310">
            <mixed-citation id="d10313e332" publication-type="other">
Klem, G.H., Liiders, H.O., Jaspers, H.H., &amp; Elger, C. (1999). The
ten-twenty electrode system of the International Federation. Elec-
troencephalography &amp; Clinical Neurophysiology, 52, 3-6.</mixed-citation>
         </ref>
         <ref id="d10313e345a1310">
            <mixed-citation id="d10313e349" publication-type="other">
Knight, R.T. (1984). Decreased response to novel stimuli after pre-
frontal lesion in man. Electroencephalography &amp; Clinical Neuro-
physiology, 59, 9-20.</mixed-citation>
         </ref>
         <ref id="d10313e363a1310">
            <mixed-citation id="d10313e367" publication-type="other">
Knight, R.T. (1997). Distributed cortical network for visual attention.
Journal of Cognitive Neuroscience, 9, 75-91.</mixed-citation>
         </ref>
         <ref id="d10313e377a1310">
            <mixed-citation id="d10313e381" publication-type="other">
Mason, M.F., Norton, M.I., Van Horn, J.D., Wegner, D.M., Grafton,
S.T., &amp; Macrae, C.N. (2007). Wandering minds: The default
network and stimulus-independent thought. Science, 315,
393-395.</mixed-citation>
         </ref>
         <ref id="d10313e397a1310">
            <mixed-citation id="d10313e401" publication-type="other">
Matthews, G., Joyner, L., Gilliland, K., Campbell, S., Huggins, J., &amp;
Falconer, S. (1999). Validation of a comprehensive stress state
questionnaire: Towards a state "big three"? In I. Mervielde, I.J.
Deary, F. DeFruyt, &amp; F. Ostendorf (Eds.), Personality psychol-
ogy in Europe (Vol. 7, pp. 335-350). Tilburg, The Netherlands:
Tilburg University Press.</mixed-citation>
         </ref>
         <ref id="d10313e424a1310">
            <mixed-citation id="d10313e428" publication-type="other">
McVay, J.C., &amp; Kane, M.C. (2010). Does mind wandering reflect
executive function or executive failure? Comment on Smallwood
and Schooler (2006) and Watkins (2008). Psychological Bulletin,
136, 188-197.</mixed-citation>
         </ref>
         <ref id="d10313e444a1310">
            <mixed-citation id="d10313e448" publication-type="other">
Polich, J. (2003). Theoretical overview of P3a and P3b. In J.
Polich (Ed.), Detection of change: Event-related potential and
JMRIfindings (pp. 83-98). Boston, MA: Kluwer Academic Press.
Raichle, M.E., MacLeod, A.M., Snyder, A.Z., Powers, W.J., Gusnard,
D.A., &amp; Shulman, G.L. (2001). A default mode of brain function.
Proceedings of the National Academy of Sciences, USA, 98,
676-682.</mixed-citation>
         </ref>
         <ref id="d10313e474a1310">
            <mixed-citation id="d10313e478" publication-type="other">
Roche, R.A.P., Garavan, H., Foxe, J.J., &amp; O'Mara, S.M. (2005).
Individual differences discriminate event-related potentials but
not performance during response inhibition. Experimental Brain
Research, 160, 60-70.</mixed-citation>
         </ref>
         <ref id="d10313e495a1310">
            <mixed-citation id="d10313e499" publication-type="other">
Schneider, W., Eschman, A., &amp; Zuccolotto, A. (2001). E-prime user's
guide. Pittsburgh, PA: Psychology Software Tools.</mixed-citation>
         </ref>
         <ref id="d10313e509a1310">
            <mixed-citation id="d10313e513" publication-type="other">
Shaw, G.A., &amp; Giambra, L. (1993). Task unrelated thoughts of col-
lege students diagnosed as hyperactive in childhood. Develop-
mental Neuropsychology, 9, 17-30.</mixed-citation>
         </ref>
         <ref id="d10313e526a1310">
            <mixed-citation id="d10313e530" publication-type="other">
Smallwood, J. (2010). Why the global availability of mind wander-
ing necessitates resource competition: Reply to McVay and Kane
(2010). Psychological Bulletin, 136, 202-207.</mixed-citation>
         </ref>
         <ref id="d10313e543a1310">
            <mixed-citation id="d10313e547" publication-type="other">
Smallwood, J., Baraciaia, S.F., Lowe, M., &amp; Obonsawin, M.C.
(2003). Task unrelated thought whilst encoding information.
Consciousness and Cognition, 12, 452-484.</mixed-citation>
         </ref>
         <ref id="d10313e560a1310">
            <mixed-citation id="d10313e564" publication-type="other">
Smallwood, J., Beach, E., Schooler, J.W., &amp; Handy, T.C. (2008).
Going AWOL in the brain: Mind wandering reduces cortical analysis
of external events. Journal of Cognitive Neuroscience, 20, 458-469.</mixed-citation>
         </ref>
         <ref id="d10313e577a1310">
            <mixed-citation id="d10313e581" publication-type="other">
Smallwood, J., Davies, J.B., Heim, D., Finnigan, F., Sudberry, M.,
O'Connor, R., &amp; Obonsawin, M. (2004). Subjective experience
and the attentional lapse: Task engagement and disengagement dur-
ing sustained attention. Consciousness and Cognition, 13, 657-690.</mixed-citation>
         </ref>
         <ref id="d10313e598a1310">
            <mixed-citation id="d10313e602" publication-type="other">
Smallwood, J., O'Connor, R.C., &amp; Heim, D. (2005). Rumination,
dysphoria, and subjective experience. Imagination, Cognition
and Personality, 24, 355-367.</mixed-citation>
         </ref>
         <ref id="d10313e615a1310">
            <mixed-citation id="d10313e619" publication-type="other">
Smallwood, J., &amp; Schooler, J.W. (2006). The restless mind. Psycho-
logical Bulletin, 132, 946-958.</mixed-citation>
         </ref>
         <ref id="d10313e629a1310">
            <mixed-citation id="d10313e633" publication-type="other">
Smilek, D., Carriere, J.S.A., &amp; Cheyene, J.A. (2010). Out of mind,
out of sight: Eye blinking as indicator and embodiment of mind
wandering. Psychological Science, 21, 786-789.</mixed-citation>
         </ref>
         <ref id="d10313e646a1310">
            <mixed-citation id="d10313e650" publication-type="other">
Spreng, R.N., Mar, R.A., &amp; Kim, A.S. (2009). The common neural
basis of autobiographical memory, prospection, navigation, the-
ory of mind and the default mode: A quantitative meta-analysis.
Journal of Cognitive Neuroscience, 21, 489-5 10.</mixed-citation>
         </ref>
         <ref id="d10313e666a1310">
            <mixed-citation id="d10313e670" publication-type="other">
van Mourik, R., Oosterlaan, J., Heslenfeld, D.J., Konig, C.E., &amp;
Sergeant, J.A. (2007). When distraction is not distracting: A
behavioral and ERP study on distraction in ADHD. Clinical Neu-
rophysiology, 118, 1855-1865.</mixed-citation>
         </ref>
         <ref id="d10313e686a1310">
            <mixed-citation id="d10313e690" publication-type="other">
Weissman, D.H., Roberts, K.C., Visscher, K.M., &amp; Woldorff, M.G.
(2006). The neural bases of momentary lapses in attention.
Nature Neuroscience, 9, 971-978.</mixed-citation>
         </ref>
      </ref-list>
   </back>
</article>
