<article dtd-version="1.0" article-type="research-article">
   <front>
      <journal-meta>
         <journal-id xmlns:xlink="http://www.w3.org/1999/xlink" journal-id-type="jstor">psychsci</journal-id>
         <journal-id xmlns:xlink="http://www.w3.org/1999/xlink" journal-id-type="jstor">j50000277</journal-id>
         <journal-title-group xmlns:xlink="http://www.w3.org/1999/xlink">
            <journal-title>Psychological Science</journal-title>
         </journal-title-group>
         <publisher>
            <publisher-name>SAGE Publications</publisher-name>
         </publisher>
         <issn xmlns:xlink="http://www.w3.org/1999/xlink" pub-type="ppub">09567976</issn>
         <issn xmlns:xlink="http://www.w3.org/1999/xlink" pub-type="epub">14679280</issn>
      </journal-meta>
      <article-meta>
         <article-id xmlns:xlink="http://www.w3.org/1999/xlink" pub-id-type="jstor">25835403</article-id>
         <title-group>
            <article-title>Retraining Automatic Action Tendencies Changes Alcoholic Patients' Approach Bias for Alcohol and Improves Treatment Outcome</article-title>
         </title-group>
         <contrib-group>
            <contrib>
               <string-name xmlns:xlink="http://www.w3.org/1999/xlink">
                  <given-names>Reinout W.</given-names>
                  <surname>Wiers</surname>
               </string-name>
            </contrib>
            <contrib>
               <string-name xmlns:xlink="http://www.w3.org/1999/xlink">
                  <given-names>Carolin</given-names>
                  <surname>Eberl</surname>
               </string-name>
            </contrib>
            <contrib>
               <string-name xmlns:xlink="http://www.w3.org/1999/xlink">
                  <given-names>Mike</given-names>
                  <surname>Rinck</surname>
               </string-name>
            </contrib>
            <contrib>
               <string-name xmlns:xlink="http://www.w3.org/1999/xlink">
                  <given-names>Eni S.</given-names>
                  <surname>Becker</surname>
               </string-name>
            </contrib>
            <contrib>
               <string-name xmlns:xlink="http://www.w3.org/1999/xlink">
                  <given-names>Johannes</given-names>
                  <surname>Lindenmeyer</surname>
               </string-name>
            </contrib>
         </contrib-group>
         <pub-date xmlns:xlink="http://www.w3.org/1999/xlink">
            <day>1</day>
            <month>4</month>
            <year>2011</year>
         </pub-date>
         <volume>22</volume>
         <issue>4</issue>
         <issue-id xmlns:xlink="http://www.w3.org/1999/xlink">i25835389</issue-id>
         <fpage>490</fpage>
         <lpage>497</lpage>
         <permissions>
            <copyright-statement>Copyright © 2011 Association for Psychological Science</copyright-statement>
         </permissions>
         <self-uri xmlns:xlink="http://www.w3.org/1999/xlink"
                   xlink:role="external-fulltext-any"
                   xlink:href="http://dx.doi.org/10.1177/0956797611400615"
                   xlink:title="an external site"/>
         <abstract>
            <p>This study tested the effects of a new cognitive-bias modification (CBM) intervention that targeted an approach bias for alcohol in 214 alcoholic inpatients. Patients were assigned to one of two experimental conditions, in which they were explicitly or implicitly trained to make avoidance movements (pushing a joystick) in response to alcohol pictures, or to one of two control conditions, in which they received no training or sham training. Four brief sessions of experimental CBM preceded regular inpatient treatment. In the experimental conditions only, patients' approach bias changed into an avoidance bias for alcohol. This effect generalized to untrained pictures in the task used in the CBM and to an Implicit Association Test, in which alcohol and soft-drink words were categorized with approach and avoidance words. Patients in the experimental conditions showed better treatment outcomes a year later. These findings indicate that a short intervention can change alcoholics' automatic approach bias for alcohol and may improve treatment outcome.</p>
         </abstract>
         <custom-meta-group xmlns:xlink="http://www.w3.org/1999/xlink">
            <custom-meta>
               <meta-name>lang</meta-name>
               <meta-value>eng</meta-value>
            </custom-meta>
         </custom-meta-group>
      </article-meta>
   </front>
   <back>
      <ref-list>
         <title>Notes</title>
         <ref id="d12354e210a1310">
            <label>1</label>
            <mixed-citation id="d12354e217" publication-type="other">
Rinck &amp; Becker, 2007</mixed-citation>
         </ref>
      </ref-list>
      <ref-list>
         <title>References</title>
         <ref id="d12354e233a1310">
            <mixed-citation id="d12354e237" publication-type="other">
Amir, N., Beard, C, Bums, M., &amp; Bomyea, J. (2009). Attention mod-
ification program in individuals with generalized anxiety disor-
der. Journal of Abnormal Psychology, 118, 28-33.</mixed-citation>
         </ref>
         <ref id="d12354e250a1310">
            <mixed-citation id="d12354e254" publication-type="other">
Bechara, A. (2005). Decision making, impulse control and loss of
willpower to resist drugs: A neurocognitive perspective. Nature
Neuroscience, 8, 1458-1463.</mixed-citation>
         </ref>
         <ref id="d12354e267a1310">
            <mixed-citation id="d12354e271" publication-type="other">
Fadardi, J.S., &amp; Cox, W.M. (2009). Reversing the sequence: Reduc-
ing alcohol consumption by overcoming alcohol attentional bias.
Drug and Alcohol Dependence, 101, 137-145.</mixed-citation>
         </ref>
         <ref id="d12354e284a1310">
            <mixed-citation id="d12354e288" publication-type="other">
Field, M., &amp; Cox, W.M. (2008). Attentional bias in addictive behav-
iors: A review of its development, causes, and consequences.
Drug and Alcohol Dependence, 97, 1-20.</mixed-citation>
         </ref>
         <ref id="d12354e302a1310">
            <mixed-citation id="d12354e306" publication-type="other">
Field, M., Duka, T., Eastwood, B., Child, R., Santarcangelo, M., &amp;
Gayton, M. (2007). Experimental manipulation of attentional
biases in heavy drinkers: Do the effects generalise? Psychophar-
macology, 192, 593-608.</mixed-citation>
         </ref>
         <ref id="d12354e322a1310">
            <mixed-citation id="d12354e326" publication-type="other">
Field, M., Kiernan, A., Eastwood, B., &amp; Child, R. (2008). Rapid
approach responses to alcohol cues in heavy drinkers. Jour-
nal of Behavior Therapy and Experimental Psychiatry, 39,
209-218.</mixed-citation>
         </ref>
         <ref id="d12354e342a1310">
            <mixed-citation id="d12354e346" publication-type="other">
Franke, G.H. (1995). SCL-90-R Die Symptom-Checkliste von
Derogatis—Deutsche Version: Manual. Gottingen, Germany:
Hogrefe.</mixed-citation>
         </ref>
         <ref id="d12354e359a1310">
            <mixed-citation id="d12354e363" publication-type="other">
Frijda, N.H. (Ed.). (1986). The emotions. Cambridge, England: Cam-
bridge University Press.</mixed-citation>
         </ref>
         <ref id="d12354e373a1310">
            <mixed-citation id="d12354e377" publication-type="other">
Frijda, N.H. (2010). Impulsive action and motivation. Biological
Psychology, 84, 570-579.</mixed-citation>
         </ref>
         <ref id="d12354e387a1310">
            <mixed-citation id="d12354e391" publication-type="other">
Greenwald, A.G., Nosek, B.A., &amp; Banaji, M.R. (2003). Understand-
ing and using the Implicit Association Test: I. An improved scor-
ing algorithm. Journal of Personality and Social Psychology, 85,
197-216.</mixed-citation>
         </ref>
         <ref id="d12354e408a1310">
            <mixed-citation id="d12354e412" publication-type="other">
Greenwald, A.G., Poehlman, T.A., Uhlmann, E.L., &amp; Banaji, M.R.
(2009). Understanding and using the Implicit Association Test:
III. Meta-analysis of predictive validity. Journal of Personality
and Social Psychology, 97, 17-41.</mixed-citation>
         </ref>
         <ref id="d12354e428a1310">
            <mixed-citation id="d12354e432" publication-type="other">
Hautzinger, M, Bailer, M., Worall, H., &amp; Keller, F. (1994). Beck-
Depressions-Inventar (BDI). Bern, Germany: Huber.</mixed-citation>
         </ref>
         <ref id="d12354e442a1310">
            <mixed-citation id="d12354e446" publication-type="other">
Krieglmeyer, R, Deutsch, R, De Houwer, J., &amp; De Raedt, R. (2010).
Being moved: Valence activates approach-avoidance behavior
independently of evaluation and approach-avoidance intentions.
Psychological Science, 21, 607-613.</mixed-citation>
         </ref>
         <ref id="d12354e462a1310">
            <mixed-citation id="d12354e466" publication-type="other">
Lavender, T, &amp; Hommel, B. (2007). Affect and action: Towards an
event-coding account. Cognition &amp; Emotion, 21, 1270-1296.</mixed-citation>
         </ref>
         <ref id="d12354e476a1310">
            <mixed-citation id="d12354e480" publication-type="other">
Lindenmeyer, J. (2005). Alkoholabhangigkeit. Gottingen, Germany:
Hogrefe.</mixed-citation>
         </ref>
         <ref id="d12354e490a1310">
            <mixed-citation id="d12354e494" publication-type="other">
MacKinnon, D.P. (2008). Introduction to statistical mediation analy-
sis. New York, NY: Erlbaum.</mixed-citation>
         </ref>
         <ref id="d12354e505a1310">
            <mixed-citation id="d12354e509" publication-type="other">
MacLeod, C, Koster, E.H., &amp; Fox, E. (2009). Whither cognitive bias
modification research? Commentary on the special section arti-
cles. Journal of Abnormal Psychology, 118, 89-99.</mixed-citation>
         </ref>
         <ref id="d12354e522a1310">
            <mixed-citation id="d12354e526" publication-type="other">
MacLeod, C, Rutherford, E., Campbell, L., Ebsworthy, C, &amp;
Holker, L. (2002). Selective attention and emotional vulnerabil-
ity: Assessing the causal basis of their association through the
experimental manipulation of attentional bias. Journal of Abnor-
mal Psychology, 111, 107-123.</mixed-citation>
         </ref>
         <ref id="d12354e545a1310">
            <mixed-citation id="d12354e549" publication-type="other">
Ostafin, B.D., &amp; Palfai, TP. (2006). Compelled to consume: The
Implicit Association Test and automatic alcohol motivation. Psy-
chology of Addictive Behaviors, 20, 322-327.</mixed-citation>
         </ref>
         <ref id="d12354e562a1310">
            <mixed-citation id="d12354e566" publication-type="other">
Palfai, TP. (2006). Activating action tendencies: The influence of
action priming on alcohol consumption among male hazardous
drinkers. Journal of Studies on Alcohol, 67, 926-933.</mixed-citation>
         </ref>
         <ref id="d12354e579a1310">
            <mixed-citation id="d12354e583" publication-type="other">
Palfai, TP., &amp; Ostafin, B.D. (2003). Alcohol-related motivational
tendencies in hazardous drinkers: Assessing implicit response
tendencies using the modified IAT. Behaviour Research and
Therapy, 41, 1149-1162.</mixed-citation>
         </ref>
         <ref id="d12354e599a1310">
            <mixed-citation id="d12354e603" publication-type="other">
Rinck, M., &amp; Becker, E.S. (2007). Approach and avoidance in fear of
spiders. Journal of Behavior Therapy and Experimental Psychia-
try, 38, 105-120.</mixed-citation>
         </ref>
         <ref id="d12354e617a1310">
            <mixed-citation id="d12354e621" publication-type="other">
Robins, L.N., Wing, J., Wittchen, H.U., Helzer, J.E, Babor, T.F.,
Burke, J., et al. (1988). The Composite International Diagnostic
Interview: An epidemiologic instrument suitable for use in con-
junction with different diagnostic systems and in different cul-
tures. Archives of General Psychiatry, 45, 1069-1077.</mixed-citation>
         </ref>
         <ref id="d12354e640a1310">
            <mixed-citation id="d12354e644" publication-type="other">
Saunders, J.B., Aasland, O.G., Babor, T.F., de la Fuente, J.R., &amp;
Grant, M. (1993). Development of the Alcohol Use Disorders
Identification Test (AUDIT): WHO collaborative project on early
detection of persons with harmful alcohol consumption-II. Addic-
tion, 88, 791-804.</mixed-citation>
         </ref>
         <ref id="d12354e663a1310">
            <mixed-citation id="d12354e667" publication-type="other">
Schmidt, L.G., Gastpar, M., Falkai, P., &amp; Gaebel, W. (Eds.). (2006).
Evidenzbasierte Suchtmedizin: Behandlungsleitlinie substanz-
bezogener Storungen. Koln, Germany: Deutscher Arzteverlag.</mixed-citation>
         </ref>
         <ref id="d12354e680a1310">
            <mixed-citation id="d12354e684" publication-type="other">
Schoenmakers, T., Lux, I.F.M., Goertz, A.G., Van Kerkhof, D.H.A.T.,
De Bruin, M., &amp; Wiers, R.W. (2010). A randomized clinical trial
to measure effects of an intervention to modify attentional bias in
alcohol dependent patients. Drug and Alcohol Dependence, 109,
30-36.</mixed-citation>
         </ref>
         <ref id="d12354e703a1310">
            <mixed-citation id="d12354e707" publication-type="other">
Schoenmakers, T., Wiers, R.W., Jones, B.T., Bruce, G., &amp; Jansen,
A.T.M. (2007). Attentional re-training decreases attentional
bias in heavy drinkers without generalization. Addiction, 102,
399^05.</mixed-citation>
         </ref>
         <ref id="d12354e723a1310">
            <mixed-citation id="d12354e727" publication-type="other">
Sherman, J.W., Gawronski, B., Gonsalkorale, K., Hugenberg, K.,
Allen, T.J., &amp; Groom, C.J. (2008). The self-regulation of auto-
matic associations and behavioral impulses. Psychological
Review, 775,314-335.</mixed-citation>
         </ref>
         <ref id="d12354e744a1310">
            <mixed-citation id="d12354e748" publication-type="other">
Sriram, N., Greenwald, A.G., &amp; Nosek, B.A. (2010). Correlational
biases in mean response latency differences. Statistical Method-
ology, 7, 277-291.</mixed-citation>
         </ref>
         <ref id="d12354e761a1310">
            <mixed-citation id="d12354e765" publication-type="other">
Stacy, A.W., &amp; Wiers, R.W. (2010). Implicit cognition and addiction:
A tool for explaining paradoxical behavior. Annual Review of
Clinical Psychology, 6, 551-575.</mixed-citation>
         </ref>
         <ref id="d12354e778a1310">
            <mixed-citation id="d12354e782" publication-type="other">
Strack, F., &amp; Deutsch, R. (2004). Reflective and impulsive deter-
minants of social behavior. Personality and Social Psychology
Review, 8, 220-247.</mixed-citation>
         </ref>
         <ref id="d12354e795a1310">
            <mixed-citation id="d12354e799" publication-type="other">
Stritzke, W.G.K., McEvoy, P.M., Wheat, L.R., Dyer, K.R., &amp; French,
D.J. (2007). The yin and yang of indulgence and restraint: The
ambivalence model of craving. In P.W. O'Neal (Ed.), Motivation
of health behavior (pp. 31-47). Huntington, NY: Nova Science.</mixed-citation>
         </ref>
         <ref id="d12354e815a1310">
            <mixed-citation id="d12354e819" publication-type="other">
Volkow, N.D., Fowler, J.S., &amp; Wang, G.-J. (2004). The addicted
human brain viewed in the light of imaging studies: Brain cir-
cuits and treatment strategies. Neuropharmacology, 47(Suppl. 1),
3-13.</mixed-citation>
         </ref>
         <ref id="d12354e835a1310">
            <mixed-citation id="d12354e839" publication-type="other">
Wiers, R.W., Bartholow, B.D., van den Wildenberg, E., Thush, C,
Engels, R.C.M.E., Sher, K.J., et al. (2007). Automatic and con-
trolled processes and the development of addictive behavior in
adolescents: A review and a model. Pharmacology Biochemistry
and Behavior, 86, 263-283.</mixed-citation>
         </ref>
         <ref id="d12354e859a1310">
            <mixed-citation id="d12354e863" publication-type="other">
Wiers, R.W, Rinck, M., Dictus, M., &amp; Van den Wildenberg, E.
(2009). Relatively strong automatic appetitive action-tendencies
in male carriers of the OPRM1 G-allele. Genes, Brain and Behav-
ior, 8, 101-106.</mixed-citation>
         </ref>
         <ref id="d12354e879a1310">
            <mixed-citation id="d12354e883" publication-type="other">
Wiers, R.W, Rinck, M., Kordts, R., Houben, K., &amp; Strack, F. (2010).
Re-training automatic action-tendencies to approach alcohol in
hazardous drinkers. Addiction, 105, 279-287.</mixed-citation>
         </ref>
         <ref id="d12354e896a1310">
            <mixed-citation id="d12354e900" publication-type="other">
Wiers, R.W, &amp; Stacy, A.W. (Eds.). (2006). Handbook of implicit cog-
nition and addiction. Thousand Oaks, CA: Sage.</mixed-citation>
         </ref>
         <ref id="d12354e910a1310">
            <mixed-citation id="d12354e914" publication-type="other">
Wiers, R.W, Van de Luitgaarden, J., Van den Wildenberg, E., &amp;
Smulders, F.T.Y. (2005). Challenging implicit and explicit
alcohol-related cognitions in young heavy drinkers. Addiction,
100, 806-819.</mixed-citation>
         </ref>
         <ref id="d12354e930a1310">
            <mixed-citation id="d12354e934" publication-type="other">
Wiers, R.W., Van Woerden, N., Smulders, F.T.Y, &amp; De Jong, P.J.
(2002). Implicit and explicit alcohol-related cognitions in
heavy and light drinkers. Journal of Abnormal Psychology, 111,
648-658.</mixed-citation>
         </ref>
      </ref-list>
   </back>
</article>
