<article dtd-version="1.0" article-type="research-article">
   <front>
      <journal-meta>
         <journal-id xmlns:xlink="http://www.w3.org/1999/xlink" journal-id-type="jstor">psychsci</journal-id>
         <journal-id xmlns:xlink="http://www.w3.org/1999/xlink" journal-id-type="jstor">j50000277</journal-id>
         <journal-title-group xmlns:xlink="http://www.w3.org/1999/xlink">
            <journal-title>Psychological Science</journal-title>
         </journal-title-group>
         <publisher>
            <publisher-name>SAGE Publications</publisher-name>
         </publisher>
         <issn xmlns:xlink="http://www.w3.org/1999/xlink" pub-type="ppub">09567976</issn>
         <issn xmlns:xlink="http://www.w3.org/1999/xlink" pub-type="epub">14679280</issn>
      </journal-meta>
      <article-meta>
         <article-id xmlns:xlink="http://www.w3.org/1999/xlink" pub-id-type="jstor">25835441</article-id>
         <article-categories>
            <subj-group>
               <subject>Research Report</subject>
            </subj-group>
         </article-categories>
         <title-group>
            <article-title>Banking on a Bad Bet: Probability Matching in Risky Choice Is Linked to Expectation Generation</article-title>
         </title-group>
         <contrib-group>
            <contrib>
               <string-name xmlns:xlink="http://www.w3.org/1999/xlink">
                  <given-names>Greta</given-names>
                  <surname>James</surname>
               </string-name>
            </contrib>
            <contrib>
               <string-name xmlns:xlink="http://www.w3.org/1999/xlink">
                  <given-names>Derek J.</given-names>
                  <surname>Koehler</surname>
               </string-name>
            </contrib>
         </contrib-group>
         <pub-date xmlns:xlink="http://www.w3.org/1999/xlink">
            <day>1</day>
            <month>6</month>
            <year>2011</year>
         </pub-date>
         <volume>22</volume>
         <issue>6</issue>
         <issue-id xmlns:xlink="http://www.w3.org/1999/xlink">i25835439</issue-id>
         <fpage>707</fpage>
         <lpage>711</lpage>
         <permissions>
            <copyright-statement>Copyright © 2011 Association for Psychological Science</copyright-statement>
         </permissions>
         <self-uri xmlns:xlink="http://www.w3.org/1999/xlink"
                   xlink:role="external-fulltext-any"
                   xlink:href="http://dx.doi.org/10.1177/0956797611407933"
                   xlink:title="an external site"/>
         <abstract>
            <p>Probability matching is the tendency to match choice probabilities to outcome probabilities in a binary prediction task. This tendency is a long-standing puzzle in the study of decision making under risk and uncertainty, because always predicting the more probable outcome across a series of trials (maximizing) would yield greater predictive accuracy and payoffs. In three experiments, we tied the predominance of probability matching over maximizing to a generally adaptive cognitive operation that generates expectations regarding the aggregate outcomes of an upcoming sequence of events. Under conditions designed to diminish the generation or perceived applicability of such expectations, we found that the frequency of probability-matching behavior dropped substantially and maximizing became the norm.</p>
         </abstract>
         <custom-meta-group xmlns:xlink="http://www.w3.org/1999/xlink">
            <custom-meta>
               <meta-name>lang</meta-name>
               <meta-value>eng</meta-value>
            </custom-meta>
         </custom-meta-group>
      </article-meta>
   </front>
   <back>
      <ref-list>
         <title>References</title>
         <ref id="d7788e164a1310">
            <mixed-citation id="d7788e168" publication-type="other">
Bar, M. (2007). The proactive brain: Using analogies and associa-
tions to generate predictions. Trends in Cognitive Sciences, 11,
280-289.</mixed-citation>
         </ref>
         <ref id="d7788e181a1310">
            <mixed-citation id="d7788e185" publication-type="other">
Derks, P. L., &amp; Paclisanu, M. I. (1967). Simple strategies in binary
prediction by children and adults. Journal of Experimental Psy-
chology, 73, 278-285.</mixed-citation>
         </ref>
         <ref id="d7788e198a1310">
            <mixed-citation id="d7788e202" publication-type="other">
Kahneman, D., &amp; Frederick, S. (2002). Representativeness revisited:
Attribute substitution in intuitive judgment. In T. Gilovich, D.
Griffin, &amp; D. Kahneman (Eds.), Heuristics and biases: The psy-
chology of intuitive judgment (pp. 49-81). New York, NY: Cam-
bridge University Press.</mixed-citation>
         </ref>
         <ref id="d7788e221a1310">
            <mixed-citation id="d7788e225" publication-type="other">
Kahneman, D., &amp; Tversky, A. (1979). Prospect theory: An analysis of
decision under risk. Econometrica, 47, 263-291.</mixed-citation>
         </ref>
         <ref id="d7788e236a1310">
            <mixed-citation id="d7788e240" publication-type="other">
Koehler, D. J., &amp; James, G. (2009). Probability matching in choice
under uncertainty: Intuition versus deliberation. Cognition, 113,
123-127.</mixed-citation>
         </ref>
         <ref id="d7788e253a1310">
            <mixed-citation id="d7788e257" publication-type="other">
Koehler, D. J., &amp; James, G. (2010). Probability matching and strategy
availability. Memory &amp; Cognition, 38, 667-676.</mixed-citation>
         </ref>
         <ref id="d7788e267a1310">
            <mixed-citation id="d7788e271" publication-type="other">
Kogler, C, &amp; Kuhberger, A. (2007). Dual process theories: A key
for understanding the diversification bias? Journal of Risk and
Uncertainty, 34, 145-154.</mixed-citation>
         </ref>
         <ref id="d7788e284a1310">
            <mixed-citation id="d7788e288" publication-type="other">
Morewedge, C. K, &amp; Kahneman, D. (2010). Associative processes
in intuitive judgment. Trends in Cognitive Sciences, 14,435-440.</mixed-citation>
         </ref>
         <ref id="d7788e298a1310">
            <mixed-citation id="d7788e302" publication-type="other">
Parducci, A., &amp; Polt, J. (1958). Correction vs. noncorrection with
changing reinforcement schedules. Journal of Comparative and
Physiological Psychology, 51, 492-495.</mixed-citation>
         </ref>
         <ref id="d7788e315a1310">
            <mixed-citation id="d7788e319" publication-type="other">
West, R. E, &amp; Stanovich, K. E. (2003). Is probability matching
smart? Associations between probabilistic choices and cognitive
ability. Memory &amp; Cognition, 31, 243-251.</mixed-citation>
         </ref>
         <ref id="d7788e333a1310">
            <mixed-citation id="d7788e337" publication-type="other">
Wilson, W. A., Jr., &amp; Rollin, A. R. (1959). Two-choice behavior of
rhesus monkeys in a noncontingent situation. Journal of Experi-
mental Psychology, 58, 174-180.</mixed-citation>
         </ref>
         <ref id="d7788e350a1310">
            <mixed-citation id="d7788e354" publication-type="other">
Wolford, G., Newman, S. E., Miller, M. B., &amp; Wig, G. S. (2004).
Searching for patterns in random sequences. Canadian Journal
of Experimental Psychology, 58, 221-228.</mixed-citation>
         </ref>
      </ref-list>
   </back>
</article>
