<article dtd-version="1.0" article-type="research-article">
   <front>
      <journal-meta>
         <journal-id xmlns:xlink="http://www.w3.org/1999/xlink" journal-id-type="jstor">psychsci</journal-id>
         <journal-id xmlns:xlink="http://www.w3.org/1999/xlink" journal-id-type="jstor">j50000277</journal-id>
         <journal-title-group xmlns:xlink="http://www.w3.org/1999/xlink">
            <journal-title>Psychological Science</journal-title>
         </journal-title-group>
         <publisher>
            <publisher-name>SAGE Publications</publisher-name>
         </publisher>
         <issn xmlns:xlink="http://www.w3.org/1999/xlink" pub-type="ppub">09567976</issn>
         <issn xmlns:xlink="http://www.w3.org/1999/xlink" pub-type="epub">14679280</issn>
      </journal-meta>
      <article-meta>
         <article-id xmlns:xlink="http://www.w3.org/1999/xlink" pub-id-type="jstor">25835446</article-id>
         <title-group>
            <article-title>In Praise of Vagueness: Malleability of Vague Information as a Performance Booster</article-title>
         </title-group>
         <contrib-group>
            <contrib>
               <string-name xmlns:xlink="http://www.w3.org/1999/xlink">
                  <given-names>Himanshu</given-names>
                  <surname>Mishra</surname>
               </string-name>
            </contrib>
            <contrib>
               <string-name xmlns:xlink="http://www.w3.org/1999/xlink">
                  <given-names>Arul</given-names>
                  <surname>Mishra</surname>
               </string-name>
            </contrib>
            <contrib>
               <string-name xmlns:xlink="http://www.w3.org/1999/xlink">
                  <given-names>Baba</given-names>
                  <surname>Shiv</surname>
               </string-name>
            </contrib>
         </contrib-group>
         <pub-date xmlns:xlink="http://www.w3.org/1999/xlink">
            <day>1</day>
            <month>6</month>
            <year>2011</year>
         </pub-date>
         <volume>22</volume>
         <issue>6</issue>
         <issue-id xmlns:xlink="http://www.w3.org/1999/xlink">i25835439</issue-id>
         <fpage>733</fpage>
         <lpage>738</lpage>
         <permissions>
            <copyright-statement>Copyright © 2011 Association for Psychological Science</copyright-statement>
         </permissions>
         <self-uri xmlns:xlink="http://www.w3.org/1999/xlink"
                   xlink:role="external-fulltext-any"
                   xlink:href="http://dx.doi.org/10.1177/0956797611407208"
                   xlink:title="an external site"/>
         <abstract>
            <p>Is the eternal quest for precise information always worthwhile? Our research suggests that, at times, vagueness has its merits. Previous research has demonstrated that people prefer precise information over vague information because it gives them a sense of security and makes their environments more predictable. However, we show that the fuzzy boundaries afforded by vague information can actually help individuals perform better than can precise information. We document these findings across two laboratory studies and one quasi—field study that involved different performance-related contexts (mental acuity, physical strength, and weight loss). We argue that the malleability of vague information allows people to interpret it in the manner they desire, so that they can generate positive response expectancies and, thereby, perform better. The rigidity of precise information discourages desirable interpretations. Hence, on certain occasions, precise information is not as helpful as vague information in boosting performance.</p>
         </abstract>
         <custom-meta-group xmlns:xlink="http://www.w3.org/1999/xlink">
            <custom-meta>
               <meta-name>lang</meta-name>
               <meta-value>eng</meta-value>
            </custom-meta>
         </custom-meta-group>
      </article-meta>
   </front>
   <back>
      <ref-list>
         <title>References</title>
         <ref id="d7796e149a1310">
            <mixed-citation id="d7796e153" publication-type="other">
Balcetis, E., &amp; Dunning, D. (2006). See what you want to see: Moti-
vational influences on visual perception. Journal of Personality
and Social Psychology, 91, 612-625.</mixed-citation>
         </ref>
         <ref id="d7796e166a1310">
            <mixed-citation id="d7796e170" publication-type="other">
Brainerd, C, &amp; Reyna, V. (1990). Gist is the grist: Fuzzy-trace
theory and the new intuitionism. Developmental Review, 10,
3-47.</mixed-citation>
         </ref>
         <ref id="d7796e183a1310">
            <mixed-citation id="d7796e187" publication-type="other">
Camerer, C, &amp; Weber, M. (1992). Recent developments in model-
ing preferences: Uncertainty and ambiguity. Journal of Risk and
Uncertainty, 5, 325-370.</mixed-citation>
         </ref>
         <ref id="d7796e200a1310">
            <mixed-citation id="d7796e204" publication-type="other">
Cheema, A., &amp; Soman, D. (2006). Malleable mental accounting: The
effect of flexibility on the justification of attractive spending and
consumption decisions. Journal of Consumer Psychology, 16,
33-44.</mixed-citation>
         </ref>
         <ref id="d7796e221a1310">
            <mixed-citation id="d7796e225" publication-type="other">
Crum, A. J., &amp; Langer, E. J. (2007). Mind-set matters: Exercise and
the placebo effect. Psychological Science, 18, 165-171.</mixed-citation>
         </ref>
         <ref id="d7796e235a1310">
            <mixed-citation id="d7796e241" publication-type="other">
Dunning, D., Meyerowitz, J. A., &amp; Holzberg, A. D. (1989). Ambigu-
ity and self-evaluation: The role of idiosyncratic trait definitions
in self-serving assessments of ability. Journal of Personality and
Social Psychology, 57, 1082-1090.</mixed-citation>
         </ref>
         <ref id="d7796e257a1310">
            <mixed-citation id="d7796e261" publication-type="other">
Ellsberg, D. (1961). Risk, ambiguity, and the Savage axioms. The
Quarterly Journal of Economics, 77, 643-669.</mixed-citation>
         </ref>
         <ref id="d7796e271a1310">
            <mixed-citation id="d7796e275" publication-type="other">
Felson, R. (1981). Ambiguity and bias in the self-concept. Social
Psychology Quarterly, 44, 64-69.</mixed-citation>
         </ref>
         <ref id="d7796e285a1310">
            <mixed-citation id="d7796e289" publication-type="other">
Hull, C. (1932). The goal-gradient hypothesis and maze learning.
Psychological Review, 39, 25^3.</mixed-citation>
         </ref>
         <ref id="d7796e299a1310">
            <mixed-citation id="d7796e303" publication-type="other">
Kivetz, R., Urminsky, O., &amp; Zheng, Y. (2006). The goal-gradient hypoth-
esis resurrected: Purchase acceleration, illusionary goal progress,
and customer retention. Journal of Marketing Research, 43,39-58.</mixed-citation>
         </ref>
         <ref id="d7796e317a1310">
            <mixed-citation id="d7796e321" publication-type="other">
Kunda, Z. (1999). Social cognition: Making sense of people. Cam-
bridge, MA: MIT Press.</mixed-citation>
         </ref>
         <ref id="d7796e331a1310">
            <mixed-citation id="d7796e335" publication-type="other">
Locke, E., &amp; Latham, G. (2002). Building a practically useful theory
of goal-setting and task motivation: A 3 5-year odyssey. American
Psychologist, 57, 705-717.</mixed-citation>
         </ref>
         <ref id="d7796e348a1310">
            <mixed-citation id="d7796e352" publication-type="other">
Marks, R. W. (1951). The effect of probability, desirability, and "priv-
ilege" on the stated expectations of children. Journal of Personal-
ity, 19, 332-351.</mixed-citation>
         </ref>
         <ref id="d7796e365a1310">
            <mixed-citation id="d7796e369" publication-type="other">
Mishra, H., Shiv, B., &amp; Nayakankuppam, D. (2008). The blissful
ignorance effect: Pre- versus post-action effects on outcome
expectancies arising from precise and vague information. Journal
of Consumer Research, 35, 573-585.</mixed-citation>
         </ref>
         <ref id="d7796e385a1310">
            <mixed-citation id="d7796e389" publication-type="other">
Reyna, V., &amp; Brainerd, C. (1995). Fuzzy-trace theory: An interim
synthesis. Learning and Individual Differences, 7, 1-75.</mixed-citation>
         </ref>
         <ref id="d7796e399a1310">
            <mixed-citation id="d7796e403" publication-type="other">
Ross, M., McFarland, C, &amp; Fletcher, G. J. O. (1981). The effect of
attitude on recall of past histories. Journal of Personality and
Social Psychology, 10, 627-634.</mixed-citation>
         </ref>
         <ref id="d7796e417a1310">
            <mixed-citation id="d7796e421" publication-type="other">
Sanford, R. N. (1936). The effects of the abstinence from food upon
the imaginal processes: A preliminary study. Journal of Psychol-
ogy, 2, 129-136.</mixed-citation>
         </ref>
         <ref id="d7796e434a1310">
            <mixed-citation id="d7796e438" publication-type="other">
Sanford, R. N. (1937). The effects of the abstinence from food upon
the imaginal processes: A further study. Journal of Psychology,
3, 145-159.</mixed-citation>
         </ref>
         <ref id="d7796e451a1310">
            <mixed-citation id="d7796e455" publication-type="other">
Shiv, B., Carmon, Z., &amp; Ariely, D. (2005). Placebo effects of market-
ing actions: Consumers may get what they pay for. Journal of
Marketing Research, 42, 383-393.</mixed-citation>
         </ref>
         <ref id="d7796e468a1310">
            <mixed-citation id="d7796e472" publication-type="other">
Sloman, S., Fernbach, P., &amp; Hagmayer, Y. (2010). Self-deception
requires vagueness. Cognition, 115, 268-281.</mixed-citation>
         </ref>
      </ref-list>
   </back>
</article>
