<article dtd-version="1.0" article-type="research-article">
   <front>
      <journal-meta>
         <journal-id xmlns:xlink="http://www.w3.org/1999/xlink" journal-id-type="jstor">psychsci</journal-id>
         <journal-id xmlns:xlink="http://www.w3.org/1999/xlink" journal-id-type="jstor">j50000277</journal-id>
         <journal-title-group xmlns:xlink="http://www.w3.org/1999/xlink">
            <journal-title>Psychological Science</journal-title>
         </journal-title-group>
         <publisher>
            <publisher-name>SAGE Publications</publisher-name>
         </publisher>
         <issn xmlns:xlink="http://www.w3.org/1999/xlink" pub-type="ppub">09567976</issn>
         <issn xmlns:xlink="http://www.w3.org/1999/xlink" pub-type="epub">14679280</issn>
      </journal-meta>
      <article-meta>
         <article-id xmlns:xlink="http://www.w3.org/1999/xlink" pub-id-type="jstor">25835450</article-id>
         <title-group>
            <article-title>Integration Without Awareness: Expanding the Limits of Unconscious Processing</article-title>
         </title-group>
         <contrib-group>
            <contrib>
               <string-name xmlns:xlink="http://www.w3.org/1999/xlink">
                  <given-names>Liad</given-names>
                  <surname>Mudrik</surname>
               </string-name>
            </contrib>
            <contrib>
               <string-name xmlns:xlink="http://www.w3.org/1999/xlink">
                  <given-names>Assaf</given-names>
                  <surname>Breska</surname>
               </string-name>
            </contrib>
            <contrib>
               <string-name xmlns:xlink="http://www.w3.org/1999/xlink">
                  <given-names>Dominique</given-names>
                  <surname>Lamy</surname>
               </string-name>
            </contrib>
            <contrib>
               <string-name xmlns:xlink="http://www.w3.org/1999/xlink">
                  <given-names>Leon Y.</given-names>
                  <surname>Deouell</surname>
               </string-name>
            </contrib>
         </contrib-group>
         <pub-date xmlns:xlink="http://www.w3.org/1999/xlink">
            <day>1</day>
            <month>6</month>
            <year>2011</year>
         </pub-date>
         <volume>22</volume>
         <issue>6</issue>
         <issue-id xmlns:xlink="http://www.w3.org/1999/xlink">i25835439</issue-id>
         <fpage>764</fpage>
         <lpage>770</lpage>
         <permissions>
            <copyright-statement>Copyright © 2011 Association for Psychological Science</copyright-statement>
         </permissions>
         <self-uri xmlns:xlink="http://www.w3.org/1999/xlink"
                   xlink:role="external-fulltext-any"
                   xlink:href="http://dx.doi.org/10.1177/0956797611408736"
                   xlink:title="an external site"/>
         <abstract>
            <p>Human conscious awareness is commonly seen as the climax of evolution. However, what function—if any—it serves in human behavior is still debated. One of the leading suggestions is that the cardinal function of conscious awareness is to integrate numerous inputs—including the multitude of features and objects in a complex scene—across different levels of analysis into a unified, coherent, and meaningful perceptual experience. Here we demonstrate, however, that integration of objects with their background scenes can be achieved without awareness of either. We used a binocular rivalry technique known as continuous flash suppression to induce perceptual suppression in a group of human observers. Complex scenes that included incongruent objects escaped perceptual suppression faster than normal scenes did. We conclude that visual awareness is not needed for object-background integration or for processing the likelihood of an object to appear within a given semantic context, but may be needed for dealing with novel situations.</p>
         </abstract>
         <custom-meta-group xmlns:xlink="http://www.w3.org/1999/xlink">
            <custom-meta>
               <meta-name>lang</meta-name>
               <meta-value>eng</meta-value>
            </custom-meta>
         </custom-meta-group>
      </article-meta>
   </front>
   <back>
      <ref-list>
         <title>Note</title>
         <ref id="d7772e170a1310">
            <label>1</label>
            <mixed-citation id="d7772e177" publication-type="other">
Chun &amp; Jiang, 1998</mixed-citation>
            <mixed-citation id="d7772e183" publication-type="other">
Daven-
port &amp; Potter, 2004</mixed-citation>
            <mixed-citation id="d7772e192" publication-type="other">
Biederman, Mezzanotte, &amp; Rabinowitz, 1982</mixed-citation>
         </ref>
      </ref-list>
      <ref-list>
         <title>References</title>
         <ref id="d7772e208a1310">
            <mixed-citation id="d7772e212" publication-type="other">
Almeida, J., Mahon, B. Z., Nakayama, K., &amp; Caramazza, A. (2008).
Unconscious processing dissociates along categorical lines.
Proceedings of the National Academy of Sciences, USA, 105,
15214-15218.</mixed-citation>
         </ref>
         <ref id="d7772e228a1310">
            <mixed-citation id="d7772e232" publication-type="other">
Baars, B. J. (1988). A cognitive theory of consciousness. Cambridge,
England: Cambridge University Press.</mixed-citation>
         </ref>
         <ref id="d7772e242a1310">
            <mixed-citation id="d7772e246" publication-type="other">
Baars, B. J. (2005). Global workspace theory of consciousness:
Toward a cognitive neuroscience of human experience. Progress
in Brain Research, 150, 45-53.</mixed-citation>
         </ref>
         <ref id="d7772e259a1310">
            <mixed-citation id="d7772e263" publication-type="other">
Bar, M. (2004). Visual objects in context. Nature Reviews Neurosci-
ence, 5,617-629.</mixed-citation>
         </ref>
         <ref id="d7772e274a1310">
            <mixed-citation id="d7772e278" publication-type="other">
Bar, M. (2007). The proactive brain: Using analogies and associa-
tions to generate predictions. Trends in Cognitive Sciences, 11,
280-289.</mixed-citation>
         </ref>
         <ref id="d7772e291a1310">
            <mixed-citation id="d7772e295" publication-type="other">
Biederman, I., Mezzanotte, R. J., &amp; Rabinowitz, J. C. (1982). Scene
perception: Detecting and judging objects undergoing relational
violations. Cognitive Psychology, 14, 143-177.</mixed-citation>
         </ref>
         <ref id="d7772e308a1310">
            <mixed-citation id="d7772e312" publication-type="other">
Bodner, G. E., &amp; Dypvik, A. T. (2005). Masked priming of number
judgments depends on prime validity and task. Memory &amp; Cogni-
tion, 33, 29-47.</mixed-citation>
         </ref>
         <ref id="d7772e325a1310">
            <mixed-citation id="d7772e329" publication-type="other">
Brainard, D. (1997). The Psychophysics Toolbox. Spatial Vision, 10,
433-436.</mixed-citation>
         </ref>
         <ref id="d7772e339a1310">
            <mixed-citation id="d7772e343" publication-type="other">
Cheesman, J., &amp; Merikle, P. (1984). Priming with and without aware-
ness. Perception &amp; Psychophysics, 36, 387-395.</mixed-citation>
         </ref>
         <ref id="d7772e353a1310">
            <mixed-citation id="d7772e357" publication-type="other">
Chun, M. M., &amp; Jiang, Y. (1998). Contextual cueing: Implicit learn-
ing and memory of visual context guides spatial attention. Cogni-
tive Psychology, 36, 28-71.</mixed-citation>
         </ref>
         <ref id="d7772e371a1310">
            <mixed-citation id="d7772e375" publication-type="other">
Crick, F., &amp; Koch, C. (2003). A framework for consciousness. Nature
Neuroscience, 6, 119-126.</mixed-citation>
         </ref>
         <ref id="d7772e385a1310">
            <mixed-citation id="d7772e389" publication-type="other">
Davenport, J. L., &amp; Potter, M. C. (2004). Scene consistency in
object and background perception. Psychological Science, 15,
559-564.</mixed-citation>
         </ref>
         <ref id="d7772e402a1310">
            <mixed-citation id="d7772e406" publication-type="other">
de Gelder, B., Pourtois, G., &amp; Weiskrantz, L. (2002). Fear recogni-
tion in the voice is modulated by unconsciously recognized facial
expressions but not by unconsciously recognized affective pic-
tures. Proceedings of the National Academy of Sciences, USA, 99,
4121-4126.</mixed-citation>
         </ref>
         <ref id="d7772e425a1310">
            <mixed-citation id="d7772e429" publication-type="other">
Dehaene, S., &amp; Naccache, L. (2001). Towards a cognitive neurosci-
ence of consciousness: Basic evidence and a workspace frame-
work. Cognition, 79, 1-37.</mixed-citation>
         </ref>
         <ref id="d7772e442a1310">
            <mixed-citation id="d7772e446" publication-type="other">
Dehaene, S., Naccache, L., Cohen, L., Le Bihan, D., Mangin, J.-F.,
Poline, J.-B., &amp; Riviere, D. (2001). Cerebral mechanisms of word
masking and unconscious repetition priming. Nature Neurosci-
ence, 4, 752-758.</mixed-citation>
         </ref>
         <ref id="d7772e462a1310">
            <mixed-citation id="d7772e466" publication-type="other">
Engel, A. K., Fries, P., Konig, P., Brecht, M., &amp; Singer, W. (1999).
Temporal binding, binocular rivalry, and consciousness. Con-
sciousness and Cognition, 8, 128-151.</mixed-citation>
         </ref>
         <ref id="d7772e480a1310">
            <mixed-citation id="d7772e484" publication-type="other">
Fang, F., &amp; He, S. (2005). Cortical responses to invisible objects in
the human dorsal and ventral pathways. Nature Neuroscience, 8,
1380-1385.</mixed-citation>
         </ref>
         <ref id="d7772e497a1310">
            <mixed-citation id="d7772e501" publication-type="other">
Goodale, M. A. (2004). Perceiving the world and grasping it: Disso-
ciations between conscious and unconscious visual processing. In
M. S. Gazzaniga (Ed.), The cognitive neurosciences III (3rd ed.,
pp. 1159-1172). Cambridge, MA: MIT Press.</mixed-citation>
         </ref>
         <ref id="d7772e517a1310">
            <mixed-citation id="d7772e521" publication-type="other">
Goodale, M. A., &amp; Milner, A. D. (1992). Separate visual pathways
for perception and action. Trends in Neurosciences, 15, 20-25.</mixed-citation>
         </ref>
         <ref id="d7772e531a1310">
            <mixed-citation id="d7772e535" publication-type="other">
Hassin, R. R., Bargh, J. A., &amp; Zimerman, S. (2009). Automatic and
flexible: The case of nonconscious goal pursuit. Social Cogni-
tion, 27, 20-36.</mixed-citation>
         </ref>
         <ref id="d7772e548a1310">
            <mixed-citation id="d7772e552" publication-type="other">
Huxley, T. H. (1898). On the hypothesis that animals are automata, and
its history. In T.H. Huxley (Ed.), Method and results: Essays by
Thomas H Huxley (pp. 199-250). New York, NY: D. Appleton and
Co.</mixed-citation>
            <mixed-citation id="d7772e567" publication-type="other">
The Fortnightly Review, 16, 555-580, 1874</mixed-citation>
         </ref>
         <ref id="d7772e574a1310">
            <mixed-citation id="d7772e578" publication-type="other">
Jiang, Y, Costello, P., Fang, R, Huang, M., &amp; He, S. (2006). A
gender- and sexual orientation-dependent spatial attentional
effect of invisible images. Proceedings of the National Academy
of Sciences, USA, 103, 17048-17052.</mixed-citation>
         </ref>
         <ref id="d7772e595a1310">
            <mixed-citation id="d7772e599" publication-type="other">
Jiang, Y, Costello, P., &amp; He, S. (2007). Processing of invisible
stimuli: Advantage of upright faces and recognizable words in
overcoming interocular suppression. Psychological Science, 18,
349-355.</mixed-citation>
         </ref>
         <ref id="d7772e615a1310">
            <mixed-citation id="d7772e619" publication-type="other">
Koch, C, &amp; Crick, F. (2001). The zombie within. Nature, 411, 893.</mixed-citation>
         </ref>
         <ref id="d7772e626a1310">
            <mixed-citation id="d7772e630" publication-type="other">
Kouider, S., &amp; Dehaene, S. (2007). Levels of processing during
non-conscious perception: A critical review of visual masking.
Philosophical Transactions of the Royal Society B: Biological
Sciences, 362, 857-875.</mixed-citation>
         </ref>
         <ref id="d7772e646a1310">
            <mixed-citation id="d7772e650" publication-type="other">
Kouider, S., &amp; Dupoux, E. (2004). Partial awareness creates the "illusion"
of subliminal semantic priming. Psychological Science, 15, 75-81.</mixed-citation>
         </ref>
         <ref id="d7772e660a1310">
            <mixed-citation id="d7772e664" publication-type="other">
Lamy, D., Mudrik, L., &amp; Deouell, L. Y. (2008). Unconscious audi-
tory information can prime visual word processing: A process-
dissociation procedure study. Consciousness and Cognition, 17,
688-698.</mixed-citation>
         </ref>
         <ref id="d7772e680a1310">
            <mixed-citation id="d7772e684" publication-type="other">
Lau, H. C, &amp; Passingham, R. E. (2007). Unconscious activation of
the cognitive control system in the human prefrontal cortex. Jour-
nal ofNeuroscience, 27, 5805-5811.</mixed-citation>
         </ref>
         <ref id="d7772e698a1310">
            <mixed-citation id="d7772e702" publication-type="other">
Mandler, G. (1984). Mind and body: Psychology of emotion and
stress. New York, NY: W.W. Norton.</mixed-citation>
         </ref>
         <ref id="d7772e712a1310">
            <mixed-citation id="d7772e716" publication-type="other">
Mandler, G. (2002). Consciousness recovered: Psychological func-
tions and origins of conscious thought. Philadelphia, PA: John
Benjamins.</mixed-citation>
         </ref>
         <ref id="d7772e729a1310">
            <mixed-citation id="d7772e733" publication-type="other">
Marcel, A. J. (1983). Conscious and unconscious perception: An
approach to the relations between phenomenal experience and
perceptual processes. Cognitive Psychology, 15, 238-300.</mixed-citation>
         </ref>
         <ref id="d7772e746a1310">
            <mixed-citation id="d7772e750" publication-type="other">
Mudrik, L., Lamy, D., &amp; Deouell, L. Y. (2010). ERP evidence for
context congruity effects during simultaneous object-scene pro-
cessing. Neuropsychologia, 48, 507-517.</mixed-citation>
         </ref>
         <ref id="d7772e763a1310">
            <mixed-citation id="d7772e767" publication-type="other">
Posner, M. I. (1998). Attention, self regulation and consciousness.
Philosophical Transactions of the Royal Society B: Biological
Sciences, 353, 1915-1927.</mixed-citation>
         </ref>
         <ref id="d7772e780a1310">
            <mixed-citation id="d7772e784" publication-type="other">
Searle, J. R. (1992). The rediscovery of mind. Cambridge, MA: MIT
Press.</mixed-citation>
         </ref>
         <ref id="d7772e795a1310">
            <mixed-citation id="d7772e799" publication-type="other">
Stapel, D. A., &amp; Koomen, W. (2006). The flexible unconscious:
Investigating the judgmental impact of varieties of unaware
perception. Journal of Experimental Social Psychology, 42,
112-119.</mixed-citation>
         </ref>
         <ref id="d7772e815a1310">
            <mixed-citation id="d7772e819" publication-type="other">
Tononi, G., &amp; Edelman, G. M. (1998). Consciousness and complex-
ity. Science, 282, 1846-1851.</mixed-citation>
         </ref>
         <ref id="d7772e829a1310">
            <mixed-citation id="d7772e833" publication-type="other">
rsuchiya, N., &amp; Koch, C. (2005). Continuous flash suppression
reduces negative afterimages. Nature Neuroscience, 8,1096-1101.</mixed-citation>
         </ref>
         <ref id="d7772e843a1310">
            <mixed-citation id="d7772e847" publication-type="other">
vm Gulick, R. (1989). What difference does consciousness make?
Philosophical Topics, 17, 211-230.</mixed-citation>
         </ref>
         <ref id="d7772e857a1310">
            <mixed-citation id="d7772e861" publication-type="other">
Velmans, M. (2009). Understanding consciousness (2nd ed.).
London, England: Routledge.</mixed-citation>
         </ref>
         <ref id="d7772e871a1310">
            <mixed-citation id="d7772e875" publication-type="other">
tfang, E., Zald, D., &amp; Blake, R. (2007). Fearful expressions gain pref-
erential access to awareness during continuous flash suppression.
Emotion, 7, 882-886.</mixed-citation>
         </ref>
      </ref-list>
   </back>
</article>
