<article xmlns:xsi="http://www.w3.org/2001/XMLSchema-instance"
         xmlns:xlink="http://www.w3.org/1999/xlink"
         xmlns:mml="http://www.w3.org/1998/Math/MathML"
         dtd-version="1.0"
         article-type="research-article">
   <front>
      <journal-meta>
         <journal-id journal-id-type="jstor">psychsci</journal-id>
         <journal-id journal-id-type="jstor">j50000277</journal-id>
         <journal-title-group>
            <journal-title>Psychological Science</journal-title>
         </journal-title-group>
         <publisher>
            <publisher-name>Blackwell Publishing</publisher-name>
         </publisher>
         <issn pub-type="ppub">09567976</issn>
         <issn pub-type="epub">14679280</issn>
      </journal-meta>
      <article-meta>
         <article-id pub-id-type="jstor">40063260</article-id>
         <article-categories>
            <subj-group>
               <subject>Research Reports</subject>
            </subj-group>
         </article-categories>
         <title-group>
            <article-title>Orienting to Extinguished Signals in Hemispatial Neglect</article-title>
         </title-group>
         <contrib-group>
            <contrib>
               <string-name>
                  <given-names>Shai</given-names>
                  <surname>Danziger</surname>
               </string-name>
            </contrib>
            <contrib>
               <string-name>
                  <given-names>Alan</given-names>
                  <surname>Kingstone</surname>
               </string-name>
            </contrib>
            <contrib>
               <string-name>
                  <given-names>Robert D.</given-names>
                  <surname>Rafal</surname>
               </string-name>
            </contrib>
         </contrib-group>
         <pub-date>
            <day>1</day>
            <month>3</month>
            <year>1998</year>
         </pub-date>
         <volume>9</volume>
         <issue>2</issue>
         <issue-id>i40002712</issue-id>
         <fpage>119</fpage>
         <lpage>123</lpage>
         <permissions>
            <copyright-statement>Copyright 1998 American Psychological Society</copyright-statement>
         </permissions>
         <self-uri xlink:href="http://www.jstor.org/stable/40063260"/>
         <abstract>
            <p>This study tested for spatial orienting effects, without awareness, to signals presented in the neglected hemifield of 2 hemispatial-neglect patients. The experiment adapted a spatial precuing paradigm for measuring the effects of visual attention. Contralesional orienting hastened subsequent target detection at the location of an extinguished precue. These findings validate a claim that orienting can occur independently of overt detection and indicate that location information is registered in the neglected field.</p>
         </abstract>
         <custom-meta-group>
            <custom-meta>
               <meta-name>lang</meta-name>
               <meta-value>eng</meta-value>
            </custom-meta>
         </custom-meta-group>
      </article-meta>
   </front>
   <back>
      <ref-list>
         <title>References</title>
         <ref id="d2455e174a1310">
            <mixed-citation id="d2455e178" publication-type="other">
Alberts, M.L. (1973). A simple test of visual neglect. Neurology, 23, 658-664.</mixed-citation>
         </ref>
         <ref id="d2455e185a1310">
            <mixed-citation id="d2455e189" publication-type="other">
Cohen, A., Ivry, R.B., Rafal, R.D., &amp; Kohn, K. (1995). Activating response codes by stim-
uli in the neglected field. Neuropsychology, 9, 165-173.</mixed-citation>
         </ref>
         <ref id="d2455e199a1310">
            <mixed-citation id="d2455e203" publication-type="other">
Knight, R.T., Scabini, D., Woods, D.L., &amp; Clayworth, C. (1988). The effects of lesions of
superior temporal gyrus and the inferior parietal lobe on temporal and vertex com-
ponents of the AEP. Encephalography and Clinical Neuwphysiology, 70, 499-509.</mixed-citation>
         </ref>
         <ref id="d2455e216a1310">
            <mixed-citation id="d2455e220" publication-type="other">
Kramer, A.F., &amp; Hahn, S. (1995). Splitting the beam: Distribution of attention over non-
contiguous regions of the visual field. Psychological Science, 6, 381-386.</mixed-citation>
         </ref>
         <ref id="d2455e231a1310">
            <mixed-citation id="d2455e235" publication-type="other">
Mesulam, M.M. (1981). A cortical network for directed attention and unilateral neglect.
Annals of Neurology, 10, 309-325.</mixed-citation>
         </ref>
         <ref id="d2455e245a1310">
            <mixed-citation id="d2455e249" publication-type="other">
Posner, M.I. (1980). Orienting of attention. Quarterly Journal of Experimental Psychol-
ogy, 32, 3-25.</mixed-citation>
         </ref>
         <ref id="d2455e259a1310">
            <mixed-citation id="d2455e263" publication-type="other">
Posner, M.L, &amp; Cohen, Y.P.C. (1984). Components of visual orienting. In H. Bouma &amp; D.
Bouwhuis (Eds.), Attention and performance X (pp. 531-556). London: Erlbaum.</mixed-citation>
         </ref>
         <ref id="d2455e273a1310">
            <mixed-citation id="d2455e277" publication-type="other">
Posner, M.L, Davidson, B.J., &amp; Snyder, C.R.R. (1980). Attention and the detection of sig-
nals. Journal of Experimental Psychology: General, 109, 160-174.</mixed-citation>
         </ref>
         <ref id="d2455e287a1310">
            <mixed-citation id="d2455e291" publication-type="other">
Posner, M.L, &amp; Petersen, S.E. (1990). The attention system of the human brain. Annual
Review of Neuroscience, 13, 25-42.</mixed-citation>
         </ref>
         <ref id="d2455e301a1310">
            <mixed-citation id="d2455e305" publication-type="other">
Posner, M.L, Petersen, S.E., Fox, P.T., &amp; Raichle, M.E. (1988). Localization of cognitive
operations in the human brain. Science, 240, 1627-1631.</mixed-citation>
         </ref>
         <ref id="d2455e316a1310">
            <mixed-citation id="d2455e320" publication-type="other">
Posner, M.L, &amp; Rothbart, M.K. (1992). Attention mechanisms and conscious experience.
In D. A. Milner &amp; M.D. Rugg (Eds.), The neuropsychology of consciousness (pp.
91-111). London: Academic Press.</mixed-citation>
         </ref>
         <ref id="d2455e333a1310">
            <mixed-citation id="d2455e337" publication-type="other">
Posner, M.L, Walker, J.A., Friedrich, F.J., &amp; Rafal, R.D. (1984). Effects of parietal injury
on covert orienting of visual attention. Journal of Neuroscience, 4, 1863-1874.</mixed-citation>
         </ref>
         <ref id="d2455e347a1310">
            <mixed-citation id="d2455e351" publication-type="other">
Yantis, S., &amp; Johnson, D.N. (1990). Mechanisms of attentional priority. Journal of Experi-
mental Psychology: Human Perception and Performance, 16, 812-825.</mixed-citation>
         </ref>
      </ref-list>
   </back>
</article>
