<article xmlns:xsi="http://www.w3.org/2001/XMLSchema-instance"
         xmlns:xlink="http://www.w3.org/1999/xlink"
         xmlns:mml="http://www.w3.org/1998/Math/MathML"
         dtd-version="1.0"
         article-type="research-article">
   <front>
      <journal-meta>
         <journal-id journal-id-type="jstor">psychsci</journal-id>
         <journal-id journal-id-type="jstor">j50000277</journal-id>
         <journal-title-group>
            <journal-title>Psychological Science</journal-title>
         </journal-title-group>
         <publisher>
            <publisher-name>Cambridge University Press</publisher-name>
         </publisher>
         <issn pub-type="ppub">09567976</issn>
         <issn pub-type="epub">14679280</issn>
      </journal-meta>
      <article-meta>
         <article-id pub-id-type="jstor">40062961</article-id>
         <article-categories>
            <subj-group>
               <subject>Research Articles</subject>
            </subj-group>
         </article-categories>
         <title-group>
            <article-title>Natural Musical Intervals: Evidence from Infant Listeners</article-title>
         </title-group>
         <contrib-group>
            <contrib>
               <string-name>
                  <given-names>E. Glenn</given-names>
                  <surname>Schellenberg</surname>
               </string-name>
            </contrib>
            <contrib>
               <string-name>
                  <given-names>Sandra E.</given-names>
                  <surname>Trehub</surname>
               </string-name>
            </contrib>
         </contrib-group>
         <pub-date>
            <day>1</day>
            <month>9</month>
            <year>1996</year>
         </pub-date>
         <volume>7</volume>
         <issue>5</issue>
         <issue-id>i40002694</issue-id>
         <fpage>272</fpage>
         <lpage>277</lpage>
         <permissions>
            <copyright-statement>Copyright 1996 American Psychological Society</copyright-statement>
         </permissions>
         <self-uri xlink:href="http://www.jstor.org/stable/40062961"/>
         <abstract>
            <p>Ancient and medieval scholars considered tones related by simple (small-integer) ratios to be naturally pleasing, but contemporary scholars attribute the special perceptual status of such sounds to exposure. We investigated the possibility of processing predispositions for some tone combinations by evaluating infants' ability to detect subtle changes to patterns of simultaneous and sequential tones. Infants detected such changes to pairs of pure tones (intervals) only when the tones were related by simple frequency ratios. This was the case for 9-month-old infants tested with harmonic (simultaneous) intervals and for 6-month-old infants tested with melodic (sequential) intervals. These results are consistent with a biological basis for the prevalence of particular intervals historically and cross-culturally.</p>
         </abstract>
         <custom-meta-group>
            <custom-meta>
               <meta-name>lang</meta-name>
               <meta-value>eng</meta-value>
            </custom-meta>
         </custom-meta-group>
      </article-meta>
   </front>
   <back>
      <ref-list>
         <title>References</title>
         <ref id="d8327e171a1310">
            <mixed-citation id="d8327e175" publication-type="other">
Bernstein, L. (1976). The unanswered question: Six talks at Harvard. Cambridge,
MA: Harvard University Press.</mixed-citation>
         </ref>
         <ref id="d8327e185a1310">
            <mixed-citation id="d8327e189" publication-type="other">
Boomsliter, P., &amp; Creel, W. (1961). The long pattern hypothesis in harmony and
hearing. Journal of Music Theory, 5, 2-31.</mixed-citation>
         </ref>
         <ref id="d8327e199a1310">
            <mixed-citation id="d8327e203" publication-type="other">
Burns, E.M., &amp; Ward, W.D. (1982). Intervals, scales, and tuning. In D. Deutsch
(Ed.), The psychology of music (pp. 241-269). New York: Academic Press.</mixed-citation>
         </ref>
         <ref id="d8327e213a1310">
            <mixed-citation id="d8327e217" publication-type="other">
Capwell, C. (1986). South Asia. In D.M. Randel (Ed.), The new Harvard dictio-
nary of music (pp. 778-787). Cambridge, MA: Belknap Press.</mixed-citation>
         </ref>
         <ref id="d8327e228a1310">
            <mixed-citation id="d8327e232" publication-type="other">
Cohen, A.J., Thorpe, L.A., &amp; Trehub, S.E. (1987). Infants' perception of musical
relations in short transposed tone sequences. Canadian Journal of Psychol-
ogy, 41, 33-47.</mixed-citation>
         </ref>
         <ref id="d8327e245a1310">
            <mixed-citation id="d8327e249" publication-type="other">
Demany, L., &amp; Armand, F. (1984). The perceptual reality of tone chroma in early
infancy. Journal of the Acoustical Society of America, 76, 57-66.</mixed-citation>
         </ref>
         <ref id="d8327e259a1310">
            <mixed-citation id="d8327e263" publication-type="other">
Dowling, W.J., &amp; Harwood, D.L. (1986). Music cognition. San Diego: Academic
Press.</mixed-citation>
         </ref>
         <ref id="d8327e273a1310">
            <mixed-citation id="d8327e277" publication-type="other">
Elliott, P.B. (1964). Appendix 1: Tables of d' . In J.A. Swets (Ed.), Signal detec-
tion and recognition by human observers: Contemporary readings (pp. 651-
684). New York: Wiley.</mixed-citation>
         </ref>
         <ref id="d8327e290a1310">
            <mixed-citation id="d8327e294" publication-type="other">
Fernald, A. (1989). Intonation and communicative intent in mothers' speech to
infants: Is the melody the message? Child Development, 60, 1497-1510.</mixed-citation>
         </ref>
         <ref id="d8327e304a1310">
            <mixed-citation id="d8327e308" publication-type="other">
Gaver, W.W., &amp; Mandler, G. (1987). Play it again, Sam: On liking music. Cog-
nition and Emotion, I, 259-282.</mixed-citation>
         </ref>
         <ref id="d8327e319a1310">
            <mixed-citation id="d8327e323" publication-type="other">
Hall, D.E. (1980). Musical acoustics: An introduction. Belmont, CA: Wadsworth.</mixed-citation>
         </ref>
         <ref id="d8327e330a1310">
            <mixed-citation id="d8327e334" publication-type="other">
Helmholtz, H.L.F. (1954). On the sensations of tone as a physiological basis for
the theory of music (A.J. Ellis, Ed. and Trans.). New York: Dover. (Original
work published 1885)</mixed-citation>
         </ref>
         <ref id="d8327e347a1310">
            <mixed-citation id="d8327e351" publication-type="other">
Hood, M. (1954). The nuclear theme as a determinant of patet in Javanese music.
Groningen, Netherlands: J.B. Wolters.</mixed-citation>
         </ref>
         <ref id="d8327e361a1310">
            <mixed-citation id="d8327e365" publication-type="other">
Jairazbhoy, N.A. (1971). The rags of north Indian music. London: Faber &amp;
Faber.</mixed-citation>
         </ref>
         <ref id="d8327e375a1310">
            <mixed-citation id="d8327e379" publication-type="other">
Kameoka, A., &amp; Kuriyagawa, M. (1969a). Consonance theory part I: Consonance
of dyads. Journal of the Acoustical Society of America, 45, 1451-1459.</mixed-citation>
         </ref>
         <ref id="d8327e389a1310">
            <mixed-citation id="d8327e393" publication-type="other">
Kameoka, A., &amp; Kuriyagawa, M. (1969b). Consonance theory part II: Conso-
nance of complex tones and its calculation method. Journal of the Acous-
tical Society of America, 45, 1460-1469.</mixed-citation>
         </ref>
         <ref id="d8327e407a1310">
            <mixed-citation id="d8327e411" publication-type="other">
Kilmer, A.D., Crocker, R.L., &amp; Brown, R.R. (1976). Sounds jrom silence. Berke-
ley, CA: Bit Enki Publications.</mixed-citation>
         </ref>
         <ref id="d8327e421a1310">
            <mixed-citation id="d8327e425" publication-type="other">
Koon, N.K. (1979). The five pentatonic modes in Chinese folk music. Chinese
Music, 2(2), 10-13.</mixed-citation>
         </ref>
         <ref id="d8327e435a1310">
            <mixed-citation id="d8327e439" publication-type="other">
Lentz, D.A. (1965). The gamelan music of Java and Bali. Lincoln: University of
Nebraska Press.</mixed-citation>
         </ref>
         <ref id="d8327e449a1310">
            <mixed-citation id="d8327e453" publication-type="other">
Lerdahl, F., &amp; Jackendoff, R. (1983). A generative theory of tonal music. Cam-
bridge, MA: MIT Press.</mixed-citation>
         </ref>
         <ref id="d8327e463a1310">
            <mixed-citation id="d8327e467" publication-type="other">
Lester, J. (1989). Analytic approaches to twentieth-century music. New York:
Norton.</mixed-citation>
         </ref>
         <ref id="d8327e477a1310">
            <mixed-citation id="d8327e481" publication-type="other">
Marler, P. (1990). Innate learning preferences: Signals for communication. De-
velopmental Psychobiology, 23, 557-568.</mixed-citation>
         </ref>
         <ref id="d8327e492a1310">
            <mixed-citation id="d8327e496" publication-type="other">
Meyer, L.B. (1994). Music, the arts, and ideas: Patterns and predictions in twen-
tieth-century culture. Chicago: University of Chicago Press.</mixed-citation>
         </ref>
         <ref id="d8327e506a1310">
            <mixed-citation id="d8327e510" publication-type="other">
Moreland, R.L., &amp; Zajonc, R.B. (1977). Is stimulus recognition a necessary con-
dition for the occurrence of exposure effects? Journal of Personality and
Social Psychology, 35, 191-199.</mixed-citation>
         </ref>
         <ref id="d8327e523a1310">
            <mixed-citation id="d8327e527" publication-type="other">
Morton, D. (1980). Thailand. In S. Sadie (Ed.), The new Grove dictionary of music
and musicians (Vol. 18, pp. 712-722). London: Macmillan.</mixed-citation>
         </ref>
         <ref id="d8327e537a1310">
            <mixed-citation id="d8327e541" publication-type="other">
Plomp, R., &amp; Levelt, W.J.M. (1965). Tonal consonance and critical bandwidth.
Journal of the Acoustical Society of America, 38, 548-560.</mixed-citation>
         </ref>
         <ref id="d8327e551a1310">
            <mixed-citation id="d8327e555" publication-type="other">
Rosch, E. (1975). Universals and cultural specifics in human categorization. In R.
Breslin, S. Bochner, &amp; W. Lonner (Eds.), Cross-cultural perspectives on
learning (pp. 117-206). New York: Halsted Press.</mixed-citation>
         </ref>
         <ref id="d8327e568a1310">
            <mixed-citation id="d8327e572" publication-type="other">
Schellenberg, E.G., &amp; Trehub, S.E. (1994a). Frequency ratios and the discrimi-
nation of pure tone sequences. Perception &amp; Psychophysics, 56, 472-478.</mixed-citation>
         </ref>
         <ref id="d8327e583a1310">
            <mixed-citation id="d8327e587" publication-type="other">
Schellenberg, E.G., &amp; Trehub, S.E. (1994b). Frequency ratios and the perception
of tone patterns. Psychonomic Bulletin &amp; Review, 1, 191-201.</mixed-citation>
         </ref>
         <ref id="d8327e597a1310">
            <mixed-citation id="d8327e601" publication-type="other">
Schellenberg, E.G., &amp; Trehub, S.E. (in press). Children's discrimination of me-
lodic intervals. Developmental Psychology.</mixed-citation>
         </ref>
         <ref id="d8327e611a1310">
            <mixed-citation id="d8327e615" publication-type="other">
Seay, A. (1975). Music in the medieval world (2nd ed.). Englewood Cliffs, NJ:
Prentice Hall.</mixed-citation>
         </ref>
         <ref id="d8327e625a1310">
            <mixed-citation id="d8327e629" publication-type="other">
Serafine, M.L. (1983). Cognition in music. Cognition, 14, 119-183.</mixed-citation>
         </ref>
         <ref id="d8327e636a1310">
            <mixed-citation id="d8327e640" publication-type="other">
Terhardt, E. (1978). Psychoacoustic evaluation of musical sounds. Perception &amp;
Psychophysics, 23, 483-492.</mixed-citation>
         </ref>
         <ref id="d8327e650a1310">
            <mixed-citation id="d8327e654" publication-type="other">
Terhardt, E. (1984). The concept of musical consonance: A link between music
and psychoacoustics. Music Perception, 1, 276-295.</mixed-citation>
         </ref>
         <ref id="d8327e665a1310">
            <mixed-citation id="d8327e669" publication-type="other">
Thorpe, L.A., Trehub, S.E., Morrongiello, B.A., &amp; Bull, D. (1988). Perceptual
grouping by infants and preschool children. Developmental Psychology, 24,
484491.</mixed-citation>
         </ref>
         <ref id="d8327e682a1310">
            <mixed-citation id="d8327e686" publication-type="other">
Trainor, L.J., &amp; Trehub, S.E. (1993a). Musical context effects in infants and
adults: Key distance. Journal of Experimental Psychology: Human Percep-
tion and Performance, 19, 615-626.</mixed-citation>
         </ref>
         <ref id="d8327e699a1310">
            <mixed-citation id="d8327e703" publication-type="other">
Trainor, L.J., &amp; Trehub, S.E. (1993b). What mediates infants' and adults' supe-
rior processing of the major over the augmented triad? Music Perception,
11, 185-196.</mixed-citation>
         </ref>
         <ref id="d8327e716a1310">
            <mixed-citation id="d8327e720" publication-type="other">
Trehub, S.E., Thorpe, L.A., &amp; Trainor, L.J. (1990). Infants' perception of good
and bad melodies. Psychomusicology, 9, 5-15.</mixed-citation>
         </ref>
         <ref id="d8327e730a1310">
            <mixed-citation id="d8327e734" publication-type="other">
Trehub, S.E., &amp; Trainor, L.J. (1993). Listening strategies in infancy: The roots of
language and musical development. In S. McAdams &amp; E. Bigand (Eds.),
Thinking in sound: The cognitive psychology of human audition (pp. 278-
327). London: Oxford University Press.</mixed-citation>
         </ref>
         <ref id="d8327e750a1310">
            <mixed-citation id="d8327e754" publication-type="other">
West, M.L. (1994). The Babylonian musical notation and the Human melodic
texts. Music and Letters, 75, 161-179.</mixed-citation>
         </ref>
      </ref-list>
   </back>
</article>
