<article xmlns:xsi="http://www.w3.org/2001/XMLSchema-instance"
         xmlns:xlink="http://www.w3.org/1999/xlink"
         xmlns:mml="http://www.w3.org/1998/Math/MathML"
         dtd-version="1.0"
         article-type="research-article">
   <front>
      <journal-meta>
         <journal-id journal-id-type="jstor">psychsci</journal-id>
         <journal-id journal-id-type="jstor">j50000277</journal-id>
         <journal-title-group>
            <journal-title>Psychological Science</journal-title>
         </journal-title-group>
         <publisher>
            <publisher-name>Blackwell Publishing</publisher-name>
         </publisher>
         <issn pub-type="ppub">09567976</issn>
         <issn pub-type="epub">14679280</issn>
      </journal-meta>
      <article-meta>
         <article-id pub-id-type="jstor">40063251</article-id>
         <article-categories>
            <subj-group>
               <subject>Research Reports</subject>
            </subj-group>
         </article-categories>
         <title-group>
            <article-title>Chronic Noise Exposure and Physiological Response: A Prospective Study of Children Living under Environmental Stress</article-title>
         </title-group>
         <contrib-group>
            <contrib>
               <string-name>
                  <given-names>Gary W.</given-names>
                  <surname>Evans</surname>
               </string-name>
            </contrib>
            <contrib>
               <string-name>
                  <given-names>Monika</given-names>
                  <surname>Bullinger</surname>
               </string-name>
            </contrib>
            <contrib>
               <string-name>
                  <given-names>Staffan</given-names>
                  <surname>Hygge</surname>
               </string-name>
            </contrib>
         </contrib-group>
         <pub-date>
            <day>1</day>
            <month>1</month>
            <year>1998</year>
         </pub-date>
         <volume>9</volume>
         <issue>1</issue>
         <issue-id>i40002711</issue-id>
         <fpage>75</fpage>
         <lpage>77</lpage>
         <permissions>
            <copyright-statement>Copyright 1998 American Psychological Society</copyright-statement>
         </permissions>
         <self-uri xlink:href="http://www.jstor.org/stable/40063251"/>
         <abstract>
            <p>Chronic exposure to aircraft noise elevated psychophysiological stress (resting blood pressure and overnight epinephrine and norepinephrine) and depressed quality-of-life indicators over a 2-year period among 9- to 11-year-old children. Data collected before and after the inauguration of a major new international airport in noise-impacted and comparison communities show that noise significantly elevates stress among children at ambient levels far below those necessary to produce hearing damage.</p>
         </abstract>
         <custom-meta-group>
            <custom-meta>
               <meta-name>lang</meta-name>
               <meta-value>eng</meta-value>
            </custom-meta>
         </custom-meta-group>
      </article-meta>
   </front>
   <back>
      <ref-list>
         <title>References</title>
         <ref id="d12697e147a1310">
            <mixed-citation id="d12697e151" publication-type="other">
Baum, A., &amp; Fleming, I. (1993). Implications of psychological research on stress and tech-
nological accidents. American Psychologist, 48, 665-672.</mixed-citation>
         </ref>
         <ref id="d12697e161a1310">
            <mixed-citation id="d12697e165" publication-type="other">
Baum, A., &amp; Grunberg, N. (1995). Measurement of stress hormones. In S. Cohen, R.C.
Kessler, &amp; L. Gordon (Eds.), Measuring stress (pp. 175-192). New York: Oxford
University Press.</mixed-citation>
         </ref>
         <ref id="d12697e178a1310">
            <mixed-citation id="d12697e182" publication-type="other">
Baum, A., Grunberg, N., &amp; Singer, J.E. (1982). The use of psychological and neuroendo-
crinological measurements in the study of stress. Health Psychology, 1, 217-236.</mixed-citation>
         </ref>
         <ref id="d12697e192a1310">
            <mixed-citation id="d12697e196" publication-type="other">
Bullinger, M., von Mackensen, S., &amp; Kirchberger, I. (1994). KINDL--Ein Fragebogen zur
Erfassung der Gesundheitsbezogenen Lebensqualitat von Kindern. Zeitschrift fiir
Gesundheitspsychologie, 11, 64-77.</mixed-citation>
         </ref>
         <ref id="d12697e210a1310">
            <mixed-citation id="d12697e214" publication-type="other">
Cohen, S., Evans, G.W., Stokols, D., &amp; Krantz, D.S. (1986). Behavior, health, and environ-
mental stress. New York: Plenum Press.</mixed-citation>
         </ref>
         <ref id="d12697e224a1310">
            <mixed-citation id="d12697e228" publication-type="other">
Evans, G.W. (1994). The psychological costs of chronic exposure to ambient air pollution.
In R.L. Isaacson &amp; K.F. Jensen (Eds.), The vulnerable brain and environmental
risks: Vol. 3. Toxins in air and water (pp. 167-182). New York: Plenum Press.</mixed-citation>
         </ref>
         <ref id="d12697e241a1310">
            <mixed-citation id="d12697e245" publication-type="other">
Evans, G.W. (in press). Environmental stress and health. In A. Baum, T. Revenson, &amp; J.E.
Singer (Eds.), Handbook of health psychology. Hillsdale, NJ: Erlbaum.</mixed-citation>
         </ref>
         <ref id="d12697e255a1310">
            <mixed-citation id="d12697e259" publication-type="other">
Evans, G.W., &amp; Cohen, S. (1987). Environmental stress. In D. Stokols &amp; I. Altman (Eds.),
Handbook of environmental psychology (pp. 571-610). New York: Wiley.</mixed-citation>
         </ref>
         <ref id="d12697e269a1310">
            <mixed-citation id="d12697e273" publication-type="other">
Evans, G.W., Hygge, S., &amp; Bullinger, M. (1995). Chronic noise and psychological stress.
Psychological Science, 6, 333-338.</mixed-citation>
         </ref>
         <ref id="d12697e283a1310">
            <mixed-citation id="d12697e287" publication-type="other">
Evans, G.W., &amp; Lepore, S.J. (1993). Nonauditory effects of noise on children. Children's
Environment, 10, 31-51.</mixed-citation>
         </ref>
         <ref id="d12697e298a1310">
            <mixed-citation id="d12697e302" publication-type="other">
Frankenhaeuser, M. (1986). A psychobiological framework for research on stress and cop-
ing. In M. Appley &amp; R. Trumbull (Eds.), Dynamics of stress (pp. 101-116). New
York: Plenum Press.</mixed-citation>
         </ref>
         <ref id="d12697e315a1310">
            <mixed-citation id="d12697e319" publication-type="other">
Glass, D.C., &amp; Singer, J.E. (1972). Urban stress. New York: Academic Press.</mixed-citation>
         </ref>
         <ref id="d12697e326a1310">
            <mixed-citation id="d12697e330" publication-type="other">
Grunberg, N., &amp; Singer, J.E. (1990). Biochemical measurement. In J. Cacioppo &amp; L.
Tassinary (Eds.), Principles of psychophysiology (pp. 149-176). New York: Cam-
bridge University Press.</mixed-citation>
         </ref>
         <ref id="d12697e343a1310">
            <mixed-citation id="d12697e347" publication-type="other">
Hygge, S. (1997). Noise effects on health. In A. Baum, S. Newman, J. Weinman, R. West,
&amp; C. McManus (Eds.), Cambridge handbook of psychology, health, and medicine
(pp. 139-143). London: Cambridge University Press.</mixed-citation>
         </ref>
         <ref id="d12697e360a1310">
            <mixed-citation id="d12697e364" publication-type="other">
Knipschild, P. (1977). Medical effects of aircraft noise: Community cardiovascular survey.
International Archives of Occupational and Environmental Health, 40, 185-190.</mixed-citation>
         </ref>
         <ref id="d12697e374a1310">
            <mixed-citation id="d12697e378" publication-type="other">
Kryter, K. (1994). The handbook of hearing and the effects of noise. New York: Academic Press.</mixed-citation>
         </ref>
         <ref id="d12697e386a1310">
            <mixed-citation id="d12697e390" publication-type="other">
Lundberg, U. (1984). Human psychobiology in Scandinavia: Psychoneuroendocrinology,
human stress and coping processes. Scandinavian Journal of Psychology, 25, 214-226.</mixed-citation>
         </ref>
         <ref id="d12697e400a1310">
            <mixed-citation id="d12697e404" publication-type="other">
Peterson, E., Augenstein, J., Tanis, D., &amp; Augenstein, D. (1981). Noise raises blood pres-
sure without impairing auditory sensitivity. Science, 211, 1450-1452.</mixed-citation>
         </ref>
         <ref id="d12697e414a1310">
            <mixed-citation id="d12697e418" publication-type="other">
Riggin, R., &amp; Kissinger, P. (1977). Determination of catecholamines in urine by reverse
phase liquid chromatography with electrochemical detection. Analytic Chemistry,
49,2109-2111.</mixed-citation>
         </ref>
         <ref id="d12697e431a1310">
            <mixed-citation id="d12697e435" publication-type="other">
Thompson, S. (1993). Extra-aural health effects of chronic noise exposure in humans. In H.
Ising &amp; B. Kruppa (Eds.), Noise and disease (pp. 107-117). New York: Springer- Verlag.</mixed-citation>
         </ref>
      </ref-list>
   </back>
</article>
