<article xmlns:xsi="http://www.w3.org/2001/XMLSchema-instance"
         xmlns:xlink="http://www.w3.org/1999/xlink"
         xmlns:mml="http://www.w3.org/1998/Math/MathML"
         dtd-version="1.0"
         article-type="research-article">
   <front>
      <journal-meta>
         <journal-id journal-id-type="jstor">psychsci</journal-id>
         <journal-id journal-id-type="jstor">j50000277</journal-id>
         <journal-title-group>
            <journal-title>Psychological Science</journal-title>
         </journal-title-group>
         <publisher>
            <publisher-name>Blackwell Publishing</publisher-name>
         </publisher>
         <issn pub-type="ppub">09567976</issn>
         <issn pub-type="epub">14679280</issn>
      </journal-meta>
      <article-meta>
         <article-id pub-id-type="jstor">40063324</article-id>
         <article-categories>
            <subj-group>
               <subject>Research Articles</subject>
            </subj-group>
         </article-categories>
         <title-group>
            <article-title>Inhibition Accompanies Reference-Frame Selection</article-title>
         </title-group>
         <contrib-group>
            <contrib>
               <string-name>
                  <given-names>Laura A.</given-names>
                  <surname>Carlson-Radvansky</surname>
               </string-name>
            </contrib>
            <contrib>
               <string-name>
                  <given-names>Yuhong</given-names>
                  <surname>Jiang</surname>
               </string-name>
            </contrib>
         </contrib-group>
         <pub-date>
            <day>1</day>
            <month>9</month>
            <year>1998</year>
         </pub-date>
         <volume>9</volume>
         <issue>5</issue>
         <issue-id>i40002717</issue-id>
         <fpage>386</fpage>
         <lpage>391</lpage>
         <permissions>
            <copyright-statement>Copyright 1998 American Psychological Society</copyright-statement>
         </permissions>
         <self-uri xlink:href="http://www.jstor.org/stable/40063324"/>
         <abstract>
            <p>Spatial relational terms are ambiguous because they can be defined by different and sometimes conflicting frames of reference. Previous research has suggested that multiple reference frames are simultaneously active before a reference frame is selected. Two experiments examined the on-line selection of a reference frame to determine whether it is assisted by inhibition. These experiments used a negative-priming paradigm in which access to a reference frame was assessed on trial n when that reference frame was either available but not selected or not available on trial n - 1. Significant negative priming was observed; it operated along the axis of the reference frame, encompassing both endpoints. In addition, reference-frame selection seems to be independent of object selection. We cast these findings within the view of negative priming as an inhibitory mechanism, and discuss their implications for the use of spatial relations.</p>
         </abstract>
         <custom-meta-group>
            <custom-meta>
               <meta-name>lang</meta-name>
               <meta-value>eng</meta-value>
            </custom-meta>
         </custom-meta-group>
      </article-meta>
   </front>
   <back>
      <fn-group>
         <title>[Footnotes]</title>
         <fn id="d5884e153a1310">
            <label>1</label>
            <p>
               <mixed-citation id="d5884e160" publication-type="other">
Carlson-
Radvansky and Logan (1997)</mixed-citation>
            </p>
         </fn>
      </fn-group>
      <ref-list>
         <title>References</title>
         <ref id="d5884e179a1310">
            <mixed-citation id="d5884e183" publication-type="other">
Carlson-Radvansky, L.A., &amp; Irwin, D.E. (1993). Frames of reference in vision and lan-
</mixed-citation>
         </ref>
         <ref id="d5884e192a1310">
            <mixed-citation id="d5884e196" publication-type="other">
Carlson-Radvansky, L.A., &amp; Irwin, D.E. (1994). Reference frame activation during spatial
term assignment. Journal of Memory and Language, 33, 646-671.</mixed-citation>
         </ref>
         <ref id="d5884e206a1310">
            <mixed-citation id="d5884e210" publication-type="other">
Carlson-Radvansky, L.A., &amp; Logan, G.D. (1997). The influence of reference frame selec-
tion on spatial template construction. Journal of Memory and Language, 37,
411-437.</mixed-citation>
         </ref>
         <ref id="d5884e223a1310">
            <mixed-citation id="d5884e227" publication-type="other">
Fisher, R.A. (1966). The design of experiments (8th ed.). Edinburgh: Oliver and Boyd.</mixed-citation>
         </ref>
         <ref id="d5884e235a1310">
            <mixed-citation id="d5884e239" publication-type="other">
Fox, E. (1995). Negative priming from ignored distractors in visual selection: A review.
Psychonomic Bulletin &amp; Review, 2, 145-173.</mixed-citation>
         </ref>
         <ref id="d5884e249a1310">
            <mixed-citation id="d5884e253" publication-type="other">
Levinson, S. (1996). Frames of reference and Molyneux's questions: Cross-linguistic evi-
dence. In P. Bloom, M.A. Peterson, L. Nadel, &amp; M. Garrett (Eds.), Language and
space (pp. 109-169). Cambridge, MA: MIT Press.</mixed-citation>
         </ref>
         <ref id="d5884e266a1310">
            <mixed-citation id="d5884e270" publication-type="other">
Loftus, G.R., &amp; Masson, M.E.J. (1994). Using confidence intervals in within-subject
designs. Psychonomic Bulletin &amp; Review, 1, 476-490.</mixed-citation>
         </ref>
         <ref id="d5884e280a1310">
            <mixed-citation id="d5884e284" publication-type="other">
Logan, G.D., &amp; Sadler, D.D. (1996). A computational analysis of the apprehension of spa-
tial relations. In P. Bloom, M.A. Peterson, L. Nadel, &amp; M. Garrett (Eds.), Language
and space (pp. 493-529). Cambridge, MA: MIT Press.</mixed-citation>
         </ref>
         <ref id="d5884e297a1310">
            <mixed-citation id="d5884e301" publication-type="other">
Maki, R. (1986). Naming and locating the tops of rotated pictures. Canadian Journal of
Psychology, 40, 368-387.</mixed-citation>
         </ref>
         <ref id="d5884e311a1310">
            <mixed-citation id="d5884e315" publication-type="other">
May, C.P., Kane, M.J., &amp; Hasher, L. (1995). Determinants of negative priming. Psycho-
logical Bulletin, 118, 35-54.</mixed-citation>
         </ref>
         <ref id="d5884e326a1310">
            <mixed-citation id="d5884e330" publication-type="other">
McMullen, P. A., &amp; Jolicoeur, P. (1990). The spatial frame of reference in object naming
and discrimination of left-right reflections. Memory &amp; Cognition, 18, 99-115.</mixed-citation>
         </ref>
         <ref id="d5884e340a1310">
            <mixed-citation id="d5884e344" publication-type="other">
Milliken, B., Tipper, S.P., &amp; Bruce, W. (1994). Negative priming in a spatial localization
task: Feature mismatching and distractor inhibition. Journal of Experimental Psy-
chology: Human Perception and Performance, 20, 624-646.</mixed-citation>
         </ref>
         <ref id="d5884e357a1310">
            <mixed-citation id="d5884e361" publication-type="other">
Neill, W.T. (1977). Inhibitory and facilitatory processes in selective attention. Journal of
Experimental Psychology: Human Perception and Performance, 3, 444-450.</mixed-citation>
         </ref>
         <ref id="d5884e371a1310">
            <mixed-citation id="d5884e375" publication-type="other">
Neill, W.T, &amp; Valdes, L.A. (1992). The persistence of negative priming: Steady-state or
decay? Journal of Experimental Psychology: Learning, Memory, and Cognition, 18,
565-576.</mixed-citation>
         </ref>
         <ref id="d5884e388a1310">
            <mixed-citation id="d5884e392" publication-type="other">
Neill, W.T, Valdes, L.A., Terry, K.M., &amp; Gorfein, D.S. (1992). The persistence of negative
priming: II. Evidence for episodic trace retrieval. Journal of Experimental Psychol-
ogy: Learning, Memory, and Cognition, 18, 993-1000.</mixed-citation>
         </ref>
         <ref id="d5884e405a1310">
            <mixed-citation id="d5884e409" publication-type="other">
Radvansky, G.A. (1998). Memory retrieval and suppression: The inhibition of situation
models. Manuscript submitted for publication.</mixed-citation>
         </ref>
         <ref id="d5884e420a1310">
            <mixed-citation id="d5884e424" publication-type="other">
Robertson, L.C., Palmer, S.E., &amp; Gomez, L.M. (1987). Reference frames in mental rota-
tion. Journal of Experimental Psychology: Learning, Memory, and Cognition, 13,
368-379.</mixed-citation>
         </ref>
         <ref id="d5884e437a1310">
            <mixed-citation id="d5884e441" publication-type="other">
Rock, I. (1973). Orientation and form. New York: Academic Press.</mixed-citation>
         </ref>
         <ref id="d5884e448a1310">
            <mixed-citation id="d5884e452" publication-type="other">
Schober, M.F. (1993). Spatial perspective-taking in conversation. Cognition, 47, 1-24.</mixed-citation>
         </ref>
         <ref id="d5884e459a1310">
            <mixed-citation id="d5884e463" publication-type="other">
Tipper, S.P. (1985). The negative priming effect: Inhibitory priming by ignored objects.
Quarterly Journal of Experimental Psychology, 37A, 571-590.</mixed-citation>
         </ref>
         <ref id="d5884e473a1310">
            <mixed-citation id="d5884e477" publication-type="other">
Tipper, S.P., &amp; Driver, J. (1988). Negative priming between pictures and words in a selec-
tive attention task: Evidence for semantic processing of ignored stimuli. Memory &amp;
Cognition, 16, 64-70.</mixed-citation>
         </ref>
         <ref id="d5884e490a1310">
            <mixed-citation id="d5884e494" publication-type="other">
Tipper, S.P., Lortie, C, &amp; Baylis, G. (1992). Selective reaching: Evidence for action-
centered attention. Journal of Experimental Psychology: Human Perception and
Performance, 18, 891-905.</mixed-citation>
         </ref>
         <ref id="d5884e508a1310">
            <mixed-citation id="d5884e512" publication-type="other">
Tipper, S.P, &amp; Milliken, B. (1996). Distinguishing between inhibition-based and episodic
retrieval-based accounts of negative priming. In A.F. Kramer, M.G.H. Coles, &amp; G.D.
Logan (Eds.), Converging operations in the study of visual selective attention
(pp. 337-363). Washington, DC: American Psychological Association.</mixed-citation>
         </ref>
         <ref id="d5884e528a1310">
            <mixed-citation id="d5884e532" publication-type="other">
Tipper, S.P, Weaver, B., &amp; Houghton, G. (1994). Behavioral goals determine inhibitory
mechanisms of selective attention. Quarterly Journal of Experimental Psychology,
47A, 809-840.</mixed-citation>
         </ref>
      </ref-list>
   </back>
</article>
