<article xmlns:xsi="http://www.w3.org/2001/XMLSchema-instance"
         xmlns:xlink="http://www.w3.org/1999/xlink"
         xmlns:mml="http://www.w3.org/1998/Math/MathML"
         dtd-version="1.0"
         article-type="research-article">
   <front>
      <journal-meta>
         <journal-id journal-id-type="jstor">psychsci</journal-id>
         <journal-id journal-id-type="jstor">j50000277</journal-id>
         <journal-title-group>
            <journal-title>Psychological Science</journal-title>
         </journal-title-group>
         <publisher>
            <publisher-name>Cambridge University Press</publisher-name>
         </publisher>
         <issn pub-type="ppub">09567976</issn>
         <issn pub-type="epub">14679280</issn>
      </journal-meta>
      <article-meta>
         <article-id pub-id-type="jstor">40063183</article-id>
         <article-categories>
            <subj-group>
               <subject>Research Articles</subject>
            </subj-group>
         </article-categories>
         <title-group>
            <article-title>Associative Processes in False Recall and False Recognition</article-title>
         </title-group>
         <contrib-group>
            <contrib>
               <string-name>
                  <given-names>Kerry J.</given-names>
                  <surname>Robinson</surname>
               </string-name>
            </contrib>
            <contrib>
               <string-name>
                  <given-names>Henry L.</given-names>
                  <surname>Roediger</surname>
                  <suffix>III</suffix>
               </string-name>
            </contrib>
         </contrib-group>
         <pub-date>
            <day>1</day>
            <month>5</month>
            <year>1997</year>
         </pub-date>
         <volume>8</volume>
         <issue>3</issue>
         <issue-id>i40002707</issue-id>
         <fpage>231</fpage>
         <lpage>237</lpage>
         <permissions>
            <copyright-statement>Copyright 1997 American Psychological Society</copyright-statement>
         </permissions>
         <self-uri xlink:href="http://www.jstor.org/stable/40063183"/>
         <abstract>
            <p>Studying a list of words associated to a critical nonpresented word results in high rates of false recall and false recognition for that nonpresented item (Roediger &amp; McDermott, 1995). Two experiments examined the effect of manipulating the number of associates presented on false recall and later false recognition of a nonpresented item: In Experiment 1, associate lists of varying lengths were studied; in Experiment 2, list length was held constant and the number of associates within the list was manipulated. In both experiments, the rate of critical intrusions in recall increased steadily with increasing number of associates studied. Most notably, the filler words used in Experiment 2 to equate the list lengths did not affect the rate of critical intrusions, although they did depress recall of studied words. False recall and false recognition appear to be tied to the total, not the mean, associative strength of items in the list.</p>
         </abstract>
         <custom-meta-group>
            <custom-meta>
               <meta-name>lang</meta-name>
               <meta-value>eng</meta-value>
            </custom-meta>
         </custom-meta-group>
      </article-meta>
   </front>
   <back>
      <ref-list>
         <title>References</title>
         <ref id="d22749e165a1310">
            <mixed-citation id="d22749e169" publication-type="other">
Brainerd, C.J., Reyna, V.F., &amp; Brandse, E. (1996). Are children's false memories
more persistent than their true memories? Psychological Science, 6, 359-364.</mixed-citation>
         </ref>
         <ref id="d22749e179a1310">
            <mixed-citation id="d22749e183" publication-type="other">
Cramer, P. (1970). Semantic generalization: IAR locus and instructions. Journal of
Experimental Psychology, 83, 266-273.</mixed-citation>
         </ref>
         <ref id="d22749e193a1310">
            <mixed-citation id="d22749e197" publication-type="other">
Deese, J. (1959). On the prediction of occurrence of particular verbal intrusions in
immediate recall. Journal of Experimental Psychology, 58, 17-22.</mixed-citation>
         </ref>
         <ref id="d22749e207a1310">
            <mixed-citation id="d22749e211" publication-type="other">
Hall, J.W., &amp; Kozloff, E.E. (1973). False recognitions of associates of converging
versus repeated words. American Journal of Psychology, 86, 133-139.</mixed-citation>
         </ref>
         <ref id="d22749e222a1310">
            <mixed-citation id="d22749e226" publication-type="other">
Hintzman, D.L. (1988). Judgments of frequency and recognition memory in a
multiple-trace memory model. Psychological Review, 95, 528-551.</mixed-citation>
         </ref>
         <ref id="d22749e236a1310">
            <mixed-citation id="d22749e240" publication-type="other">
McDermott, K.B. (1996). The persistence of false memories in list recall. Journal
of Memory and Language, 35, 212-230.</mixed-citation>
         </ref>
         <ref id="d22749e250a1310">
            <mixed-citation id="d22749e254" publication-type="other">
Murdock, B.B., Jr. (1961). The retention of individual items. Journal of Experimental
Psychology, 62, 618-625.</mixed-citation>
         </ref>
         <ref id="d22749e264a1310">
            <mixed-citation id="d22749e268" publication-type="other">
Payne, D.G., Elie, C.J., Blackwell, J.M., &amp; Neuschatz, J.S. (1996). Memory illusions:
Recalling, recognizing, and recollecting events that never occurred. Journal
of Memory and Language, 35, 261-285.</mixed-citation>
         </ref>
         <ref id="d22749e281a1310">
            <mixed-citation id="d22749e285" publication-type="other">
Read, J.D. (1996). From a passing thought to a false memory in 2 minutes: Confusing
real and illusory events. Psychonomic Bulletin and Review, 3, 105-111.</mixed-citation>
         </ref>
         <ref id="d22749e295a1310">
            <mixed-citation id="d22749e299" publication-type="other">
Reyna, V.F., &amp; Brainerd, C.J. (1995). Fuzzy-trace theory: An interim synthesis.
Learning and Individual Differences, 7, 1-75.</mixed-citation>
         </ref>
         <ref id="d22749e310a1310">
            <mixed-citation id="d22749e314" publication-type="other">
Roediger, H.L., III. (1996). Memory illusions. Journal of Memory and Language,
35, 76-100.</mixed-citation>
         </ref>
         <ref id="d22749e324a1310">
            <mixed-citation id="d22749e328" publication-type="other">
Roediger, H.L., III, &amp; McDermott, K.B. (1995). Creating false memories: Remem-
bering words not presented in lists. Journal of Experimental Psychology:
Learning, Memory, and Cognition, 21, 803-814.</mixed-citation>
         </ref>
         <ref id="d22749e341a1310">
            <mixed-citation id="d22749e345" publication-type="other">
Schacter, D.L. (1995). Memory distortion: History and current status. In D.L.
Schacter, J.T. Coyle, G.D. Fischbach, M.-M. Mesulam, &amp; L.E. Sullivan (Eds.),
Memory distortion: How minds, brains and societies reconstruct the past (pp.
1-43). Cambridge, MA: Harvard University Press.</mixed-citation>
         </ref>
         <ref id="d22749e361a1310">
            <mixed-citation id="d22749e365" publication-type="other">
Schacter, D.L., Verfaelhe, M., &amp; Pradere, D. (1996). The neuropsychology of mem-
ory illusions: False recall and recognition in amnesic patients. Journal of
Memory and Language, 35, 319-334.</mixed-citation>
         </ref>
         <ref id="d22749e378a1310">
            <mixed-citation id="d22749e382" publication-type="other">
Schneider, W. (1988). Micro Experimental Laboratory: An integrated system for
IBM PC compatibles. Behavior Research Methods, Instruments and Comput-
ers, 20, 206-217.</mixed-citation>
         </ref>
         <ref id="d22749e395a1310">
            <mixed-citation id="d22749e399" publication-type="other">
Shiffrin, R.M., Huber, D.E., &amp; Marinelli, K. (1995). Effects of category length and
strength on familiarity in recognition. Journal of Experimental Psychology:
Learning, Memory, and Cognition, 21, 267-287.</mixed-citation>
         </ref>
         <ref id="d22749e413a1310">
            <mixed-citation id="d22749e417" publication-type="other">
Tulving, E. (1985). Memory and consciousness. Canadian Psychologist, 26, 1-12.</mixed-citation>
         </ref>
         <ref id="d22749e424a1310">
            <mixed-citation id="d22749e428" publication-type="other">
Underwood, B.J. (1965). False recognition produced by implicit verbal responses.
Journal of Experimental Psychology, 70, 122-129.</mixed-citation>
         </ref>
      </ref-list>
   </back>
</article>
