<article xmlns:xsi="http://www.w3.org/2001/XMLSchema-instance"
         xmlns:xlink="http://www.w3.org/1999/xlink"
         xmlns:mml="http://www.w3.org/1998/Math/MathML"
         dtd-version="1.0"
         article-type="research-article">
   <front>
      <journal-meta>
         <journal-id journal-id-type="jstor">psychsci</journal-id>
         <journal-id journal-id-type="jstor">j50000277</journal-id>
         <journal-title-group>
            <journal-title>Psychological Science</journal-title>
         </journal-title-group>
         <publisher>
            <publisher-name>Cambridge University Press</publisher-name>
         </publisher>
         <issn pub-type="ppub">09567976</issn>
         <issn pub-type="epub">14679280</issn>
      </journal-meta>
      <article-meta>
         <article-id pub-id-type="jstor">40063073</article-id>
         <article-categories>
            <subj-group>
               <subject>Research Reports</subject>
            </subj-group>
         </article-categories>
         <title-group>
            <article-title>Reconfirmation of the Short-Term Storage Concept</article-title>
         </title-group>
         <contrib-group>
            <contrib>
               <string-name>
                  <given-names>Nelson</given-names>
                  <surname>Cowan</surname>
               </string-name>
            </contrib>
            <contrib>
               <string-name>
                  <given-names>Noelle L.</given-names>
                  <surname>Wood</surname>
               </string-name>
            </contrib>
            <contrib>
               <string-name>
                  <given-names>Dawn N.</given-names>
                  <surname>Borne</surname>
               </string-name>
            </contrib>
         </contrib-group>
         <pub-date>
            <day>1</day>
            <month>3</month>
            <year>1994</year>
         </pub-date>
         <volume>5</volume>
         <issue>2</issue>
         <issue-id>i40002701</issue-id>
         <fpage>103</fpage>
         <lpage>106</lpage>
         <permissions>
            <copyright-statement>Copyright 1994 American Psychological Society</copyright-statement>
         </permissions>
         <self-uri xlink:href="http://www.jstor.org/stable/40063073"/>
         <abstract>
            <p>Recent research questions the existence of a short-term storage mechanism capable of holding limited information temporarily. Specifically, serial-recall results with a through-list distractor (TLD) procedure, in which a distracting task is interposed between list items as well as between the list and recall period, generally resemble the results of immediate-recall procedures. The present study, however, reconfirms the utility of short-term storage by demonstrating an important difference between immediate and TLD recall. A word-length effect, or advantage for lists of shorter words (which minimize short-term forgetting during spoken recall), did not occur with a TLD procedure.</p>
         </abstract>
         <custom-meta-group>
            <custom-meta>
               <meta-name>lang</meta-name>
               <meta-value>eng</meta-value>
            </custom-meta>
         </custom-meta-group>
      </article-meta>
   </front>
   <back>
      <ref-list>
         <title>References</title>
         <ref id="d22681e156a1310">
            <mixed-citation id="d22681e160" publication-type="other">
Atkinson, R.C., &amp; Shiffrin, R.M. (1968). Human
memory: A proposed system and its control
processes. In K.W. Spence &amp; J.T. Spence
(Eds.), The psychology of learning and moti-
vation: Advances in research and theory (Vol.
2, pp. 89-195). New York: Academic Press.</mixed-citation>
         </ref>
         <ref id="d22681e183a1310">
            <mixed-citation id="d22681e187" publication-type="other">
Baddeley, A.D. (1986). Working memory. Oxford:
Clarendon Press.</mixed-citation>
         </ref>
         <ref id="d22681e197a1310">
            <mixed-citation id="d22681e201" publication-type="other">
Baddeley, A.D., Thomson, N., &amp; Buchanan, M.
(1975). Word length and the structure of short-
term memory. Journal of Verbal Learning and
Verbal Behavior, 14, 575-589.</mixed-citation>
         </ref>
         <ref id="d22681e217a1310">
            <mixed-citation id="d22681e221" publication-type="other">
Bjork, R.A., &amp; Whitten, W.B. (1974). Recency-
sensitive retrieval processes in long-term free
recall. Cognitive Psychology, 6, 173-189.</mixed-citation>
         </ref>
         <ref id="d22681e235a1310">
            <mixed-citation id="d22681e239" publication-type="other">
Broadbent, D.E. (1958). Perception and communi-
cation. New York: Pergamon Press.</mixed-citation>
         </ref>
         <ref id="d22681e249a1310">
            <mixed-citation id="d22681e253" publication-type="other">
Carroll, J.B., Davies, P., &amp; Richman, B. (1971). The
American Heritage word frequency book. Bos-
ton: Houghton Mifflin.</mixed-citation>
         </ref>
         <ref id="d22681e266a1310">
            <mixed-citation id="d22681e270" publication-type="other">
Cowan, N. (1988). Evolving conceptions of memory
storage, selective attention, and their mutual
constraints within the human information pro-
cessing system. Psychological Bulletin, 104,
163-191.</mixed-citation>
         </ref>
         <ref id="d22681e289a1310">
            <mixed-citation id="d22681e293" publication-type="other">
Cowan, N. (1992). Verbal memory span and the tim-
ing of spoken recall. Journal of Memory and
Language, 31, 668-684.</mixed-citation>
         </ref>
         <ref id="d22681e306a1310">
            <mixed-citation id="d22681e310" publication-type="other">
Cowan, N., Day, L., Saults, J.S., Keller, T.A.,
Johnson, T., &amp; Flores, L. (1992). The role of
verbal output time in the effects of word length
on immediate memory. Journal of Memory
and Language, 31, 1-17.</mixed-citation>
         </ref>
         <ref id="d22681e329a1310">
            <mixed-citation id="d22681e335" publication-type="other">
Cowan, N., Keller, T., Hulme, C, Roodenrys, S.,
McDougall, S., &amp; Rack, J. (in press). Verbal
memory span in children: Speech timing clues
to the mechanisms underlying age and word
length effects. Journal of Memory and Lan-
guage.</mixed-citation>
         </ref>
         <ref id="d22681e359a1310">
            <mixed-citation id="d22681e363" publication-type="other">
Crowder, R.G. (1989). Modularity and dissociations
in memory systems. In H.L. Roediger &amp;
F.I.M. Craik (Eds.), Varieties of memory and
consciousness: Essays in honor ofEndel Tulv-
ing (pp. 271-294). Hillsdale, NJ: Erlbaum.</mixed-citation>
         </ref>
         <ref id="d22681e382a1310">
            <mixed-citation id="d22681e386" publication-type="other">
Crowder, R.G. (1993). Short-term memory: Where
do we stand? Memory &amp; Cognition, 21, 142-
145.</mixed-citation>
         </ref>
         <ref id="d22681e399a1310">
            <mixed-citation id="d22681e403" publication-type="other">
Gardiner, J.M., &amp; Gregg, V.H. (1979). When audi-
tory memory is not overwritten. Journal of
Verbal Learning and Verbal Behavior, 18,
705-719.</mixed-citation>
         </ref>
         <ref id="d22681e419a1310">
            <mixed-citation id="d22681e423" publication-type="other">
Glanzer, M., &amp; Cunitz, A.R. (1966). Two storage
mechanisms in free recall. Journal of Verbal
Learning and Verbal Behavior, 5, 351-360.</mixed-citation>
         </ref>
         <ref id="d22681e436a1310">
            <mixed-citation id="d22681e440" publication-type="other">
Glenberg, A.M. (1984). A retrieval account of the
long-term modality effect. Journal of Experi-
mental Psychology: Learning, Memory, and
Cognition, 10, 16-31.</mixed-citation>
         </ref>
         <ref id="d22681e456a1310">
            <mixed-citation id="d22681e460" publication-type="other">
Greene, R.L. (1986a). A common basis for recency
effects in immediate and delayed recall. Jour-
nal of Experimental Psychology: Learning,
Memory, and Cognition, 12, 413-418.</mixed-citation>
         </ref>
         <ref id="d22681e477a1310">
            <mixed-citation id="d22681e481" publication-type="other">
Greene, R.L. (1986b). Sources of recency effects in
free recall. Psychological Bulletin, 99, 221-
228.</mixed-citation>
         </ref>
         <ref id="d22681e494a1310">
            <mixed-citation id="d22681e498" publication-type="other">
Nairne, J.S. (1992). The loss of positional certainty
in long-term memory. Psychological Science,
3, 199-202.</mixed-citation>
         </ref>
      </ref-list>
   </back>
</article>
