<article xmlns:xsi="http://www.w3.org/2001/XMLSchema-instance"
         xmlns:xlink="http://www.w3.org/1999/xlink"
         xmlns:mml="http://www.w3.org/1998/Math/MathML"
         dtd-version="1.0"
         article-type="research-article">
   <front>
      <journal-meta>
         <journal-id journal-id-type="jstor">psychsci</journal-id>
         <journal-id journal-id-type="jstor">j50000277</journal-id>
         <journal-title-group>
            <journal-title>Psychological Science</journal-title>
         </journal-title-group>
         <publisher>
            <publisher-name>Cambridge University Press</publisher-name>
         </publisher>
         <issn pub-type="ppub">09567976</issn>
         <issn pub-type="epub">14679280</issn>
      </journal-meta>
      <article-meta>
         <article-id pub-id-type="jstor">40063216</article-id>
         <article-categories>
            <subj-group>
               <subject>Research Articles</subject>
            </subj-group>
         </article-categories>
         <title-group>
            <article-title>Subliminal Exposure to Death-Related Stimuli Increases Defense of the Cultural Worldview</article-title>
         </title-group>
         <contrib-group>
            <contrib>
               <string-name>
                  <given-names>Jamie</given-names>
                  <surname>Arndt</surname>
               </string-name>
            </contrib>
            <contrib>
               <string-name>
                  <given-names>Jeff</given-names>
                  <surname>Greenberg</surname>
               </string-name>
            </contrib>
            <contrib>
               <string-name>
                  <given-names>Tom</given-names>
                  <surname>Pyszczynski</surname>
               </string-name>
            </contrib>
            <contrib>
               <string-name>
                  <given-names>Sheldon</given-names>
                  <surname>Solomon</surname>
               </string-name>
            </contrib>
         </contrib-group>
         <pub-date>
            <day>1</day>
            <month>9</month>
            <year>1997</year>
         </pub-date>
         <volume>8</volume>
         <issue>5</issue>
         <issue-id>i40002709</issue-id>
         <fpage>379</fpage>
         <lpage>385</lpage>
         <permissions>
            <copyright-statement>Copyright 1997 American Psychological Society</copyright-statement>
         </permissions>
         <self-uri xlink:href="http://www.jstor.org/stable/40063216"/>
         <abstract>
            <p>Three experiments reported here provide empirical support for the hypothesis derived from terror management theory that unconscious concerns about death motivate allegiance to cultural beliefs. Study 1 contrasted exposure to a subliminal death-related stimulus, a standard mortality-salience treatment, and a neutral subliminal stimulus, and found that both the subliminal and the standard reminder of mortality led to more favorable evaluations of people who praised subjects' cultural worldview and more unfavorable evaluations of those who challenged it. Study 2 replicated this finding by comparing the effects of exposure to subliminal death stimuli and subliminal pain stimuli. Study 3 contrasted subliminal death stimuli, supraliminal death stimuli, and subliminal pain stimuli and found that only subliminal death stimuli produced these effects.</p>
         </abstract>
         <custom-meta-group>
            <custom-meta>
               <meta-name>lang</meta-name>
               <meta-value>eng</meta-value>
            </custom-meta>
         </custom-meta-group>
      </article-meta>
   </front>
   <back>
      <ref-list>
         <title>References</title>
         <ref id="d11960e161a1310">
            <mixed-citation id="d11960e165" publication-type="other">
Arndt, J., Greenberg, J., Solomon, S., Pyszczynski, T., &amp; Simon, L. (in press). Suppres-
sion, accessibility of death-related thoughts, and cultural worldview defense: Ex-
ploring the psychodynamics of terror management. Jounal of Personality and So-
cial Psychology.</mixed-citation>
         </ref>
         <ref id="d11960e181a1310">
            <mixed-citation id="d11960e185" publication-type="other">
Balay, J., &amp; Shevrin, H. (1988). The subliminal psychodynamic activation method: A
critical review. American Psychologist, 43, 161-174.</mixed-citation>
         </ref>
         <ref id="d11960e195a1310">
            <mixed-citation id="d11960e199" publication-type="other">
Baldwin, M.W., Carrell, S.E., &amp; Lopez, D.F. (1990). Priming relationship schemas: My
advisor and the pope are watching me from the back of my mind. Journal of
Experimental Social Psychology, 26, 435-454.</mixed-citation>
         </ref>
         <ref id="d11960e212a1310">
            <mixed-citation id="d11960e216" publication-type="other">
Bargh, J.A. (1984). Automatic and conscious processing of social information. In R.S.
Wyer &amp; T.K. Srull (Eds.), The handbook of social cognition (Vol. 3, pp. 1-43).
Hillsdale, NJ: Erlbaum</mixed-citation>
         </ref>
         <ref id="d11960e230a1310">
            <mixed-citation id="d11960e234" publication-type="other">
Bargh, J.A., Raymond, P., Pryor, J.B., &amp; Strack, F. (1995). Attractiveness of the under-
ling: An automatic power → sex association and its consequences for sexual ha-
rassment and aggression. Journal of Personality and Social Psychology, 68, 768-
781.</mixed-citation>
         </ref>
         <ref id="d11960e250a1310">
            <mixed-citation id="d11960e254" publication-type="other">
Cheesman, J., &amp; Merikle, P.M. (1985). Word recognition and consciousness. In T.G.
Waller &amp; G.E. MacKinnon (Eds.), Reading research: Advances in theory and
practice (Vol. 5, pp. 311-352). Orlando, FL: Academic Press</mixed-citation>
         </ref>
         <ref id="d11960e267a1310">
            <mixed-citation id="d11960e271" publication-type="other">
Dixon, N.F. (1971). Subliminal perception. New York: McGraw-Hill.</mixed-citation>
         </ref>
         <ref id="d11960e278a1310">
            <mixed-citation id="d11960e282" publication-type="other">
Dixon, N.F. (1986). On private events and brain events. The Behavioral and Brain
Sciences, 9, 28-29.</mixed-citation>
         </ref>
         <ref id="d11960e292a1310">
            <mixed-citation id="d11960e296" publication-type="other">
Erdelyi, M.H. (1985). Psychoanalysis: Freud's cognitive psychology. New York: Free-
man.</mixed-citation>
         </ref>
         <ref id="d11960e306a1310">
            <mixed-citation id="d11960e310" publication-type="other">
Greenberg, J., Pyszczynski, T., Solomon, S., Simon, L., &amp; Breus, M. (1994). Role of
consciousness and accessibility of death-related thoughts in mortality salience ef-
fects. Journal of Personality and Social Psychology, 67, 627-637.</mixed-citation>
         </ref>
         <ref id="d11960e324a1310">
            <mixed-citation id="d11960e328" publication-type="other">
Greenberg, J., Simon, L., Pyszczynski, T., Solomon, S., &amp; Chatel, D. (1992). Terror
management and tolerance: Does mortality salience always intensify negative re-
actions to others who threaten one's worldview? Journal of Personality and Social
Psychology, 63, 212-220.</mixed-citation>
         </ref>
         <ref id="d11960e344a1310">
            <mixed-citation id="d11960e348" publication-type="other">
Greenberg, J., Solomon, S., &amp; Pyszczynski, T. (1997). Terror management theory of
self-esteem and cultural world views: Empirical assessments and conceptual refine-
ments. In M.P. Zanna (Ed.), Advances in experimental social psychology (Vol. 29,
pp. 61-139). San Diego: Academic Press.</mixed-citation>
         </ref>
         <ref id="d11960e364a1310">
            <mixed-citation id="d11960e368" publication-type="other">
Greenwald, A.G. (1992). New Look 3: Unconscious cognition reclaimed. American Psy-
chologist, 47, 766-779.</mixed-citation>
         </ref>
         <ref id="d11960e378a1310">
            <mixed-citation id="d11960e382" publication-type="other">
Greenwald, A.G., &amp; Banaji, M.R. (1995). Implicit social cognition: Attitudes, self-esteem,
and stereotypes. Psychological Review, 102, 4-27.</mixed-citation>
         </ref>
         <ref id="d11960e392a1310">
            <mixed-citation id="d11960e396" publication-type="other">
Greenwald, A.G., Klinger, M.R., &amp; Schuh, E.S. (1995). Activation by marginally per-
ceptible ("subliminal") stimuli: Dissociation of unconscious from conscious cog-
nition. Journal of Experimental Psychology: General, 124, 22-42.</mixed-citation>
         </ref>
         <ref id="d11960e409a1310">
            <mixed-citation id="d11960e413" publication-type="other">
Hardaway, R. (1990). Subliminally activated symbiotic fantasies: Facts and artifacts.
Psychological Bulletin, 107, 177-195.</mixed-citation>
         </ref>
         <ref id="d11960e424a1310">
            <mixed-citation id="d11960e428" publication-type="other">
Holender, D. (1986). Semantic activation without conscious identification in dichotic
listening, parafoveal vision, and visual masking: A survey and appraisal. The Be-
havioral and Brain Sciences, 9, 1-66.</mixed-citation>
         </ref>
         <ref id="d11960e441a1310">
            <mixed-citation id="d11960e445" publication-type="other">
Kihlstrom, J.F. (1987). The cognitive unconscious. Science, 237, 1445-1452.</mixed-citation>
         </ref>
         <ref id="d11960e452a1310">
            <mixed-citation id="d11960e456" publication-type="other">
Kihlstrom, J.F., Barnhardt, T.M., &amp; Tataryn, D.J. (1992). The psychological unconscious:
Found, lost, and regained. American Psychologist, 47, 788-791.</mixed-citation>
         </ref>
         <ref id="d11960e466a1310">
            <mixed-citation id="d11960e470" publication-type="other">
Kucera, H., &amp; Francis, W.N. (1967). Computational analysis of present-day American
English. Providence, RI: Brown University Press.</mixed-citation>
         </ref>
         <ref id="d11960e480a1310">
            <mixed-citation id="d11960e484" publication-type="other">
Murphy, S.T., Monahan, J.L., &amp; Zajonc, R.B. (1995). Additivity of nonconscious affect:
Combined effects of priming and exposure. Journal of Personality and Social
Psychology, 69, 589-602.</mixed-citation>
         </ref>
         <ref id="d11960e497a1310">
            <mixed-citation id="d11960e501" publication-type="other">
Murphy, ST., &amp; Zajonc, R.B. (1993). Affect, cognition, and awareness: Affective priming
with suboptimal and optimal stimulus. Journal of Personality and Social Psychol-
ogy, 64, 723-739.</mixed-citation>
         </ref>
         <ref id="d11960e515a1310">
            <mixed-citation id="d11960e519" publication-type="other">
Nelson, L.J., Moore, D.L., Olivetti, J., &amp; Scott, T. (in press). Mortality salience and bias
against foreign auto manufacturers. Personality and Social Psychology Bulletin.</mixed-citation>
         </ref>
         <ref id="d11960e529a1310">
            <mixed-citation id="d11960e535" publication-type="other">
Robles, R., Smith, R., Carver, C.S., &amp; Wellens, A.R. (1987). Influence of subliminal
visual images on the experience of anxiety. Personality and Social Psychology
Bulletin, 13, 339-410.</mixed-citation>
         </ref>
         <ref id="d11960e548a1310">
            <mixed-citation id="d11960e552" publication-type="other">
Rosenblatt, A., Greenberg, J., Solomon, S., Pyszczynski, T., &amp; Lyon, D. (1989). Evidence
for terror management theory I: The effects of mortality salience on reactions to
those who violate or uphold cultural values. Journal of Personality and Social
Psychology, 57, 681-690.</mixed-citation>
         </ref>
         <ref id="d11960e568a1310">
            <mixed-citation id="d11960e572" publication-type="other">
Silverman, L.H. (1983). The subliminal psychodynamic activation method: Overview and
comprehensive listing of studies. In J. Masling (Ed.), Empirical studies of psycho-
analytic theory (pp. 69-100). Hillsdale, NJ: Erlbaum.</mixed-citation>
         </ref>
         <ref id="d11960e585a1310">
            <mixed-citation id="d11960e589" publication-type="other">
Solomon, S., Greenberg, J., &amp; Pyszczynski, T. (1991). A terror management theory of
social behavior: The psychological functions of self-esteem and cultural world-
views. In M.P. Zanna (Ed.), Advances in experimental social psychology (Vol. 24,
pp. 93-159). New York: Academic Press.</mixed-citation>
         </ref>
         <ref id="d11960e605a1310">
            <mixed-citation id="d11960e609" publication-type="other">
Watson, D., &amp; Clark, L.A. (1991). The PANAS-X: Preliminary manual for the Positive
and Negative Affect Schedule - Expanded Form. Unpublished manuscript, Southern
Methodist University, Dallas, TX.</mixed-citation>
         </ref>
         <ref id="d11960e623a1310">
            <mixed-citation id="d11960e627" publication-type="other">
Wegner, D.M., Erber, R., &amp; Zanakos, S. (1993). Ironic processes in the mental control of
mood and mood-related thought. Journal of Personality and Social Psychology, 65,
1093-1104.</mixed-citation>
         </ref>
         <ref id="d11960e640a1310">
            <mixed-citation id="d11960e644" publication-type="other">
Weinberger, J., &amp; Hardaway, R. (1990). Separating science from myth in subliminal
psychodynamic activation. Clinical Psychology Review, 10, 727-756.</mixed-citation>
         </ref>
      </ref-list>
   </back>
</article>
