<article xmlns:xsi="http://www.w3.org/2001/XMLSchema-instance"
         xmlns:xlink="http://www.w3.org/1999/xlink"
         xmlns:mml="http://www.w3.org/1998/Math/MathML"
         dtd-version="1.0"
         article-type="research-article">
   <front>
      <journal-meta>
         <journal-id journal-id-type="jstor">psychsci</journal-id>
         <journal-id journal-id-type="jstor">j50000277</journal-id>
         <journal-title-group>
            <journal-title>Psychological Science</journal-title>
         </journal-title-group>
         <publisher>
            <publisher-name>Blackwell Publishing</publisher-name>
         </publisher>
         <issn pub-type="ppub">09567976</issn>
         <issn pub-type="epub">14679280</issn>
      </journal-meta>
      <article-meta>
         <article-id pub-id-type="jstor">40063321</article-id>
         <article-categories>
            <subj-group>
               <subject>Research Articles</subject>
            </subj-group>
         </article-categories>
         <title-group>
            <article-title>Motion-Verb Generalizations in English and Spanish: Influences of Language and Syntax</article-title>
         </title-group>
         <contrib-group>
            <contrib>
               <string-name>
                  <given-names>Letitia R.</given-names>
                  <surname>Naigles</surname>
               </string-name>
            </contrib>
            <contrib>
               <string-name>
                  <given-names>Paula</given-names>
                  <surname>Terrazas</surname>
               </string-name>
            </contrib>
         </contrib-group>
         <pub-date>
            <day>1</day>
            <month>9</month>
            <year>1998</year>
         </pub-date>
         <volume>9</volume>
         <issue>5</issue>
         <issue-id>i40002717</issue-id>
         <fpage>363</fpage>
         <lpage>369</lpage>
         <permissions>
            <copyright-statement>Copyright 1998 American Psychological Society</copyright-statement>
         </permissions>
         <self-uri xlink:href="http://www.jstor.org/stable/40063321"/>
         <abstract>
            <p>English and Spanish speakers differ in the ways they talk about motion events, but how have these different modes of expression become instantiated as differing generalizations--as syntactic rules, lexical patterns, or both? In two studies, we asked English- and Spanish-speaking adults to interpret novel motion verbs presented in three types of sentence frames. Overall, English speakers expected novel verbs to encode the manner of motion, whereas Spanish speakers expected the verbs to encode the path of motion. The sentence frames also significantly affected how the speakers interpreted the novel verbs. We conclude that speakers of different languages represent their different generalizations about the composition of motion verbs both lexically and syntactically, and discuss how these generalizations might be important for issues of language acquisition and linguistic relativity.</p>
         </abstract>
         <custom-meta-group>
            <custom-meta>
               <meta-name>lang</meta-name>
               <meta-value>eng</meta-value>
            </custom-meta>
         </custom-meta-group>
      </article-meta>
   </front>
   <back>
      <fn-group>
         <title>[Footnotes]</title>
         <fn id="d5912e153a1310">
            <label>1</label>
            <p>
               <mixed-citation id="d5912e160" publication-type="other">
Slobin, 1997</mixed-citation>
            </p>
         </fn>
      </fn-group>
      <ref-list>
         <title>References</title>
         <ref id="d5912e176a1310">
            <mixed-citation id="d5912e180" publication-type="other">
Aske, J. (1989). Path predicates in English and Spanish: A closer look. In Proceedings of
the Fifteenth Annual Meeting of the Berkeley Linguistics Society (pp. 1-14). Berke-
ley, CA: Berkeley Linguistics Society.</mixed-citation>
         </ref>
         <ref id="d5912e193a1310">
            <mixed-citation id="d5912e197" publication-type="other">
Berko, J. (1958). The child's learning of English morphology. Word, 14, 150-177.</mixed-citation>
         </ref>
         <ref id="d5912e204a1310">
            <mixed-citation id="d5912e208" publication-type="other">
Berman, R., &amp; Slobin, D. (Eds.). (1994). Relating events in narrative: A cross-linguistic
developmental study. Hillsdale, NJ: Erlbaum.</mixed-citation>
         </ref>
         <ref id="d5912e218a1310">
            <mixed-citation id="d5912e222" publication-type="other">
Bowerman, M, DeLeon, L., &amp; Choi, S. (1995). Verbs, particles, and spatial semantics:
Learning to talk about spatial actions in typologically different languages. In E.
Clark (Ed.), The Proceedings of the Twenty-Seventh Annual Child Language
Research Forum (pp. 101-111). Stanford, CA: Center for the Study of Language
and Information.</mixed-citation>
         </ref>
         <ref id="d5912e242a1310">
            <mixed-citation id="d5912e246" publication-type="other">
Choi, S., &amp; Bowerman, M. (1991). Learning to express motion events in English and Kore-
an: The influence of language-specific lexicalization patterns. Cognition, 41,
83-122.</mixed-citation>
         </ref>
         <ref id="d5912e259a1310">
            <mixed-citation id="d5912e263" publication-type="other">
Francis, W.N., &amp; Kucera, H. (1982). Frequency analysis of English usage: Lexicon and
grammar. Boston: Houghton Mifflin.</mixed-citation>
         </ref>
         <ref id="d5912e273a1310">
            <mixed-citation id="d5912e277" publication-type="other">
Gentner, D. (1982). Why nouns are learned before verbs: Linguistic relativity versus nat-
ural partitioning. In S. Kuczaj (Ed.), Language development: Language, thought,
and culture (Vol. 2, pp. 301-334). Hillsdale, NJ: Erlbaum.</mixed-citation>
         </ref>
         <ref id="d5912e290a1310">
            <mixed-citation id="d5912e294" publication-type="other">
Gleitman, L. (1990). The structural sources of verb meanings. Language Acquisition, 1,
3-55.</mixed-citation>
         </ref>
         <ref id="d5912e304a1310">
            <mixed-citation id="d5912e308" publication-type="other">
Gropen, J., Pinker, S., Hollander, M, &amp; Goldberg, R. (1991). Affectedness and direct
objects: The role of lexical semantics in the acquisition of verb argument structure.
Cognition, 41, 153-196.</mixed-citation>
         </ref>
         <ref id="d5912e321a1310">
            <mixed-citation id="d5912e325" publication-type="other">
Hunt, E., &amp; Agnoli, F. (1991). The Whorfian hypothesis: A cognitive psychology perspec-
tive. Psychological Review, 92, 377-389.</mixed-citation>
         </ref>
         <ref id="d5912e336a1310">
            <mixed-citation id="d5912e340" publication-type="other">
Imai, M., &amp; Gentner, D. (1997). A cross-linguistic study of early word meaning, universal
ontology, and linguistic influence. Cognition, 62, 169-200.</mixed-citation>
         </ref>
         <ref id="d5912e350a1310">
            <mixed-citation id="d5912e354" publication-type="other">
Johnson, J., &amp; Newport, E. (1989). Critical period effects in second language learning: The
influence of maturational state on the acquisition of English as a second language.
Cognitive Psychology, 21, 60-99.</mixed-citation>
         </ref>
         <ref id="d5912e367a1310">
            <mixed-citation id="d5912e371" publication-type="other">
Juilland, A., &amp; Chang-Rodriguez, E. (1964). Frequency dictionary of Spanish words. The
Hague, The Netherlands: Mouton.</mixed-citation>
         </ref>
         <ref id="d5912e381a1310">
            <mixed-citation id="d5912e385" publication-type="other">
Levin, B. (1993). English verb classes and alternations. Chicago: University of Chicago
Press.</mixed-citation>
         </ref>
         <ref id="d5912e395a1310">
            <mixed-citation id="d5912e399" publication-type="other">
Levin, B., &amp; Rappaport Hovav, M. (1992). The lexical semantics of verbs of motion: The
perspective from unaccusativity. In I.M. Roca (Ed.), Thematic structure: Its role in
grammar (pp. 247-269). Berlin: W. de Gruyter.</mixed-citation>
         </ref>
         <ref id="d5912e412a1310">
            <mixed-citation id="d5912e416" publication-type="other">
Markman, E., &amp; Hutchinson, J. (1984). Children's sensitivity to constraints on word mean-
ing: Taxonomic versus thematic relations. Cognitive Psychology, 20, 121-157.</mixed-citation>
         </ref>
         <ref id="d5912e427a1310">
            <mixed-citation id="d5912e431" publication-type="other">
Naigles, L. (1990). Children use syntax to learn verb meanings. Journal of Child Lan-
guage, 17, 357-374.</mixed-citation>
         </ref>
         <ref id="d5912e441a1310">
            <mixed-citation id="d5912e445" publication-type="other">
Naigles, L. (1996). The use of multiple frames in verb learning via syntactic bootstrapping.
Cognition, 58, 221-251.</mixed-citation>
         </ref>
         <ref id="d5912e455a1310">
            <mixed-citation id="d5912e459" publication-type="other">
Naigles, L., &amp; Eisenberg, A. (1998). Language development as a key to the influence of
language on thought. Unpublished manuscript, Yale University, New Haven, CT.</mixed-citation>
         </ref>
         <ref id="d5912e469a1310">
            <mixed-citation id="d5912e473" publication-type="other">
Naigles, L., Eisenberg, A., Kako, E., Highter, M, &amp; McGraw, N. (in press). Speaking of
motion: Verb use by English and Spanish speakers. Language and Cognitive
Processes.</mixed-citation>
         </ref>
         <ref id="d5912e486a1310">
            <mixed-citation id="d5912e490" publication-type="other">
Pinker, S. (1989). Learnability and cognition: The acquisition of argument structure. Cam-
bridge, MA: MIT Press.</mixed-citation>
         </ref>
         <ref id="d5912e500a1310">
            <mixed-citation id="d5912e504" publication-type="other">
Sinha, C., Thorseng, L., Hayashi, M., &amp; Plunkett, K. (1994). Comparative spatial seman-
tics and language acquisition: Evidence from Danish, English, and Japanese. Jour-
nal of Semantics, 11, 253-287.</mixed-citation>
         </ref>
         <ref id="d5912e518a1310">
            <mixed-citation id="d5912e522" publication-type="other">
Slobin, D.I. (1989, July). Factors of typology in the cross-linguistic study of acquisition.
Paper presented at the biennial meeting of the International Society for the Study of
Behavioral Development, Jyvaskyla, Finland.</mixed-citation>
         </ref>
         <ref id="d5912e535a1310">
            <mixed-citation id="d5912e539" publication-type="other">
Slobin, D.I. (1991). Learning to think for speaking: Native language, cognition, and rhetor-
ical style. Pragmatics, 1, 7-26.</mixed-citation>
         </ref>
         <ref id="d5912e549a1310">
            <mixed-citation id="d5912e553" publication-type="other">
Slobin, D.I. (1996). Two ways to travel: Verbs of motion in English and Spanish. In M.
Shibitani &amp; S. Thompson (Eds.), Grammatical constructions: Their form and mean-
ing (pp. 195-219). Oxford, England: Oxford University Press.</mixed-citation>
         </ref>
         <ref id="d5912e566a1310">
            <mixed-citation id="d5912e570" publication-type="other">
Slobin, D.I. (1997). The origins of grammaticizable notions: Beyond the individual mind.
In D.I. Slobin (Ed.), The cross-linguistic study of language acquisition: Vol. 5.
Expanding the contexts (pp. 265-323). Mahwah, NJ: Erlbaum.</mixed-citation>
         </ref>
         <ref id="d5912e583a1310">
            <mixed-citation id="d5912e587" publication-type="other">
Slobin, D.I., &amp; Bocaz, A. (1988). Learning to talk about movement through time and
space: The development of narrative abilities in Spanish and English. Lenguas Mod-
ernas, 15, 5-24.</mixed-citation>
         </ref>
         <ref id="d5912e600a1310">
            <mixed-citation id="d5912e604" publication-type="other">
Slobin, D.I., &amp; Hoiting, N. (1994). Reference to movement in spoken and signed lan-
guages: Typological considerations. In Proceedings of the Twentieth Annual Meet-
ing of the Berkeley Linguistics Society (pp. 487-505). Berkeley, CA: Berkeley
Linguistics Society.</mixed-citation>
         </ref>
         <ref id="d5912e621a1310">
            <mixed-citation id="d5912e625" publication-type="other">
Talmy, L. (1985). Lexicalization patterns: Semantic structure in lexical forms. In T.
Shopen (Ed.), Language typology and syntactic description (pp. 57-149). New
York: Cambridge University Press.</mixed-citation>
         </ref>
         <ref id="d5912e638a1310">
            <mixed-citation id="d5912e642" publication-type="other">
Talmy, L. (1991). Paths to realization: A typology of event conflation. In Proceedings of
the Berkeley Linguistics Society (pp. 480-519). Berkeley, CA: Berkeley Linguistics
Society.</mixed-citation>
         </ref>
         <ref id="d5912e655a1310">
            <mixed-citation id="d5912e659" publication-type="other">
Whorf, B. (1956). Language, thought, and reality: Selected writings of Benjamin Lee
Whorf (J.B. Carroll, Ed.). Cambridge, MA: MIT Press.</mixed-citation>
         </ref>
      </ref-list>
   </back>
</article>
