<article xmlns:xsi="http://www.w3.org/2001/XMLSchema-instance"
         xmlns:xlink="http://www.w3.org/1999/xlink"
         xmlns:mml="http://www.w3.org/1998/Math/MathML"
         dtd-version="1.0"
         article-type="research-article">
   <front>
      <journal-meta>
         <journal-id journal-id-type="jstor">psychsci</journal-id>
         <journal-id journal-id-type="jstor">j50000277</journal-id>
         <journal-title-group>
            <journal-title>Psychological Science</journal-title>
         </journal-title-group>
         <publisher>
            <publisher-name>Cambridge University Press</publisher-name>
         </publisher>
         <issn pub-type="ppub">09567976</issn>
         <issn pub-type="epub">14679280</issn>
      </journal-meta>
      <article-meta>
         <article-id pub-id-type="jstor">40062977</article-id>
         <article-categories>
            <subj-group>
               <subject>Research Reports</subject>
            </subj-group>
         </article-categories>
         <title-group>
            <article-title>True Imitative Learning in Pigeons</article-title>
         </title-group>
         <contrib-group>
            <contrib>
               <string-name>
                  <given-names>Thomas R.</given-names>
                  <surname>Zentall</surname>
               </string-name>
            </contrib>
            <contrib>
               <string-name>
                  <given-names>Jennifer E.</given-names>
                  <surname>Sutton</surname>
               </string-name>
            </contrib>
            <contrib>
               <string-name>
                  <given-names>Lou M.</given-names>
                  <surname>Sherburne</surname>
               </string-name>
            </contrib>
         </contrib-group>
         <pub-date>
            <day>1</day>
            <month>11</month>
            <year>1996</year>
         </pub-date>
         <volume>7</volume>
         <issue>6</issue>
         <issue-id>i40002695</issue-id>
         <fpage>343</fpage>
         <lpage>346</lpage>
         <permissions>
            <copyright-statement>Copyright 1996 American Psychological Society</copyright-statement>
         </permissions>
         <self-uri xlink:href="http://www.jstor.org/stable/40062977"/>
         <abstract>
            <p>Providing evidence for imitative learning in animals has been made difficult by the need to control for a number of possible nonimitation accounts (e.g., mere presence of another animal, attention drawn to a location, attention drawn to an object being manipulated) that often have not been recognized in previous research. In the present experiment, we used a version of the two-action method in which a treadle could be operated by a pigeon in one of two distinctive ways: with its beak by pecking or with its foot by stepping. What is unique in this experiment is not only the distinct response topographies, but also that both responses have the same effect on the environment (depression of the treadle followed by food reward). When pigeons that had observed one of the two response topographies were given access to the treadle, a significant correspondence was found between the topography of the observers' responses and that of their respective demonstrators' responses.</p>
         </abstract>
         <custom-meta-group>
            <custom-meta>
               <meta-name>lang</meta-name>
               <meta-value>eng</meta-value>
            </custom-meta>
         </custom-meta-group>
      </article-meta>
   </front>
   <back>
      <ref-list>
         <title>References</title>
         <ref id="d4768e156a1310">
            <mixed-citation id="d4768e160" publication-type="other">
Akins, C.K., &amp; Zentall, T.R. (in press). Imitative learning in male Japanese quail
(Cotur nix japonic a) involving the two-action method. Journal of Compar-
ative Psychology.</mixed-citation>
         </ref>
         <ref id="d4768e173a1310">
            <mixed-citation id="d4768e177" publication-type="other">
Bandura, A. (1969). Social learning theory of identificatory processes. In D.A.
Goslin (Ed.), Handbook of socialization theory and research (pp. 213-262).
Chicago: Rand-McNally.</mixed-citation>
         </ref>
         <ref id="d4768e190a1310">
            <mixed-citation id="d4768e194" publication-type="other">
Breuggeman, J.A. (1973). Parental care in a group of free-ranging rhesus mon-
keys. Folia Primatologica, 20, 178-210.</mixed-citation>
         </ref>
         <ref id="d4768e204a1310">
            <mixed-citation id="d4768e208" publication-type="other">
Call, J., &amp; Tomasello, M. (1995). The use of social information in the problem-
solving of orangutans and human children. Journal of Comparative Psy-
chology, 109, 301-320.</mixed-citation>
         </ref>
         <ref id="d4768e222a1310">
            <mixed-citation id="d4768e226" publication-type="other">
Dawson, B.V., &amp; Foss, B.M. (1965). Observational learning in budgerigars. An-
imal Behaviour, 13, 470-474.</mixed-citation>
         </ref>
         <ref id="d4768e236a1310">
            <mixed-citation id="d4768e240" publication-type="other">
Galef, B.G., Jr. (1988). Imitation in animals: History, definition, and interpreta-
tion of data from the psychological laboratory. In T.R. Zentall &amp; B.G.
Galef, Jr. (Eds.), Social learning: Psychological and biological perspectives
(pp. 3-28). Hillsdale, NJ: Erlbaum.</mixed-citation>
         </ref>
         <ref id="d4768e256a1310">
            <mixed-citation id="d4768e260" publication-type="other">
Galef, B.G., Jr., Manzig, L.A., &amp; Field, R.M. (1986). Imitation learning in bud-
gerigars: Dawson and Foss (1965) revisited. Behavioral Processes, 13, 191-
202.</mixed-citation>
         </ref>
         <ref id="d4768e273a1310">
            <mixed-citation id="d4768e277" publication-type="other">
Gardner, R.A., &amp; Gardner, B.T. (1969). Teaching sign language to a chimpanzee.
Science, 165, 664-672.</mixed-citation>
         </ref>
         <ref id="d4768e287a1310">
            <mixed-citation id="d4768e291" publication-type="other">
Hayes, W.L. (1963). Statistics for psychologists. New York: Holt, Rinehart, and
Winston.</mixed-citation>
         </ref>
         <ref id="d4768e301a1310">
            <mixed-citation id="d4768e305" publication-type="other">
Heyes, CM. (1993). Imitation, culture, and cognition. Animal Behaviour, 46,
999-1010.</mixed-citation>
         </ref>
         <ref id="d4768e316a1310">
            <mixed-citation id="d4768e320" publication-type="other">
Heyes, CM., &amp; Dawson, G.R. (1990). A demonstration of observational learning
in rats using a bidirectional control. Quarterly Journal of Experimental Psy-
chology, 42B, 59-71.</mixed-citation>
         </ref>
         <ref id="d4768e333a1310">
            <mixed-citation id="d4768e337" publication-type="other">
Heyes, CM., Dawson, G.R., &amp; Nokes, T. (1992). Imitation in rats: Initial re-
sponding and transfer evidence. Quarterly Journal of Experimental Psychol-
ogy, 45B, 81-92.</mixed-citation>
         </ref>
         <ref id="d4768e350a1310">
            <mixed-citation id="d4768e354" publication-type="other">
Heyes, CM., &amp; Galef, B.G., Jr. (Eds.). (1996). Social learning in animals: The
roots of culture. New York: Academic Press.</mixed-citation>
         </ref>
         <ref id="d4768e364a1310">
            <mixed-citation id="d4768e368" publication-type="other">
Heyes, CM., Jaldow, E., &amp; Dawson, G.R. (1994). Imitation in rats: Conditions of
occurrence in a bidirectional control procedure. Learning and Motivation,
25, 276-287.</mixed-citation>
         </ref>
         <ref id="d4768e381a1310">
            <mixed-citation id="d4768e385" publication-type="other">
Mineka, S., &amp; Cook, M. (1988). Social learning and the acquisition of snake fear
in monkeys. In T.R. Zentall &amp; B.G. Galef, Jr. (Eds.), Social learning:
Psychological and biological perspectives (pp. 51-73). Hillsdale, NJ: Erl-
baum.</mixed-citation>
         </ref>
         <ref id="d4768e401a1310">
            <mixed-citation id="d4768e405" publication-type="other">
Mitchell, R.W. (1992). Developing concepts in infancy: Animals, self-perception,
and two theories of mirror self-recognition. Psychological Inquiry, 3, 127-
130.</mixed-citation>
         </ref>
         <ref id="d4768e419a1310">
            <mixed-citation id="d4768e423" publication-type="other">
Piaget, J. (1962). Play, dreams, and imitation in childhood (C Gallegno &amp; F.M.
Hodgson, Trans.). New York: Norton. (Original work published 1945)</mixed-citation>
         </ref>
         <ref id="d4768e433a1310">
            <mixed-citation id="d4768e437" publication-type="other">
Piaget, J., &amp; Inhelder, B. (1967). The child's conception of space (F.J. Langdon
&amp; J.L. Lunzer, Trans.). New York: Norton. (Original work published 1948)</mixed-citation>
         </ref>
         <ref id="d4768e447a1310">
            <mixed-citation id="d4768e451" publication-type="other">
Russon, A., &amp; Galdikas, B. (1993). Imitation in ex-captive orangutans. Journal of
Comparative Psychology, 107, 147-161.</mixed-citation>
         </ref>
         <ref id="d4768e461a1310">
            <mixed-citation id="d4768e465" publication-type="other">
Seligman, M.E.P. (1972). Phobias and preparedness. In M.E.P. Seligman &amp; J.L.
Hager (Eds.), Biological boundaries of learning (pp. 251-262). New York:
Appleton-Century-Crofts.</mixed-citation>
         </ref>
         <ref id="d4768e478a1310">
            <mixed-citation id="d4768e482" publication-type="other">
Spence, K. (1937). Experimental studies of learning and higher mental processes
in infra-human primates. Psychological Bulletin. 34, 806-850.</mixed-citation>
         </ref>
         <ref id="d4768e492a1310">
            <mixed-citation id="d4768e496" publication-type="other">
Thorpe, W.H. (1963). Learning and instinct in animals (2nd ed.). London: Meth-
uen.</mixed-citation>
         </ref>
         <ref id="d4768e507a1310">
            <mixed-citation id="d4768e511" publication-type="other">
Tomasello, M. (1996). Do apes ape? In CM. Heyes &amp; B.G. Galef, Jr. (Eds.),
Social learning in animals: The roots of culture (pp. 319-346). New York:
Academic Press.</mixed-citation>
         </ref>
         <ref id="d4768e524a1310">
            <mixed-citation id="d4768e528" publication-type="other">
Visalberghi, E., &amp; Fragaszy, D. (1990). Do monkeys ape? In S. Parker &amp; K.
Gibson (Eds.), Language and intelligence in monkeys and apes: Compar-
ative development perspective (pp. 247-273). Cambridge, England: Cam-
bridge University Press.</mixed-citation>
         </ref>
         <ref id="d4768e544a1310">
            <mixed-citation id="d4768e548" publication-type="other">
Warden, C.J., &amp; Jackson, T.A. (1935). Imitative behavior in the rhesus monkey.
Journal of Genetic Psychology, 46, 103-125.</mixed-citation>
         </ref>
         <ref id="d4768e558a1310">
            <mixed-citation id="d4768e562" publication-type="other">
Whiten, A., &amp; Ham, R. (1992). On the nature and evolution of imitation in the
animal kingdom: Reappraisal of a century of research. In P.J.B. Slater, J.S.
Rosenblatt, C Beer, &amp; M. Milinski (Eds.), Advances in the study of be-
havior (Vol. 21, pp. 239-283). New York: Academic Press.</mixed-citation>
         </ref>
         <ref id="d4768e578a1310">
            <mixed-citation id="d4768e582" publication-type="other">
Zajonc, R.B. (1965). Social facilitation. Science, 149, 269-274.</mixed-citation>
         </ref>
         <ref id="d4768e589a1310">
            <mixed-citation id="d4768e593" publication-type="other">
Zentall, T.R. (1988). Experimentally manipulated imitative behavior in rats and
pigeons. In T.R. Zentall &amp; B.G. Galef, Jr. (Eds.), Social learning: Psycho-
logical and biological perspectives (pp. 191-206). Hillsdale, NJ: Erlbaum.</mixed-citation>
         </ref>
         <ref id="d4768e607a1310">
            <mixed-citation id="d4768e611" publication-type="other">
Zentall, T.R. (1996). An analysis of imitative learning in animals. In CM. Heyes
&amp; B.G. Galef, Jr. (Eds.), Social learning in animals: The roots of culture
(pp. 221-243). New York: Academic Press.</mixed-citation>
         </ref>
         <ref id="d4768e624a1310">
            <mixed-citation id="d4768e628" publication-type="other">
Zentall, T.R., &amp; Galef, B.G., Jr. (Eds.). (1988). Social learning: Psychological
and biological perspectives. Hillsdale, NJ: Erlbaum.</mixed-citation>
         </ref>
         <ref id="d4768e638a1310">
            <mixed-citation id="d4768e642" publication-type="other">
Zentall, T.R., &amp; Levine, J.M. (1972). Observational learning and social facilita-
tion in the rat. Science, 178, 1220-1221.</mixed-citation>
         </ref>
      </ref-list>
   </back>
</article>
