<article xmlns:xsi="http://www.w3.org/2001/XMLSchema-instance"
         xmlns:xlink="http://www.w3.org/1999/xlink"
         xmlns:mml="http://www.w3.org/1998/Math/MathML"
         dtd-version="1.0"
         article-type="research-article">
   <front>
      <journal-meta>
         <journal-id journal-id-type="jstor">psychsci</journal-id>
         <journal-id journal-id-type="jstor">j50000277</journal-id>
         <journal-title-group>
            <journal-title>Psychological Science</journal-title>
         </journal-title-group>
         <publisher>
            <publisher-name>Cambridge University Press</publisher-name>
         </publisher>
         <issn pub-type="ppub">09567976</issn>
         <issn pub-type="epub">14679280</issn>
      </journal-meta>
      <article-meta>
         <article-id pub-id-type="jstor">40062994</article-id>
         <article-categories>
            <subj-group>
               <subject>Research Articles</subject>
            </subj-group>
         </article-categories>
         <title-group>
            <article-title>A Semantic Space Approach to Representations of Self and Other in Pathological Grief: A Case Study</article-title>
         </title-group>
         <contrib-group>
            <contrib>
               <string-name>
                  <given-names>Daniel</given-names>
                  <surname>Hart</surname>
               </string-name>
            </contrib>
            <contrib>
               <string-name>
                  <given-names>Charles</given-names>
                  <surname>Stinson</surname>
               </string-name>
            </contrib>
            <contrib>
               <string-name>
                  <given-names>Nigel</given-names>
                  <surname>Field</surname>
               </string-name>
            </contrib>
            <contrib>
               <string-name>
                  <given-names>Mary</given-names>
                  <surname>Ewert</surname>
               </string-name>
            </contrib>
            <contrib>
               <string-name>
                  <given-names>Mardi</given-names>
                  <surname>Horowitz</surname>
               </string-name>
            </contrib>
         </contrib-group>
         <pub-date>
            <day>1</day>
            <month>3</month>
            <year>1995</year>
         </pub-date>
         <volume>6</volume>
         <issue>2</issue>
         <issue-id>i40002696</issue-id>
         <fpage>96</fpage>
         <lpage>100</lpage>
         <permissions>
            <copyright-statement>Copyright 1995 American Psychological Society</copyright-statement>
         </permissions>
         <self-uri xlink:href="http://www.jstor.org/stable/40062994"/>
         <abstract>
            <p>A semantic space model of mental representations of self and other was applied in a case study of pathological grief. Traits and characteristics elicited on a questionnaire were used to elicit judgments of similarity of representations of self and important others to one another before therapy began, in the middle of therapy, and at the conclusion of therapy. The similarity judgments were analyzed using multidimensional scaling. The products of these analyses yielded findings that converged with those derived from coding the therapy transcripts and showed relations between emotions and representations of self.</p>
         </abstract>
         <custom-meta-group>
            <custom-meta>
               <meta-name>lang</meta-name>
               <meta-value>eng</meta-value>
            </custom-meta>
         </custom-meta-group>
      </article-meta>
   </front>
   <back>
      <ref-list>
         <title>References</title>
         <ref id="d13139e207a1310">
            <mixed-citation id="d13139e211" publication-type="other">
Anderson, N.H. (1968). Likableness ratings of 555 personality-trait words. Jour-
nal of Personality and Social Psychology, 9, 272-279.</mixed-citation>
         </ref>
         <ref id="d13139e221a1310">
            <mixed-citation id="d13139e225" publication-type="other">
Derogatis, L.R. (1983). SCL-90-R administration, scoring, and procedures man-
ual II (2nd ed.). Towson, MD: Clinical Psychometric Research.</mixed-citation>
         </ref>
         <ref id="d13139e235a1310">
            <mixed-citation id="d13139e239" publication-type="other">
Hart, D., &amp; Fegley, S. (in press). Altruism and caring in adolescence: Relations
to self-understanding and social judgment. Child Development.</mixed-citation>
         </ref>
         <ref id="d13139e249a1310">
            <mixed-citation id="d13139e253" publication-type="other">
Hart, D., Fegley, S., &amp; Brengelman, D. (1993). Perceptions of past, present, and
future selves among children and adolescents. British Journal of Develop-
mental Psychology, 11, 265-282.</mixed-citation>
         </ref>
         <ref id="d13139e267a1310">
            <mixed-citation id="d13139e273" publication-type="other">
Hart, D., Field, N., Garfinkle, J., &amp; Singer, J. (1994). Representations of self and
other: Relations to personality, mood, and emotions. Manuscript submitted
for publication.</mixed-citation>
         </ref>
         <ref id="d13139e286a1310">
            <mixed-citation id="d13139e290" publication-type="other">
Heise, D.R. (1965). Semantic differential profiles for 1,000 most frequent English
words. Psychological Monographs: General and Applied, 79(8), 1-31.</mixed-citation>
         </ref>
         <ref id="d13139e300a1310">
            <mixed-citation id="d13139e304" publication-type="other">
Kim, M.P., &amp; Rosenberg, S. (1980). Comparison of two structural models of
implicit personality theories. Journal of Personality and Social Psychology,
38, 375-389.</mixed-citation>
         </ref>
         <ref id="d13139e317a1310">
            <mixed-citation id="d13139e321" publication-type="other">
Mergenthaler, E. (1985). Textbank Systems: Computer science applied in the field
of psychoanalysis. New York: Springer-Verlag.</mixed-citation>
         </ref>
         <ref id="d13139e331a1310">
            <mixed-citation id="d13139e335" publication-type="other">
Ogilvie, DM. (1987). The undesired self: A neglected vanable in personality
research. Journal of Personality and Social Psychology, 52, 379-385.</mixed-citation>
         </ref>
         <ref id="d13139e345a1310">
            <mixed-citation id="d13139e349" publication-type="other">
Rips, L.J., Shoben, E.J., &amp; Smith, E.E. (1973). Semantic distance and the veri-
fication of semantic relations. Journal of Verbal Learning and Verbal Be-
havior, 12, 1-20.</mixed-citation>
         </ref>
         <ref id="d13139e363a1310">
            <mixed-citation id="d13139e367" publication-type="other">
Rosenberg, S. (1988). Self and others: Studies in social personality and autobiog-
raphy. In L. Berkowitz (Ed.), Advances in experimental social psychology
(Vol. 24, pp. 57-95). New York: Academic Press.</mixed-citation>
         </ref>
         <ref id="d13139e380a1310">
            <mixed-citation id="d13139e384" publication-type="other">
Rosenberg, S., &amp; Jones, R.A. (1972). A method for investigating and representing
a person's implicit personality theory: Theodore Dreiser's view of people.
Journal of Personality and Social Psychology, 22, 372-386.</mixed-citation>
         </ref>
         <ref id="d13139e397a1310">
            <mixed-citation id="d13139e403" publication-type="other">
Shepard, R. (1972). Introduction to Volume 1. In R. Shepard, A.K. Romney, &amp;
S.B. Nerlove (Eds.), Multidimensional scaling: Theory and applications in
the behavioral sciences: Vol. 1. Theory (pp. 1-20). New York: Seminar
Press.</mixed-citation>
         </ref>
         <ref id="d13139e419a1310">
            <mixed-citation id="d13139e423" publication-type="other">
Sneath, P.H., &amp; Sokal, R.R. (1973). Numerical taxonomy: The principles and
practice of numerical classification. San Francisco: W.H. Freeman.</mixed-citation>
         </ref>
         <ref id="d13139e433a1310">
            <mixed-citation id="d13139e437" publication-type="other">
Stinson, C.H., Milbrath, C, Reidbord, S.P., &amp; Bucci, W. (1994). Thematic seg-
mentation of psychotherapy transcripts for convergent analyses. Psycho-
therapy, 31, 36-48.</mixed-citation>
         </ref>
         <ref id="d13139e450a1310">
            <mixed-citation id="d13139e454" publication-type="other">
Strauman, T., &amp; Higgins, E.T. (1987). Automatic activation of self-discrepancies
and emotional syndromes: When cognitive structures influence affect. Jour-
nal of Personality and Social Psychology, 53, 1004-1014.</mixed-citation>
         </ref>
         <ref id="d13139e468a1310">
            <mixed-citation id="d13139e472" publication-type="other">
Tunis, S.L., Fridhandler, B.M., &amp; Horowitz, M.J. (1990). Identifying schema-
tized views of self with significant others: Convergence of quantitative and
clinical methods. Journal of Personality and Social Psychology, 59, 1276-
1286.</mixed-citation>
         </ref>
         <ref id="d13139e488a1310">
            <mixed-citation id="d13139e492" publication-type="other">
Wortman, C.B., &amp; Silver, R.C. (1990). Successful mastery of bereavement and
widowhood: A life-course perspective. In P.B. Baltes &amp; M.M. Baltes
(Eds.), Successful aging: Perspectives from the behavioral sciences (pp.
225-264). New York: Cambridge University Press.</mixed-citation>
         </ref>
      </ref-list>
   </back>
</article>
