<article xmlns:xsi="http://www.w3.org/2001/XMLSchema-instance"
         xmlns:xlink="http://www.w3.org/1999/xlink"
         xmlns:mml="http://www.w3.org/1998/Math/MathML"
         dtd-version="1.0"
         article-type="research-article">
   <front>
      <journal-meta>
         <journal-id journal-id-type="jstor">psychsci</journal-id>
         <journal-id journal-id-type="jstor">j50000277</journal-id>
         <journal-title-group>
            <journal-title>Psychological Science</journal-title>
         </journal-title-group>
         <publisher>
            <publisher-name>Blackwell Publishing</publisher-name>
         </publisher>
         <issn pub-type="ppub">09567976</issn>
         <issn pub-type="epub">14679280</issn>
      </journal-meta>
      <article-meta>
         <article-id pub-id-type="jstor">40063340</article-id>
         <article-categories>
            <subj-group>
               <subject>Research Reports</subject>
            </subj-group>
         </article-categories>
         <title-group>
            <article-title>Spatial Updating of Self-Position and Orientation during Real, Imagined, and Virtual Locomotion</article-title>
         </title-group>
         <contrib-group>
            <contrib>
               <string-name>
                  <given-names>Roberta L.</given-names>
                  <surname>Klatzky</surname>
               </string-name>
            </contrib>
            <contrib>
               <string-name>
                  <given-names>Jack M.</given-names>
                  <surname>Loomis</surname>
               </string-name>
            </contrib>
            <contrib>
               <string-name>
                  <given-names>Andrew C.</given-names>
                  <surname>Beall</surname>
               </string-name>
            </contrib>
            <contrib>
               <string-name>
                  <given-names>Sarah S.</given-names>
                  <surname>Chance</surname>
               </string-name>
            </contrib>
            <contrib>
               <string-name>
                  <given-names>Reginald G.</given-names>
                  <surname>Golledge</surname>
               </string-name>
            </contrib>
         </contrib-group>
         <pub-date>
            <day>1</day>
            <month>7</month>
            <year>1998</year>
         </pub-date>
         <volume>9</volume>
         <issue>4</issue>
         <issue-id>i40002718</issue-id>
         <fpage>293</fpage>
         <lpage>298</lpage>
         <permissions>
            <copyright-statement>Copyright 1998 American Psychological Society</copyright-statement>
         </permissions>
         <self-uri xlink:href="http://www.jstor.org/stable/40063340"/>
         <abstract>
            <p>Two studies investigated updating of self-position and heading during real, imagined, and simulated locomotion. Subjects were exposed to a two-segment path with a turn between segments; they responded by turning to face the origin as they would if they had walked the path and were at the end of the second segment. The conditions of pathway exposure included physical walking, imagined walking from a verbal description, watching another person walk, and experiencing optic flow that simulated walking, with or without a physical turn between the path segments. If subjects failed to update an internal representation of heading, but did encode the pathway trajectory, they should have overturned by the magnitude of the turn between the path segments. Such systematic overturning was found in the description and watching conditions, but not with physical walking. Simulated optic flow was not by itself sufficient to induce spatial updating that supported correct turn responses.</p>
         </abstract>
         <custom-meta-group>
            <custom-meta>
               <meta-name>lang</meta-name>
               <meta-value>eng</meta-value>
            </custom-meta>
         </custom-meta-group>
      </article-meta>
   </front>
   <back>
      <ref-list>
         <title>References</title>
         <ref id="d22725e207a1310">
            <mixed-citation id="d22725e211" publication-type="other">
Blair, H.T., &amp; Sharp, P.E. (1995). Anticipatory head direction signals in anterior thalamus:
Evidence for a thalamocortical circuit that integrates angular head motion to com-
pute head direction. Journal ofNeuroscience, 15, 6260-6270.</mixed-citation>
         </ref>
         <ref id="d22725e224a1310">
            <mixed-citation id="d22725e228" publication-type="other">
Chance, S.S., Gaunet, F., Beall, A.C., &amp; Loomis, J.M. (in press). Updating of objects
encountered during travel: The contribution of vestibular and proprioceptive inputs
to path integration. Presence: Teleoperators and Virtual Environments.</mixed-citation>
         </ref>
         <ref id="d22725e241a1310">
            <mixed-citation id="d22725e245" publication-type="other">
Chance, S.S., &amp; Loomis, J.M. (1997, November). From sensory inputs to knowledge of
spatial layout. Paper presented at the annual meeting of the Psychonomic Society,
Philadelphia.</mixed-citation>
         </ref>
         <ref id="d22725e258a1310">
            <mixed-citation id="d22725e262" publication-type="other">
Diwadkar, V.A., &amp; McNamara, T.P. (1997). Viewpoint dependence in scene recognition.
Psychological Science, 8, 302-307.</mixed-citation>
         </ref>
         <ref id="d22725e273a1310">
            <mixed-citation id="d22725e277" publication-type="other">
Easton, R.D., &amp; Sholl, MJ. (1995). Object-array structure, frames of reference, and
retrieval of spatial knowledge. Journal of Experimental Psychology: Learning,
Memory, and Cognition, 21 , 483-500.</mixed-citation>
         </ref>
         <ref id="d22725e290a1310">
            <mixed-citation id="d22725e294" publication-type="other">
Etienne, A.S., Maurer, R., &amp; Séguinot, V. (1996). Path integration in mammals and its
interaction with visual landmarks. Journal of Experimental Biology, 199, 201-209.</mixed-citation>
         </ref>
         <ref id="d22725e304a1310">
            <mixed-citation id="d22725e308" publication-type="other">
Farrell, M.J., &amp; Robertson, I.H. (1998). Mental rotation and the automatic updating of
body-centered spatial relationships. Journal of Experimental Psychology: Learning,
Memory, and Cognition, 24, 227-233.</mixed-citation>
         </ref>
         <ref id="d22725e321a1310">
            <mixed-citation id="d22725e325" publication-type="other">
Gallistel, C.R. (1990). The organization of learning. Cambridge, MA: MIT Press.</mixed-citation>
         </ref>
         <ref id="d22725e332a1310">
            <mixed-citation id="d22725e336" publication-type="other">
Gibson, J.J. (1979). The ecological approach to visual perception. Boston: Houghton
Mifflin.</mixed-citation>
         </ref>
         <ref id="d22725e346a1310">
            <mixed-citation id="d22725e350" publication-type="other">
Hart, R.A., &amp; Moore, G.T. (1973). The development of spatial cognition: A review. In R.M.
Downs &amp; D. Stea (Eds.), Image and environment (pp. 246-288). Chicago: Aldine.</mixed-citation>
         </ref>
         <ref id="d22725e361a1310">
            <mixed-citation id="d22725e365" publication-type="other">
Ivanenko, Y.P., Grasso, R., Israel, I., &amp; Berthoz, A. (1997). The contribution of otoliths and
semicircular canals to the perception of two-dimensional passive whole-body
motion in humans. Journal of Physiology, London, 502, 223-233.</mixed-citation>
         </ref>
         <ref id="d22725e378a1310">
            <mixed-citation id="d22725e382" publication-type="other">
Levine, M., Jankovic, I.N., &amp; Palij, M. (1982). Principles of spatial problem solving. Jour-
nal of Experimental Psychology: General, 111, 157-175.</mixed-citation>
         </ref>
         <ref id="d22725e392a1310">
            <mixed-citation id="d22725e396" publication-type="other">
Levinson, S.C. (1996). Frames of reference and Molyneux's question: Crosslinguistic evidence.
In P. Bloom, M.A. Peterson, L. Nadel, &amp; M.F. Garrett (Eds), Language and space: Lan-
guage, speech, and communication (pp. 109-169). Cambridge, MA: MTT Press.</mixed-citation>
         </ref>
         <ref id="d22725e409a1310">
            <mixed-citation id="d22725e413" publication-type="other">
Loomis, J.M., Beall, A., Klatzky, R.L., Golledge, R.G., &amp; Philbeck, J.W. (1995, Novem-
ber). Evaluating the sensory inputs to path integration. Paper presented at the annual
meeting of the Psychonomic Society, Los Angeles.</mixed-citation>
         </ref>
         <ref id="d22725e426a1310">
            <mixed-citation id="d22725e430" publication-type="other">
Loomis, J.M., Da Silva, J.A., Fujita, N., &amp; Fukusima, S.S. (1992). Visual space perception
and visually directed action. Journal of Experimental Psychology: Human Percep-
tion and Performance, 18, 906-922.</mixed-citation>
         </ref>
         <ref id="d22725e443a1310">
            <mixed-citation id="d22725e447" publication-type="other">
Loomis, J.M., Klatzky, R.L., Golledge, R.G., Cicinelli, J.G., Pellegrino, J.W., &amp; Fry, P.
(1993). Nonvisual navigation by blind and sighted: Assessment of path integration
ability. Journal of Experimental Psychology: General, 122, 73-91.</mixed-citation>
         </ref>
         <ref id="d22725e461a1310">
            <mixed-citation id="d22725e465" publication-type="other">
Maurer, R., &amp; Séguinot, V. (1995). What is modelling for? A critical review of the models
of path integration. Journal of Theoretical Biology, 175, 457-475.</mixed-citation>
         </ref>
         <ref id="d22725e475a1310">
            <mixed-citation id="d22725e479" publication-type="other">
May, M. (1996). Cognitive and embodied modes of spatial imagery. Psychologische Bei-
traege, 38, 418-434.</mixed-citation>
         </ref>
         <ref id="d22725e489a1310">
            <mixed-citation id="d22725e493" publication-type="other">
Mittelstaedt, M.L., &amp; Glasauer, S. (1991). Idiothetic navigation in gerbils and humans.
Zoologische Jahrbucher Abteilungun für algemeine Zoologie und Physiologie der
Tiere, 95, 427-435.</mixed-citation>
         </ref>
         <ref id="d22725e506a1310">
            <mixed-citation id="d22725e510" publication-type="other">
O'Keefe, J. (1976). Place units in the hippocampus of the freely moving rat. Experimental
Neurology, 5 7,78-109.</mixed-citation>
         </ref>
         <ref id="d22725e520a1310">
            <mixed-citation id="d22725e524" publication-type="other">
O'Keefe, J., &amp; Dostrovsky, J. (1971). The hippocampus as a spatial map: Preliminary evi-
dence from unit activity in the freely moving rat. Experimental Brain Research, 34,
171-175.</mixed-citation>
         </ref>
         <ref id="d22725e537a1310">
            <mixed-citation id="d22725e541" publication-type="other">
O'Keefe, J., &amp; Nadel, L. (1978). The hippocampus as a cognitive map. Oxford, England:
Clarendon Press.</mixed-citation>
         </ref>
         <ref id="d22725e552a1310">
            <mixed-citation id="d22725e556" publication-type="other">
Pick, H.L., &amp; Lockman, J.J. (1981). From frames of reference to spatial representations. In
L.S. Liben, A.H. Patterson, &amp; N. Newcombe (Eds.), Spatial representation and
behavior across the life span (pp. 39-61). New York: Academic Press.</mixed-citation>
         </ref>
         <ref id="d22725e569a1310">
            <mixed-citation id="d22725e573" publication-type="other">
Presson, C.C. (1987). The development of spatial cognition: Secondary uses of spatial
information. In N. Eisenberg (Ed.), Contemporary topics in developmental psychol-
ogy (pp. 7-112). New York: Wiley.</mixed-citation>
         </ref>
         <ref id="d22725e586a1310">
            <mixed-citation id="d22725e590" publication-type="other">
Presson, C.C, &amp; Hazelrigg, M.D. (1984). Building spatial representations through primary
and secondary learning. Journal of Experimental Psychology: Learning, Memory,
and Cognition, 10, 716-722.</mixed-citation>
         </ref>
         <ref id="d22725e603a1310">
            <mixed-citation id="d22725e607" publication-type="other">
Presson, C.C, &amp; Montello, D.R. (1994). Updating after rotational and translational body
movements: Coordinate structure of perspective space. Perception, 23, 1447-1455.</mixed-citation>
         </ref>
         <ref id="d22725e617a1310">
            <mixed-citation id="d22725e621" publication-type="other">
Rieser, J.J. (1989). Access to knowledge of spatial structure at novel points of observation.
Journal of Experimental Psychology: Learning, Memory, and Cognition, 15, 1 157-
1165.</mixed-citation>
         </ref>
         <ref id="d22725e634a1310">
            <mixed-citation id="d22725e638" publication-type="other">
Rieser, J.J., Frymire, M., &amp; Berry, D. (1997). Geometrical constraints on imagery and
action when walking without vision. Abstracts of the Psychonomic Society, 2, 38.</mixed-citation>
         </ref>
         <ref id="d22725e649a1310">
            <mixed-citation id="d22725e653" publication-type="other">
Rieser, J.J., Ganng, A.E., &amp; Young, M.F. (1994). Imagery, action, and young children's
spatial orientation: It's not being there that counts, it's what one has in mind. Child
Development, 65, 1262-1278.</mixed-citation>
         </ref>
         <ref id="d22725e666a1310">
            <mixed-citation id="d22725e670" publication-type="other">
Rieser, J.J., Guth, D.A., &amp; Hill, E.W. (1986). Sensitivity to perspective structure while
walking without vision. Perception, 15, 173-188.</mixed-citation>
         </ref>
         <ref id="d22725e680a1310">
            <mixed-citation id="d22725e684" publication-type="other">
Roskos-Ewoldsen, B., McNamara, T.P., Shelton, A.L., &amp; Carr, W. (1998). Mental repre-
sentations of large and small spatial layouts are orientation dependent. Journal of
Experimental Psychology: Learning, Memory, and Cognition, 24, 215-226.</mixed-citation>
         </ref>
         <ref id="d22725e697a1310">
            <mixed-citation id="d22725e701" publication-type="other">
Shelton, A.L., &amp; McNamara, T.P. (1997). Multiple views of spatial memory. Psychonomic
Bulletin &amp; Review, 4, 102-106.</mixed-citation>
         </ref>
         <ref id="d22725e711a1310">
            <mixed-citation id="d22725e715" publication-type="other">
Sholl, MJ. (1989). The relation between horizontally and rod-and-frame and vestibular
navigational performance. Journal of Experimental Psychology: Learning, Memory,
and Cognition, 15, 110-125.</mixed-citation>
         </ref>
         <ref id="d22725e728a1310">
            <mixed-citation id="d22725e732" publication-type="other">
Sholl, M.J., &amp; Nolin, T.L. (1997). Orientation specificity in representations of place. Jour-
nal of Experimental Psychology: Learning, Memory, and Cognition, 23, 1494-1 507.</mixed-citation>
         </ref>
         <ref id="d22725e743a1310">
            <mixed-citation id="d22725e747" publication-type="other">
Taube, J.S., Muller, R.I., &amp; Ranck, J.B., Jr. (1990a). Head direction cells recorded from the
postsubiculum in freely moving rats: I. Description and quantitative analysis. Jour-
nal of Neuroscience, 10, 420-435.</mixed-citation>
         </ref>
         <ref id="d22725e760a1310">
            <mixed-citation id="d22725e764" publication-type="other">
Taube, J.S., Muller, R.I., &amp; Ranck, J.B., Jr. (1990b). Head direction cells recorded from the
postsubiculum in freely moving rats: II. Effects of environmental manipulations.
Journal of Neuroscience, 10, 436-447.</mixed-citation>
         </ref>
      </ref-list>
   </back>
</article>
