<article xmlns:xsi="http://www.w3.org/2001/XMLSchema-instance"
         xmlns:xlink="http://www.w3.org/1999/xlink"
         xmlns:mml="http://www.w3.org/1998/Math/MathML"
         dtd-version="1.0"
         article-type="research-article">
   <front>
      <journal-meta>
         <journal-id journal-id-type="jstor">psychsci</journal-id>
         <journal-id journal-id-type="jstor">j50000277</journal-id>
         <journal-title-group>
            <journal-title>Psychological Science</journal-title>
         </journal-title-group>
         <publisher>
            <publisher-name>Cambridge University Press</publisher-name>
         </publisher>
         <issn pub-type="ppub">09567976</issn>
         <issn pub-type="epub">14679280</issn>
      </journal-meta>
      <article-meta>
         <article-id pub-id-type="jstor">40063196</article-id>
         <article-categories>
            <subj-group>
               <subject>Research Articles</subject>
            </subj-group>
         </article-categories>
         <title-group>
            <article-title>Fluctuations in the Time Required for Elementary Decisions</article-title>
         </title-group>
         <contrib-group>
            <contrib>
               <string-name>
                  <given-names>D. L.</given-names>
                  <surname>Gilden</surname>
               </string-name>
            </contrib>
         </contrib-group>
         <pub-date>
            <day>1</day>
            <month>7</month>
            <year>1997</year>
         </pub-date>
         <volume>8</volume>
         <issue>4</issue>
         <issue-id>i40002708</issue-id>
         <fpage>296</fpage>
         <lpage>301</lpage>
         <permissions>
            <copyright-statement>Copyright 1997 American Psychological Society</copyright-statement>
         </permissions>
         <self-uri xlink:href="http://www.jstor.org/stable/40063196"/>
         <abstract>
            <p>The nature of reaction time variability is analyzed in a suite of four experiments involving tasks, methodologies, and types of perceptual judgment commonly encountered in cognitive psychology. In every case, a substantial fraction of the trial-by-trial variability in reaction time latency is shown to be well described by a particular type of fluctuation known as 1/f noise. These results suggest that the time it takes to make and register a speeded decision reflects a kind of dynamic complexity that is seen in natural systems that self-organize at the boundary between order and chaos.</p>
         </abstract>
         <custom-meta-group>
            <custom-meta>
               <meta-name>lang</meta-name>
               <meta-value>eng</meta-value>
            </custom-meta>
         </custom-meta-group>
      </article-meta>
   </front>
   <back>
      <fn-group>
         <title>[Footnotes]</title>
         <fn id="d13736e147a1310">
            <label>2</label>
            <p>
               <mixed-citation id="d13736e154" publication-type="other">
(Gilden et al., 1995).</mixed-citation>
            </p>
         </fn>
      </fn-group>
      <ref-list>
         <title>References</title>
         <ref id="d13736e170a1310">
            <mixed-citation id="d13736e174" publication-type="other">
Abarbanel, H.D., Brown, R., Sidorowich, J., &amp; Tsimring, L. (1993). The analysis of
observed chaotic data in physical systems. Reviews of Modern Physics, 65, 1331-
1392.</mixed-citation>
         </ref>
         <ref id="d13736e187a1310">
            <mixed-citation id="d13736e191" publication-type="other">
Bak, P. (1990). Self-organized criticality. Physica A, 163, 403-409.</mixed-citation>
         </ref>
         <ref id="d13736e198a1310">
            <mixed-citation id="d13736e202" publication-type="other">
Bak, P. (1992). Self-organized criticality in non-conservative models. Physica A, 191,
41-6.</mixed-citation>
         </ref>
         <ref id="d13736e212a1310">
            <mixed-citation id="d13736e216" publication-type="other">
Bak, P., Chen, K., &amp; Creutz, M. (1989). Self-organized criticality in the "Game of Life."
Nature, 342, 780-782.</mixed-citation>
         </ref>
         <ref id="d13736e227a1310">
            <mixed-citation id="d13736e231" publication-type="other">
Bak, P., Tang, C, &amp; Wiesenfeld, K. (1987). Self-organized criticality: An explanation of
1/f noise. Physical Review Letters, 59, 381-384.</mixed-citation>
         </ref>
         <ref id="d13736e241a1310">
            <mixed-citation id="d13736e245" publication-type="other">
Bak, P., Tang, C, &amp; Wiesenfeld, K. (1988). Self-organized criticality. Physical Review A,
38, 364-374.</mixed-citation>
         </ref>
         <ref id="d13736e255a1310">
            <mixed-citation id="d13736e259" publication-type="other">
Dutta, P., &amp; Horn, P.M. (1981). Low-frequency fluctuations in solids: l/f noise. Reviews
of Modern Physics, 53, 497-516.</mixed-citation>
         </ref>
         <ref id="d13736e269a1310">
            <mixed-citation id="d13736e273" publication-type="other">
Eckhorn, R., Frien, A., Bauer, R., Woelbern, T., &amp; Harald, K. (1993). High frequency
(60-90 hz) oscillations in primary visual cortex of awake monkey. Neuroreport, 4,
243-256.</mixed-citation>
         </ref>
         <ref id="d13736e286a1310">
            <mixed-citation id="d13736e290" publication-type="other">
Feder, J. (1988). Fractals. New York: Plenum Press.</mixed-citation>
         </ref>
         <ref id="d13736e297a1310">
            <mixed-citation id="d13736e301" publication-type="other">
Finke, R.A., &amp; Shepard, R.N. (1986). Visual functions of mental imagery. In K.R. Boff,
L. Kaufman, &amp; J.P. Thomas (Eds.), Handbook of perception and human perfor-
mance (pp. 37.1-37.55). New York: Wiley.</mixed-citation>
         </ref>
         <ref id="d13736e315a1310">
            <mixed-citation id="d13736e319" publication-type="other">
Garner, W.R. (1962). Uncertainty and structure as psychological concepts. New York:
Wiley.</mixed-citation>
         </ref>
         <ref id="d13736e329a1310">
            <mixed-citation id="d13736e333" publication-type="other">
Gilden, D.L., Thornton, T., &amp; Mallon, M.W. (1995). 1/f noise in human cognition.
Science, 267, 1837-1839.</mixed-citation>
         </ref>
         <ref id="d13736e343a1310">
            <mixed-citation id="d13736e347" publication-type="other">
Handel, PH., &amp; Chung, A.L. (Eds.). (1993). Noise in physical systems and 1/f fluctua-
tions. New York: American Institute of Physics.</mixed-citation>
         </ref>
         <ref id="d13736e357a1310">
            <mixed-citation id="d13736e361" publication-type="other">
Hays, W.L. (1988). Statistics (4th ed.). New York: Holt, Rinehart, and Winston.</mixed-citation>
         </ref>
         <ref id="d13736e368a1310">
            <mixed-citation id="d13736e372" publication-type="other">
Jensen, H.J. (1990). Lattice gas as a model of 1/f noise. Physical Review Letters, 64,
3103-3106.</mixed-citation>
         </ref>
         <ref id="d13736e382a1310">
            <mixed-citation id="d13736e386" publication-type="other">
Julesz, B., &amp; Hesse, R.I. (1970). Inability to perceive the direction of rotation movement
of line segments. Nature, 225, 243-244.</mixed-citation>
         </ref>
         <ref id="d13736e397a1310">
            <mixed-citation id="d13736e401" publication-type="other">
Juola, J.F., Ward, N.J., &amp; McNamara, T. (1982). Visual search and reading of rapid serial
presentations of letter strings, words, and text. Journal of Experimental Psychology:
General, 111, 208-227.</mixed-citation>
         </ref>
         <ref id="d13736e414a1310">
            <mixed-citation id="d13736e418" publication-type="other">
Nakayama, K., &amp; Silverman, G.H. (1986). Serial and parallel processing of visual feature
conjunctions. Nature, 320, 264-265.</mixed-citation>
         </ref>
         <ref id="d13736e428a1310">
            <mixed-citation id="d13736e432" publication-type="other">
Press, W.H. (1978). Flicker noises in astronomy and elsewhere. Comments in Astrophys-
ics, 7, 103-119.</mixed-citation>
         </ref>
         <ref id="d13736e442a1310">
            <mixed-citation id="d13736e446" publication-type="other">
Press, W.H., Teukolsky, S.A., Vetterling, W.T., &amp; Flannery, B.P. (1992). Numerical
recipes (2nd ed.). Cambridge, England: Cambridge University Press.</mixed-citation>
         </ref>
         <ref id="d13736e456a1310">
            <mixed-citation id="d13736e460" publication-type="other">
Shepard, R.N. (1981). Psychophysical complementarity. In M. Kubovy &amp; J.R. Pomerantz
(Eds.), Perceptual organization (pp. 279-341). Hillsdale, NJ: Erlbaum.</mixed-citation>
         </ref>
         <ref id="d13736e470a1310">
            <mixed-citation id="d13736e474" publication-type="other">
Shepard, R.N. (1984). Ecological constraints on internal representation: Resonant kine-
matics of perceiving, imagining, thinking, and dreaming. Psychological Review, 91,
417-47.</mixed-citation>
         </ref>
         <ref id="d13736e488a1310">
            <mixed-citation id="d13736e492" publication-type="other">
Shepard, R.N. (1994). Perceptual-cognitive universals as reflections of the world. Psy-
chonomic Bulletin and Review, 1, 2-28.</mixed-citation>
         </ref>
         <ref id="d13736e502a1310">
            <mixed-citation id="d13736e506" publication-type="other">
Shepard, R.N., &amp; Cooper, L.A. (1982). Mental images and their transformations. Cam-
bridge, MA: MIT Press.</mixed-citation>
         </ref>
         <ref id="d13736e516a1310">
            <mixed-citation id="d13736e520" publication-type="other">
Sugihara, G., &amp; May, R.M. (1990). Nonlinear forecasting as a way of distinguishing chaos
from measurement error in time series. Nature, 344, 734-741.</mixed-citation>
         </ref>
         <ref id="d13736e530a1310">
            <mixed-citation id="d13736e534" publication-type="other">
Teich, M.C. (1992). Fractal neuronal firing patterns. In T. McKenna, J. Davis, &amp; S.F.
Zornetzer (Eds.), Single neuron computation (pp. 589-625). San Diego: Academic
Press.</mixed-citation>
         </ref>
         <ref id="d13736e547a1310">
            <mixed-citation id="d13736e551" publication-type="other">
Theiler, J., Eubank, S., Longtin, A., Galdrikian, B., &amp; Farmer, J.D. (1992). Testing for
nonlinearity in time series: The method of surrogate data. Physica D, 58, 77-94.</mixed-citation>
         </ref>
         <ref id="d13736e561a1310">
            <mixed-citation id="d13736e565" publication-type="other">
Townsend, J.T. (1990). Serial vs. parallel processing: Sometimes they look like Twee-
dledum and Tweedledee but they can (and should) be distinguished. Psychological
Science, 1, 46-54.</mixed-citation>
         </ref>
         <ref id="d13736e579a1310">
            <mixed-citation id="d13736e583" publication-type="other">
Townsend, J.T., &amp; Ashby, F.G. (1983). The stochastic modeling of elementary psycho-
logical processes. New York: Cambridge University Press.</mixed-citation>
         </ref>
         <ref id="d13736e593a1310">
            <mixed-citation id="d13736e597" publication-type="other">
Tsonis, A.A., &amp; Eisner, J.B. (1992). Nonlinear prediction as a way of distinguishing chaos
from random fractal sequences. Nature, 358, 217-220.</mixed-citation>
         </ref>
         <ref id="d13736e607a1310">
            <mixed-citation id="d13736e611" publication-type="other">
Usher, M., Stemmler, M., Koch, C, &amp; Olami, Z. (1994). Network amplification of local
fluctuations causes high spike rate variability, fractal firing patterns and oscillatory
local field potentials. Neural Computation, 6, 795-836.</mixed-citation>
         </ref>
         <ref id="d13736e624a1310">
            <mixed-citation id="d13736e628" publication-type="other">
Usher, M., Stemmler, M., &amp; Olami, Z. (1995). Dynamic pattern formation leads to 1/f
noise in neural populations. Physical Review Letters, 74, 326-329.</mixed-citation>
         </ref>
         <ref id="d13736e638a1310">
            <mixed-citation id="d13736e642" publication-type="other">
van der Heijden, A.H.C. (1975). Some evidence for a limited capacity parallel self-
terminating process in simple visual search tasks. Acta Psychologica, 39, 21-41.</mixed-citation>
         </ref>
         <ref id="d13736e652a1310">
            <mixed-citation id="d13736e656" publication-type="other">
Van Zandt, T., &amp; Ratcliff, R. (1995). Statistical mimicking of reaction time data: Single-
process models, parameter variability, and mixtures. Psychonomic Bulletin &amp;
Review, 2, 20-54.</mixed-citation>
         </ref>
         <ref id="d13736e670a1310">
            <mixed-citation id="d13736e674" publication-type="other">
Wing, A.M. (1980). The long and short of timing in response sequences. In G.E. Stelmach
&amp; J. Requin (Eds.), Tutorials in motor behavior (pp. 469-486). Amsterdam: North
Holland.</mixed-citation>
         </ref>
         <ref id="d13736e687a1310">
            <mixed-citation id="d13736e691" publication-type="other">
Wing, A.M., &amp; Kristofferson, A.B. (1973). Response delays and the timing of discrete
motor responses. Perception and Psychophysics, 14, 5-12.</mixed-citation>
         </ref>
      </ref-list>
   </back>
</article>
