<article xmlns:xsi="http://www.w3.org/2001/XMLSchema-instance"
         xmlns:xlink="http://www.w3.org/1999/xlink"
         xmlns:mml="http://www.w3.org/1998/Math/MathML"
         dtd-version="1.0"
         article-type="research-article">
   <front>
      <journal-meta>
         <journal-id journal-id-type="jstor">psychsci</journal-id>
         <journal-id journal-id-type="jstor">j50000277</journal-id>
         <journal-title-group>
            <journal-title>Psychological Science</journal-title>
         </journal-title-group>
         <publisher>
            <publisher-name>Cambridge University Press</publisher-name>
         </publisher>
         <issn pub-type="ppub">09567976</issn>
         <issn pub-type="epub">14679280</issn>
      </journal-meta>
      <article-meta>
         <article-id pub-id-type="jstor">40063103</article-id>
         <article-categories>
            <subj-group>
               <subject>Research Articles</subject>
            </subj-group>
         </article-categories>
         <title-group>
            <article-title>Utilization of Metacognitive Judgments in the Allocation of Study during Multitrial Learning</article-title>
         </title-group>
         <contrib-group>
            <contrib>
               <string-name>
                  <given-names>Thomas O.</given-names>
                  <surname>Nelson</surname>
               </string-name>
            </contrib>
            <contrib>
               <string-name>
                  <given-names>John</given-names>
                  <surname>Dunlosky</surname>
               </string-name>
            </contrib>
            <contrib>
               <string-name>
                  <given-names>Aurora</given-names>
                  <surname>Graf</surname>
               </string-name>
            </contrib>
            <contrib>
               <string-name>
                  <given-names>Louis</given-names>
                  <surname>Narens</surname>
               </string-name>
            </contrib>
         </contrib-group>
         <pub-date>
            <day>1</day>
            <month>7</month>
            <year>1994</year>
         </pub-date>
         <volume>5</volume>
         <issue>4</issue>
         <issue-id>i40002703</issue-id>
         <fpage>207</fpage>
         <lpage>213</lpage>
         <permissions>
            <copyright-statement>Copyright 1994 American Psychological Society</copyright-statement>
         </permissions>
         <self-uri xlink:href="http://www.jstor.org/stable/40063103"/>
         <abstract>
            <p>We contrasted several ways that an individual's judgments of learning (JOLs) can be utilized when allocating additional study ("restudy") during the learning of Swahili-English translation equivalents. The findings demonstrate how metacognitive monitoring can be utilized to benefit multitrial learning. Computer-controlled allocation of restudy based on people's JOLs was equivalent to most people's own allocation of restudy (indicating that the computer algorithm can provide a sufficient account of people's allocation of restudy) and was more effective than a computer-controlled allocation based on normative performance (indicating that people's metacognitive monitoring of idiosyncratic knowledge has functional utility in causal chains for learning).</p>
         </abstract>
         <custom-meta-group>
            <custom-meta>
               <meta-name>lang</meta-name>
               <meta-value>eng</meta-value>
            </custom-meta>
         </custom-meta-group>
      </article-meta>
   </front>
   <back>
      <ref-list>
         <title>References</title>
         <ref id="d23588e177a1310">
            <mixed-citation id="d23588e181" publication-type="other">
Atkinson, R.C. (1972a). Ingredients for a theory of instruction. American Psy-
chologist, 72, 921-931.</mixed-citation>
         </ref>
         <ref id="d23588e191a1310">
            <mixed-citation id="d23588e195" publication-type="other">
Atkinson, R.C. (1972b). Optimizing the learning of a second-language vocabulary.
Journal of Experimental Psychology, 96, 124-129.</mixed-citation>
         </ref>
         <ref id="d23588e205a1310">
            <mixed-citation id="d23588e209" publication-type="other">
Begg, I.M., Martin, L.A., &amp; Needham, D.R. (1992). Memory monitoring: How
useful is self-knowledge about memory? European Journal of Cognitive
Psychology, 4, 195-218.</mixed-citation>
         </ref>
         <ref id="d23588e222a1310">
            <mixed-citation id="d23588e226" publication-type="other">
Bizanz, G.L., Vesonder, G.T., &amp; Voss, J.F. (1978). Knowledge of one's own
responding and the relation of such knowledge to learning. Journal of Ex-
perimental Child Psychology, 25, 116-128.</mixed-citation>
         </ref>
         <ref id="d23588e240a1310">
            <mixed-citation id="d23588e244" publication-type="other">
Cleveland, W.S. (1985). The elements of graphing data. Pacific Grove, CA: Wad-
sworth.</mixed-citation>
         </ref>
         <ref id="d23588e254a1310">
            <mixed-citation id="d23588e258" publication-type="other">
Dunlosky, J., &amp; Nelson, T.O. (1992). Importance of the kind of cue for judgments
of learning (JOL) and the delayed-JOL effect. Memory and Cognition, 20,
374-380.</mixed-citation>
         </ref>
         <ref id="d23588e271a1310">
            <mixed-citation id="d23588e275" publication-type="other">
Dunlosky, J., &amp; Nelson, T.O. (in press). Does the sensitivity of judgments of
learning (JOLs) to the effects of various study activities depend on when the
JOLs occur? Journal of Memory &amp; Language.</mixed-citation>
         </ref>
         <ref id="d23588e288a1310">
            <mixed-citation id="d23588e292" publication-type="other">
Greeno, J.G. (1964). Paired-associate learning with massed and distributed learn-
ing of items. Journal of Experimental Psychology, 67, 286-295.</mixed-citation>
         </ref>
         <ref id="d23588e302a1310">
            <mixed-citation id="d23588e306" publication-type="other">
Groen, G., &amp; Atkinson, R.C. (1966). Models for optimizing the learning process.
Psychological Bulletin, 66, 309-320.</mixed-citation>
         </ref>
         <ref id="d23588e316a1310">
            <mixed-citation id="d23588e320" publication-type="other">
Karush, W., &amp; Dear, R.E. (1966). Optimal stimulus presentation strategy for a
stimulus sampling model of learning. Journal of Mathematical Psychology,
3, 19-47.</mixed-citation>
         </ref>
         <ref id="d23588e334a1310">
            <mixed-citation id="d23588e338" publication-type="other">
Kihlstrom, J. (1984). Conscious, subconscious, unconscious: A cognitive per-
spective. In K.S. Bowers &amp; D. Meichenbaum (Eds.), The unconscious re-
considered. New York: Wiley.</mixed-citation>
         </ref>
         <ref id="d23588e351a1310">
            <mixed-citation id="d23588e355" publication-type="other">
Lovelace, E.A. (1984). Metamemory: Monitoring future recallability during
study. Journal of Experimental Psychology: Learning, Memory, and Cog-
nition, 10, 756-766.</mixed-citation>
         </ref>
         <ref id="d23588e368a1310">
            <mixed-citation id="d23588e372" publication-type="other">
Maki, R.H., &amp; Berry, S.L. (1984). Metacomprehension of text material. Journal
of Experimental Psychology: Learning, Memory, and Cognition, 10, 663-
679.</mixed-citation>
         </ref>
         <ref id="d23588e385a1310">
            <mixed-citation id="d23588e389" publication-type="other">
Masur, E.F., Mclntyre, C.W., &amp; Flavell, J.H. (1973). Developmental changes in
apportionment of study time among items in a multitrial free recall task.
Journal of Experimental Child Psychology, 15, 237-246.</mixed-citation>
         </ref>
         <ref id="d23588e402a1310">
            <mixed-citation id="d23588e406" publication-type="other">
Mazzoni, G., &amp; Cornoldi, C. (1993). Strategies in study time allocation: Why is
study time sometimes not effective? Journal of Experimental Psychology:
General, 122, 47-60.</mixed-citation>
         </ref>
         <ref id="d23588e419a1310">
            <mixed-citation id="d23588e423" publication-type="other">
Mazzoni, G., Cornoldi, C., &amp; Marchitelli, G. (1990). Do memorability ratings
affect study-time allocation? Memory and Cognition, 18, 196-204.</mixed-citation>
         </ref>
         <ref id="d23588e434a1310">
            <mixed-citation id="d23588e440" publication-type="other">
Modigliani, V., &amp; Hedges, D.G. (1987). Distributed rehearsals and the primacy
effect in single-trial free recall. Journal of Experimental Psychology: Learn-
ing, Memory, and Cognition, 13, 426-436.</mixed-citation>
         </ref>
         <ref id="d23588e453a1310">
            <mixed-citation id="d23588e457" publication-type="other">
Nelson, T.O. (1984). A comparison ot current measures ot the accuracy ot teeling-
of-knowing predictions. Psychological Bulletin, 95, 109-133.</mixed-citation>
         </ref>
         <ref id="d23588e467a1310">
            <mixed-citation id="d23588e471" publication-type="other">
Nelson, T.O. (1992). Metacognition: Core readings. Boston: Allyn &amp; Bacon.</mixed-citation>
         </ref>
         <ref id="d23588e478a1310">
            <mixed-citation id="d23588e482" publication-type="other">
Nelson, T.O. (1993). Judgments of learning and the allocation of study time.
Journal of Experimental Psychology: General, 122, 269-273.</mixed-citation>
         </ref>
         <ref id="d23588e492a1310">
            <mixed-citation id="d23588e496" publication-type="other">
Nelson, T.O., &amp; Dunlosky, J. (1991). When people's judgments of learning (JOLs)
are extremely accurate for predicting subsequent recall: The "delayed JOL
effect." Psychological Science, 2, 267-270</mixed-citation>
         </ref>
         <ref id="d23588e509a1310">
            <mixed-citation id="d23588e513" publication-type="other">
Nelson, T.O., &amp; Dunlosky, J. (in press). Norms of paired-associate recall for
recently studied Swahili-English translation equivalents. Memory.</mixed-citation>
         </ref>
         <ref id="d23588e524a1310">
            <mixed-citation id="d23588e528" publication-type="other">
Nelson, T.O., &amp; Leonesio, R.J. (1988). Allocation of self-paced study time and
the "labor-in- vain-effect." Journal of Experimental Psychology: Learning,
Memory, and Cognition, 14, 676-686.</mixed-citation>
         </ref>
         <ref id="d23588e541a1310">
            <mixed-citation id="d23588e545" publication-type="other">
Nelson, T.O., Leonesio, R.J., Landwehr, R.S., &amp; Narens, L. (1986). A compar-
ison of three predictors of an individual's memory performance: The indi-
vidual's feeling of knowing versus the normative feeling of knowing versus
base-rate item difficulty. Journal of Experimental Psychology: Learning,
Memory, and Cognition, 12, 279-287.</mixed-citation>
         </ref>
         <ref id="d23588e564a1310">
            <mixed-citation id="d23588e568" publication-type="other">
Nelson, T.O., &amp; Narens, L. (1990). Metamemory: A theoretical framework and
some new findings. In G.H. Bower (Ed.), The psychology of learning and
motivation (Vol. 26, pp. 125-173). San Diego: Academic Press.</mixed-citation>
         </ref>
         <ref id="d23588e581a1310">
            <mixed-citation id="d23588e585" publication-type="other">
Schneider, S.L., &amp; Laurion, S.K. (1993). Do we know what we've learned from
listening to the news? Memory and Cognition, 21, 198-209.</mixed-citation>
         </ref>
         <ref id="d23588e595a1310">
            <mixed-citation id="d23588e599" publication-type="other">
Zacks, R.T. (1969). Invariance of total learning time under different conditions of
practice. Journal of Experimental Psychology, 82, 441-447.</mixed-citation>
         </ref>
      </ref-list>
   </back>
</article>
