<article xmlns:xsi="http://www.w3.org/2001/XMLSchema-instance"
         xmlns:xlink="http://www.w3.org/1999/xlink"
         xmlns:mml="http://www.w3.org/1998/Math/MathML"
         dtd-version="1.0"
         article-type="research-article">
   <front>
      <journal-meta>
         <journal-id journal-id-type="jstor">psychsci</journal-id>
         <journal-id journal-id-type="jstor">j50000277</journal-id>
         <journal-title-group>
            <journal-title>Psychological Science</journal-title>
         </journal-title-group>
         <publisher>
            <publisher-name>Cambridge University Press</publisher-name>
         </publisher>
         <issn pub-type="ppub">09567976</issn>
         <issn pub-type="epub">14679280</issn>
      </journal-meta>
      <article-meta>
         <article-id pub-id-type="jstor">40063071</article-id>
         <article-categories>
            <subj-group>
               <subject>Research Reports</subject>
            </subj-group>
         </article-categories>
         <title-group>
            <article-title>Graph-Theoretic Confirmation of Restructuring during Insight</article-title>
         </title-group>
         <contrib-group>
            <contrib>
               <string-name>
                  <given-names>Francis T.</given-names>
                  <surname>Durso</surname>
               </string-name>
            </contrib>
            <contrib>
               <string-name>
                  <given-names>Cornelia B.</given-names>
                  <surname>Rea</surname>
               </string-name>
            </contrib>
            <contrib>
               <string-name>
                  <given-names>Tom</given-names>
                  <surname>Dayton</surname>
               </string-name>
            </contrib>
         </contrib-group>
         <pub-date>
            <day>1</day>
            <month>3</month>
            <year>1994</year>
         </pub-date>
         <volume>5</volume>
         <issue>2</issue>
         <issue-id>i40002701</issue-id>
         <fpage>94</fpage>
         <lpage>98</lpage>
         <permissions>
            <copyright-statement>Copyright 1994 American Psychological Society</copyright-statement>
         </permissions>
         <self-uri xlink:href="http://www.jstor.org/stable/40063071"/>
         <abstract>
            <p>The ''flash of insight" sometimes observed in problem solving and in scientific discovery has been thought to be due to a sudden cognitive restructuring of the problem situation. Direct confirmation of restructuring has been difficult without an independent procedure for determining cognitive structure. Graph structures were derived from judgments of concept relatedness made by subjects who had an insight and by several groups who either did not or could not have the insight. The graphs of the solvers differed from the graphs of subjects who tried and failed, those who listened to the solvers, and those who were given the solution. When other subjects in a subsequent experiment repeatedly judged similarity of pairs of concepts, there was evidence that those connections critical to the new cognitive order were targeted long before there was the breathtaking cognitive reorganization.</p>
         </abstract>
         <custom-meta-group>
            <custom-meta>
               <meta-name>lang</meta-name>
               <meta-value>eng</meta-value>
            </custom-meta>
         </custom-meta-group>
      </article-meta>
   </front>
   <back>
      <ref-list>
         <title>References</title>
         <ref id="d22625e174a1310">
            <mixed-citation id="d22625e178" publication-type="other">
Bowers, K.S., Regehr, G., &amp; Balthazard, C. (1990).
Intuition in the context of discovery. Cognitive
Psychology, 22, 72-110.</mixed-citation>
         </ref>
         <ref id="d22625e191a1310">
            <mixed-citation id="d22625e195" publication-type="other">
Bransford, J.D., &amp; Johnson, M.K. (1972). Contex-
tual prerequisites for understanding: Some in-
vestigations of comprehension and recall.
Journal of Verbal Learning and Verbal Behav-
ior, 11, 717-726.</mixed-citation>
         </ref>
         <ref id="d22625e214a1310">
            <mixed-citation id="d22625e218" publication-type="other">
Carre, B. (1979). Graphs and networks. Oxford:
Clarendon Press.</mixed-citation>
         </ref>
         <ref id="d22625e228a1310">
            <mixed-citation id="d22625e232" publication-type="other">
Cooke, N.J. (1992). Predicting judgment time from
measures of psychological proximity. Journal
of Experimental Psychology: Learning, Mem-
ory, and Cognition, 18, 640-653.</mixed-citation>
         </ref>
         <ref id="d22625e249a1310">
            <mixed-citation id="d22625e253" publication-type="other">
Cooke, N.M., Durso, F.T., &amp; Schvaneveldt, R.W.
(1986). Recall and measures of memory orga-
nization. Journal of Experimental Psychology:
Learning, Memory, and Cognition, 12, 538-
549.</mixed-citation>
         </ref>
         <ref id="d22625e272a1310">
            <mixed-citation id="d22625e276" publication-type="other">
Dayton, T., Durso, F.T., &amp; Shepard, J.D. (1990). A
measure of the knowledge reorganization un-
derlying insight. In R.W. Schvaneveldt (Ed.),
Pathfinder associative networks: Studies in
knowledge organization (pp. 267-277). Nor-
wood, NJ: Ablex.</mixed-citation>
         </ref>
         <ref id="d22625e299a1310">
            <mixed-citation id="d22625e303" publication-type="other">
Dominowski, R.L. (1981). Comment on "An exam-
ination of the alleged role of 'fixation' in the
solution of several 'insight' problems" by
Weisberg and Alba. Journal of Experimental
Psychology: General, 110, 199-203.</mixed-citation>
         </ref>
         <ref id="d22625e322a1310">
            <mixed-citation id="d22625e326" publication-type="other">
Dominowski, R.L., &amp; Jenrick, R. (1972). Effects of
hints and interpolated activity on solution of
an insight problem. Psychonomic Science, 26,
335-338.</mixed-citation>
         </ref>
         <ref id="d22625e342a1310">
            <mixed-citation id="d22625e346" publication-type="other">
Durso, F.T., &amp; Coggins, K.A. (1990). Graphs in the
social and psychological sciences: Empirical
contributions of Pathfinder. In R.W. Schva-
neveldt (Ed.), Pathfinder associative net-
works: Studies in knowledge organization (pp.
31-51). Norwood, NJ: Ablex.</mixed-citation>
         </ref>
         <ref id="d22625e369a1310">
            <mixed-citation id="d22625e373" publication-type="other">
Ellen, P. (1982). Direction, past experience, and
hints in creative problem solving: Reply to
Weisberg and Alba. Journal of Experimental
Psychology: General, 111, 316-325.</mixed-citation>
         </ref>
         <ref id="d22625e390a1310">
            <mixed-citation id="d22625e394" publication-type="other">
Grmek, M.D. (1980). A plea for freeing the history of
scientific discoveries from myth. In M.D.
Grmek, R.S. Cohen, &amp; G. Cimino (Eds.), On
scientific discovery (pp. 9-42). Boston: Reidel.</mixed-citation>
         </ref>
         <ref id="d22625e410a1310">
            <mixed-citation id="d22625e414" publication-type="other">
Harary, F. (1969). Graph theory. Reading, MA: Ad-
dison- Wesley.</mixed-citation>
         </ref>
         <ref id="d22625e424a1310">
            <mixed-citation id="d22625e428" publication-type="other">
Hutchinson, J.W. (1989). NETSCAL: A network
scaling algorithm for nonsymmetric proximity
data. Psychometrika, 54, 25-51.</mixed-citation>
         </ref>
         <ref id="d22625e441a1310">
            <mixed-citation id="d22625e447" publication-type="other">
Luchins, A.S., &amp; Luchins, E.H. (1970). Wer-
theimer's seminars revisited: Problem solving
and thinking (Vol. 3). Albany: Faculty-Student
Association, State University of New York at
Albany.</mixed-citation>
         </ref>
         <ref id="d22625e466a1310">
            <mixed-citation id="d22625e470" publication-type="other">
Meng, X.-L., Rosenthal, R., &amp; Rubin, D.B. (1992).
Comparing correlated correlation coefficients.
Psychological Bulletin, 111, 172-175.</mixed-citation>
         </ref>
         <ref id="d22625e483a1310">
            <mixed-citation id="d22625e487" publication-type="other">
Metcalfe, J. (1986a). Feeling of knowing in memory
and problem solving. Journal of Experimental
Psychology: Learning, Memory, and Cogni-
tion, 12, 288-294.</mixed-citation>
         </ref>
         <ref id="d22625e504a1310">
            <mixed-citation id="d22625e508" publication-type="other">
Metcalfe, J. (1986b). Premonitions of insight predict
impending error. Journal of Experimental Psy-
chology: Learning, Memory, and Cognition,
12, 623-634.</mixed-citation>
         </ref>
         <ref id="d22625e524a1310">
            <mixed-citation id="d22625e528" publication-type="other">
Metcalfe, J., &amp; Weibe, D. (1987). Intuition in insight
and noninsight problem solving. Memory &amp;
Cognition, 15, 238-246.</mixed-citation>
         </ref>
         <ref id="d22625e541a1310">
            <mixed-citation id="d22625e545" publication-type="other">
Ohlsson, S. (1984). Restructuring revisited: An in-
formation processing theory of restructuring
and insight. Scandinavian Journal of Psychol-
ogy, 25, 117-129.</mixed-citation>
         </ref>
         <ref id="d22625e561a1310">
            <mixed-citation id="d22625e565" publication-type="other">
Roske-Hofstrand, R.J., &amp; Paap, K.R. (1986). Cog-
nitive networks as a guide to menu organiza-
tion: An application in the automated cockpit.
Ergonomics, 29, 1301-1312.</mixed-citation>
         </ref>
         <ref id="d22625e581a1310">
            <mixed-citation id="d22625e585" publication-type="other">
Scheerer, M. (1963). Problem-solving. Scientific
American, 208, 118-128.</mixed-citation>
         </ref>
         <ref id="d22625e595a1310">
            <mixed-citation id="d22625e599" publication-type="other">
Schvaneveldt, R.W., Dearholt, D.W., &amp; Durso,
F.T. (1988). Graph theoretic foundations of
Pathfinder networks. Computers &amp; Mathe-
matics With Applications, 15, 337-345.</mixed-citation>
         </ref>
         <ref id="d22625e616a1310">
            <mixed-citation id="d22625e620" publication-type="other">
Schvaneveldt, R.W., Durso, F.T., &amp; Dearholt,
D.W. (1989). Network structures in proximity
data. In G.H. Bower (Ed.), The psychology of
learning and motivation: Advances in research
and theory (Vol. 24, pp. 249-284). New York:
Academic Press.</mixed-citation>
         </ref>
         <ref id="d22625e643a1310">
            <mixed-citation id="d22625e647" publication-type="other">
Schvaneveldt, R.W., Durso, F.T., Goldsmith, T.E.,
Breen, T.J., Cooke, N.M., Tucker, R.G., &amp;
DeMaio, J.C. (1985). Measuring the structure
of expertise. International Journal of Man-
Machine Studies, 12, 699-738.</mixed-citation>
         </ref>
         <ref id="d22625e666a1310">
            <mixed-citation id="d22625e670" publication-type="other">
Smith, E.E., Adams, N., &amp; Schorr, D. (1978). Fact
retrieval and the paradox of interference. Cog-
nitive Psychology, 10, 438-464.</mixed-citation>
         </ref>
         <ref id="d22625e683a1310">
            <mixed-citation id="d22625e687" publication-type="other">
Weisberg, R.W., &amp; Alba, J.W. (1981a). An exami-
nation of the alleged role of "fixation" in the
solution of several "insight" problems. Jour-
nal of Experimental Psychology: General, 110,
169-192.</mixed-citation>
         </ref>
         <ref id="d22625e706a1310">
            <mixed-citation id="d22625e710" publication-type="other">
Weisberg, R.W., &amp; Alba, J.W. (1981b). Gestalt the-
ory, insight, and past experience: Reply to
Dominowski. Journal of Experimental Psy-
chology: General, 110, 193-198.</mixed-citation>
         </ref>
         <ref id="d22625e726a1310">
            <mixed-citation id="d22625e730" publication-type="other">
Weisburd, S. (1987). The spark: Personal testimo-
nies of creativity. Science News, 132, 298-300.</mixed-citation>
         </ref>
         <ref id="d22625e741a1310">
            <mixed-citation id="d22625e745" publication-type="other">
Wertheimer, M. (1959). Productive thinking. New
York: Harper and Row.</mixed-citation>
         </ref>
      </ref-list>
   </back>
</article>
