<article xmlns:xsi="http://www.w3.org/2001/XMLSchema-instance"
         xmlns:xlink="http://www.w3.org/1999/xlink"
         xmlns:mml="http://www.w3.org/1998/Math/MathML"
         dtd-version="1.0"
         article-type="research-article">
   <front>
      <journal-meta>
         <journal-id journal-id-type="jstor">psychsci</journal-id>
         <journal-id journal-id-type="jstor">j50000277</journal-id>
         <journal-title-group>
            <journal-title>Psychological Science</journal-title>
         </journal-title-group>
         <publisher>
            <publisher-name>Cambridge University Press</publisher-name>
         </publisher>
         <issn pub-type="ppub">09567976</issn>
         <issn pub-type="epub">14679280</issn>
      </journal-meta>
      <article-meta>
         <article-id pub-id-type="jstor">40062975</article-id>
         <article-categories>
            <subj-group>
               <subject>Research Articles</subject>
            </subj-group>
         </article-categories>
         <title-group>
            <article-title>Whistling in the Dark: Exaggerated Consensus Estimates in Response to Incidental Reminders of Mortality</article-title>
         </title-group>
         <contrib-group>
            <contrib>
               <string-name>
                  <given-names>Tom</given-names>
                  <surname>Pyszczynski</surname>
               </string-name>
            </contrib>
            <contrib>
               <string-name>
                  <given-names>Robert A.</given-names>
                  <surname>Wicklund</surname>
               </string-name>
            </contrib>
            <contrib>
               <string-name>
                  <given-names>Stefan</given-names>
                  <surname>Floresku</surname>
               </string-name>
            </contrib>
            <contrib>
               <string-name>
                  <given-names>Holgar</given-names>
                  <surname>Koch</surname>
               </string-name>
            </contrib>
            <contrib>
               <string-name>
                  <given-names>Gerardine</given-names>
                  <surname>Gauch</surname>
               </string-name>
            </contrib>
            <contrib>
               <string-name>
                  <given-names>Sheldon</given-names>
                  <surname>Solomon</surname>
               </string-name>
            </contrib>
            <contrib>
               <string-name>
                  <given-names>Jeff</given-names>
                  <surname>Greenberg</surname>
               </string-name>
            </contrib>
         </contrib-group>
         <pub-date>
            <day>1</day>
            <month>11</month>
            <year>1996</year>
         </pub-date>
         <volume>7</volume>
         <issue>6</issue>
         <issue-id>i40002695</issue-id>
         <fpage>332</fpage>
         <lpage>336</lpage>
         <permissions>
            <copyright-statement>Copyright 1996 American Psychological Society</copyright-statement>
         </permissions>
         <self-uri xlink:href="http://www.jstor.org/stable/40062975"/>
         <abstract>
            <p>Terror management theory posits that cultural worldviews function to provide protection against anxiety concerning human vulnerability and mortality and that their effectiveness as buffers against such anxiety is maintained through a process of consensual validation. Two field experiments were conducted to test the hypothesis that incidental reminders of one's mortality increase the need to believe that others share one's worldview. In both studies, passersby on city streets were asked to estimate the extent of social consensus for culturally relevant attitudes, 100 m before passing a funeral home, 100 m after passing a funeral home, or directly in front of a funeral home. In the first study, conducted in Germany, subjects were asked to estimate the percentage of Germans who shared their opinions about a proposal to change the German constitution to restrict the immigration of foreigners; in the second study, conducted in the United States, subjects were asked to estimate the percentage of Americans who shared their opinions about the teaching of Christian values in the public schools. In both studies, subjects who held the minority position on the issue estimated greater consensus for their opinions when interviewed directly in front of a funeral home than when interviewed either before or after passing it.</p>
         </abstract>
         <custom-meta-group>
            <custom-meta>
               <meta-name>lang</meta-name>
               <meta-value>eng</meta-value>
            </custom-meta>
         </custom-meta-group>
      </article-meta>
   </front>
   <back>
      <fn-group>
         <title>[Footnotes]</title>
         <fn id="d4747e196a1310">
            <label>2</label>
            <p>
               <mixed-citation id="d4747e203" publication-type="other">
Ross, Greene,
and House (1977)</mixed-citation>
            </p>
         </fn>
      </fn-group>
      <ref-list>
         <title>References</title>
         <ref id="d4747e222a1310">
            <mixed-citation id="d4747e226" publication-type="other">
Dawes, R. (1993). Statistical criteria for establishing a truly false consensus effect.
Journal of Experimental Social Psychology, 25, 1-17.</mixed-citation>
         </ref>
         <ref id="d4747e236a1310">
            <mixed-citation id="d4747e240" publication-type="other">
Festinger, L. (1954). A theory of social comparison processes. Human Relation-
ships, 1, 117-140.</mixed-citation>
         </ref>
         <ref id="d4747e250a1310">
            <mixed-citation id="d4747e254" publication-type="other">
Greenberg, J., Pyszczynski, T., &amp; Solomon, S. (1986). The cause and conse-
quences of the need for self-esteem: A terror management theory. In R.F.
Baumeister (Ed.), Public self and private self (pp. 189-212). New York:
Springer- Verlag.</mixed-citation>
         </ref>
         <ref id="d4747e270a1310">
            <mixed-citation id="d4747e274" publication-type="other">
Greenberg, J., Pyszczynski, T., Solomon, S., Rosenblatt, A., Veeder, M., Kirk-
land, S., &amp; Lyon, D. (1990). Evidence for terror management theory II: The
effects of mortality salience reactions to those who threaten or bolster the
cultural worldview. Journal of Personality and Social Psychology, 58, 308-
318.</mixed-citation>
         </ref>
         <ref id="d4747e294a1310">
            <mixed-citation id="d4747e298" publication-type="other">
Greenberg, J., Pyszczynski, T., Solomon, S., Simon, L., &amp; Breus, M. (1994).
Role of consciousness and accessibility of death-related thoughts in mortal-
ity salience effects. Journal of Personality and Social Psychology, 67, 627-
637.</mixed-citation>
         </ref>
         <ref id="d4747e314a1310">
            <mixed-citation id="d4747e318" publication-type="other">
Greenberg, J., Simon, L., Harmon-Jones, E., Solomon, S., Pyszczynski, T., &amp;
Lyon, D. (1995). Testing alternative explanations for mortality salience ef-
fects: Terror management, value accessibility, or worrisome thoughts. Eu-
ropean Journal of Social Psychology, 25, 417-433.</mixed-citation>
         </ref>
         <ref id="d4747e334a1310">
            <mixed-citation id="d4747e338" publication-type="other">
Greenberg, J., Simon, L., Pyszczynski, T., Solomon, S., &amp; Chatel, D. (1992).
Terror management and tolerance: Does mortality salience always intensify
negative reactions to others who threaten one's worldview? Journal of Per-
sonality and Social Psychology, 63, 212-220.</mixed-citation>
         </ref>
         <ref id="d4747e354a1310">
            <mixed-citation id="d4747e358" publication-type="other">
Harmon-Jones, E., Simon, L., Greenberg, J., Pyszczynski, T., Solomon, S., &amp;
McGregor, H. (in press). Assessing the terror management analysis of self-
esteem: Evidence that self-esteem undermines mortality salience effects.
Journal of Personality and Social Psychology.</mixed-citation>
         </ref>
         <ref id="d4747e374a1310">
            <mixed-citation id="d4747e378" publication-type="other">
Marks, G., &amp; Miller, N. (1987). Ten years of research on the false consensus
effect: An empirical and theoretical review. Psychological Bulletin, 102,
72-90.</mixed-citation>
         </ref>
         <ref id="d4747e391a1310">
            <mixed-citation id="d4747e395" publication-type="other">
Mullen, B., Atkins, J.L., Champion, D.S., Edwards, C, Hardy, D., Story, J.E.,
&amp; Vanderklok, M. (1985). The false consensus effect: A meta-analysis of
115 hypothesis tests. Journal of Experimental Social Psychology, 21, 262-
283.</mixed-citation>
         </ref>
         <ref id="d4747e412a1310">
            <mixed-citation id="d4747e416" publication-type="other">
Ochsmann, R., &amp; Mathy, M. (1994). Depreciating and distancing from foreigners:
Effects of mortality salience. Unpublished manuscript, University of Mainz,
Mainz, Germany.</mixed-citation>
         </ref>
         <ref id="d4747e429a1310">
            <mixed-citation id="d4747e433" publication-type="other">
Pyszczynski, T., &amp; Greenberg, J. (1987). Toward an integration of cognitive and
motivational perspectives on social inference: A biased hypothesis-testing
model. In L. Berkowitz (Ed.), Advances in experimental social psychology
(Vol. 20, pp. 297-340). San Diego: Academic Press.</mixed-citation>
         </ref>
         <ref id="d4747e449a1310">
            <mixed-citation id="d4747e453" publication-type="other">
Pyszczynski, T., Greenberg, J., &amp; Solomon, S. (in press). Why do we need what
we need? A terror management perspective on the roots of human social
motivation. Psychological Inquiry.</mixed-citation>
         </ref>
         <ref id="d4747e466a1310">
            <mixed-citation id="d4747e470" publication-type="other">
Ross, L., Greene, D., &amp; House, P. (1977). The "false consensus effect": An
egocentric bias in social perception and attribution processes. Journal of
Experimental Social Psychology, 13, 279-301.</mixed-citation>
         </ref>
         <ref id="d4747e483a1310">
            <mixed-citation id="d4747e487" publication-type="other">
Solomon, S., Greenberg, J., &amp; Pyszczynski, T. (1991). A terror management
theory of social behavior: The psychological function of self-esteem and
cultural worldviews. In M.E.P. Zanna (Ed.), Advances in experimental so-
cial psychology (pp. 91-159). San Diego: Academic Press.</mixed-citation>
         </ref>
      </ref-list>
   </back>
</article>
