<article xmlns:xsi="http://www.w3.org/2001/XMLSchema-instance"
         xmlns:xlink="http://www.w3.org/1999/xlink"
         xmlns:mml="http://www.w3.org/1998/Math/MathML"
         dtd-version="1.0"
         article-type="research-article">
   <front>
      <journal-meta>
         <journal-id journal-id-type="jstor">psychsci</journal-id>
         <journal-id journal-id-type="jstor">j50000277</journal-id>
         <journal-title-group>
            <journal-title>Psychological Science</journal-title>
         </journal-title-group>
         <publisher>
            <publisher-name>Cambridge University Press</publisher-name>
         </publisher>
         <issn pub-type="ppub">09567976</issn>
         <issn pub-type="epub">14679280</issn>
      </journal-meta>
      <article-meta>
         <article-id pub-id-type="jstor">40063024</article-id>
         <article-categories>
            <subj-group>
               <subject>Research Articles</subject>
            </subj-group>
         </article-categories>
         <title-group>
            <article-title>Overt and Covert Recognition of Faces in Children and Adults</article-title>
         </title-group>
         <contrib-group>
            <contrib>
               <string-name>
                  <given-names>Nora</given-names>
                  <surname>Newcombe</surname>
               </string-name>
            </contrib>
            <contrib>
               <string-name>
                  <given-names>Eunhui</given-names>
                  <surname>Lie</surname>
               </string-name>
            </contrib>
         </contrib-group>
         <pub-date>
            <day>1</day>
            <month>7</month>
            <year>1995</year>
         </pub-date>
         <volume>6</volume>
         <issue>4</issue>
         <issue-id>i40002698</issue-id>
         <fpage>241</fpage>
         <lpage>245</lpage>
         <permissions>
            <copyright-statement>Copyright 1995 American Psychological Society</copyright-statement>
         </permissions>
         <self-uri xlink:href="http://www.jstor.org/stable/40063024"/>
         <abstract>
            <p>There has been considerable recent interest in covert face-recognition effects. In Experiment 1, we adapted a paradigm, previously shown to produce covert recognition effects, to test 5-year-old children. Classmates' photographs served as the familiar faces. Children showed effects of familiarity on face matching similar to the effects normal adults and prosopagnosics had previously shown for famous faces. In Experiment 2, we investigated whether brief familiarization with the photographs used in Experiment 1 would suffice to produce the effects, in children and adults. It did not, even though the exposure did lead to above-chance overt recognition. Taken together with previous studies, the data suggest that covert recognition may be doubly dissociable from overt recognition. Finding a double dissociation would place constraints on models of face recognition.</p>
         </abstract>
         <custom-meta-group>
            <custom-meta>
               <meta-name>lang</meta-name>
               <meta-value>eng</meta-value>
            </custom-meta>
         </custom-meta-group>
      </article-meta>
   </front>
   <back>
      <ref-list>
         <title>References</title>
         <ref id="d43776e135a1310">
            <mixed-citation id="d43776e139" publication-type="other">
Bauer, R.M. (1984). Automatic recognition of names and faces in prosopagnosia:
A neuropsychological application on the Guilty Knowledge Test. Neuropsy-
chologia, 22, 457-469.</mixed-citation>
         </ref>
         <ref id="d43776e152a1310">
            <mixed-citation id="d43776e156" publication-type="other">
Bauer, R.M., &amp; Verfaellie, M. (1988). Electrodermal discrimination of familiar
but not unfamiliar faces in prosopagnosia. Brain and Cognition, 8, 240-252.</mixed-citation>
         </ref>
         <ref id="d43776e166a1310">
            <mixed-citation id="d43776e170" publication-type="other">
Burton, A.M., Young, A.W., Bruce, V., Johnston, R.A., &amp; Ellis, A.W. (1991).
Understanding covert recognition. Cognition, 39, 129-166.</mixed-citation>
         </ref>
         <ref id="d43776e180a1310">
            <mixed-citation id="d43776e184" publication-type="other">
Carey, S. (1992). Becoming a face expert. Philosophical Transactions of the
Royal Society of London, Series B: Biological Sciences, 335, 95-103.</mixed-citation>
         </ref>
         <ref id="d43776e195a1310">
            <mixed-citation id="d43776e199" publication-type="other">
de Haan, E.H., Young, A., &amp; Newcombe, F. (1987). Face recognition without
awareness. Cognitive Neuropsychology, 4, 385-415.</mixed-citation>
         </ref>
         <ref id="d43776e209a1310">
            <mixed-citation id="d43776e213" publication-type="other">
Diamond, R., &amp; Carey, S. (1977). Developmental changes in the representation of
faces. Journal of Experimental Child Psychology, 23, 1-22.</mixed-citation>
         </ref>
         <ref id="d43776e223a1310">
            <mixed-citation id="d43776e227" publication-type="other">
Diamond, R., &amp; Carey, S. (1986). Why faces are and are not special: An effect of
expertise. Journal of Experimental Psychology: General, 115, 107-117.</mixed-citation>
         </ref>
         <ref id="d43776e237a1310">
            <mixed-citation id="d43776e241" publication-type="other">
Farah, M.J., O'Reilly, R.C., &amp; Vecera, S.P. (1993). Dissociated overt and covert
recognition as an emergent property of a lesioned neural network. Psycho-
logical Review, 100, 571-588.</mixed-citation>
         </ref>
         <ref id="d43776e254a1310">
            <mixed-citation id="d43776e258" publication-type="other">
Creve, K.W., &amp; Bauer, R.M. (1990). Implicit learning of new faces in prosopag-
nosia: An application of the mere exposure paradigm. Neuropsychologia,
28, 135-141.</mixed-citation>
         </ref>
         <ref id="d43776e271a1310">
            <mixed-citation id="d43776e275" publication-type="other">
Levine, S.C. (1985). Developmental changes in right-hemisphere involvement in
face recognition. In C. Best (Ed.), Developmental neuropsychology and
education: Hemispheric function and collaboration (pp. 157-191). New
York: Academic Press.</mixed-citation>
         </ref>
         <ref id="d43776e292a1310">
            <mixed-citation id="d43776e296" publication-type="other">
Newcombe, N., &amp; Fox, N. (1994). Infantile amnesia: Through a glass darkly.
Child Development, 65, 31-40.</mixed-citation>
         </ref>
         <ref id="d43776e306a1310">
            <mixed-citation id="d43776e310" publication-type="other">
Reinitz, M.T., Morrissey, J., &amp; Demb, J. (1994). Role of attention in face encod-
ing. Journal of Experimental Psychology: Learning, Memory, and Cogni-
tion, 20, 161-168.</mixed-citation>
         </ref>
         <ref id="d43776e323a1310">
            <mixed-citation id="d43776e327" publication-type="other">
Tranel, D., &amp; Damasio, A.R. (1985). Knowledge without awareness: An auto-
nomic index of facial recognition by prosopagnosics. Science, 228, 1453-
1454.</mixed-citation>
         </ref>
         <ref id="d43776e340a1310">
            <mixed-citation id="d43776e344" publication-type="other">
Tranel, D., &amp; Damasio, A.R. (1988). Non-conscious face recognition in patients
with face agnosia. Behavioral Brain Research, 30, 235-249.</mixed-citation>
         </ref>
         <ref id="d43776e354a1310">
            <mixed-citation id="d43776e358" publication-type="other">
Young, A.W., Hay, D.C., McWeeney, K.H., Flude, B.M., &amp; Ellis, A.W. (1985).
Matching familiar and unfamiliar faces on internal and external features.
Perception, 14, 737-746.</mixed-citation>
         </ref>
         <ref id="d43776e371a1310">
            <mixed-citation id="d43776e375" publication-type="other">
Young, A.W., Hellawell, D., &amp; de Haan, E.H.F. (1988). Cross-domain semantic
priming in normal subjects and a prosopagnosic patient. Quarterly Journal
of Experimental Psychology, 38A, 297-318.</mixed-citation>
         </ref>
      </ref-list>
   </back>
</article>
