<article xmlns:xsi="http://www.w3.org/2001/XMLSchema-instance"
         xmlns:xlink="http://www.w3.org/1999/xlink"
         xmlns:mml="http://www.w3.org/1998/Math/MathML"
         dtd-version="1.0"
         article-type="research-article">
   <front>
      <journal-meta>
         <journal-id journal-id-type="jstor">psychsci</journal-id>
         <journal-id journal-id-type="jstor">j50000277</journal-id>
         <journal-title-group>
            <journal-title>Psychological Science</journal-title>
         </journal-title-group>
         <publisher>
            <publisher-name>Cambridge University Press</publisher-name>
         </publisher>
         <issn pub-type="ppub">09567976</issn>
         <issn pub-type="epub">14679280</issn>
      </journal-meta>
      <article-meta>
         <article-id pub-id-type="jstor">40063227</article-id>
         <article-categories>
            <subj-group>
               <subject>Research Articles</subject>
            </subj-group>
         </article-categories>
         <title-group>
            <article-title>Memory, Amnesia, and Dissociative Identity Disorder</article-title>
         </title-group>
         <contrib-group>
            <contrib>
               <string-name>
                  <given-names>Eric</given-names>
                  <surname>Eich</surname>
               </string-name>
            </contrib>
            <contrib>
               <string-name>
                  <given-names>Dawn</given-names>
                  <surname>Macaulay</surname>
               </string-name>
            </contrib>
            <contrib>
               <string-name>
                  <given-names>Richard J.</given-names>
                  <surname>Loewenstein</surname>
               </string-name>
            </contrib>
            <contrib>
               <string-name>
                  <given-names>Patrice H.</given-names>
                  <surname>Dihle</surname>
               </string-name>
            </contrib>
         </contrib-group>
         <pub-date>
            <day>1</day>
            <month>11</month>
            <year>1997</year>
         </pub-date>
         <volume>8</volume>
         <issue>6</issue>
         <issue-id>i40002710</issue-id>
         <fpage>417</fpage>
         <lpage>422</lpage>
         <permissions>
            <copyright-statement>Copyright 1997 American Psychological Society</copyright-statement>
         </permissions>
         <self-uri xlink:href="http://www.jstor.org/stable/40063227"/>
         <abstract>
            <p>Virtually all patients with dissociative identity (or multiple personality) disorder manifest interpersonality amnesia, whereby events experienced by a particular personality state or identity are retrievable by that same identity but not by a different one. Though considered a hallmark of dissociative identity disorder (DID), interpersonality amnesia has to date attracted little empirical attention. Further, the few studies on the topic typically include just 1 DID patient and a single index of retention. In contrast, the current experiment involved 9 DID patients and several measures of either explicit or implicit memory. Replicating and extending the single-case study of Nissen, Ross, Willingham, MacKenzie, and Schacter (1988), the present results revealed that implicit testing is a necessary but not a sufficient condition for demonstrating transfer of information from one identity to another. Specifically, whereas priming in word-stem completion occurred only if the same personality state performed at both study and at test, priming in picture-fragment completion was as robust between different identities as it was within the same identity. Discussion focuses on prospects for future research aimed at understanding the nature and scope of interpersonality amnesia.</p>
         </abstract>
         <custom-meta-group>
            <custom-meta>
               <meta-name>lang</meta-name>
               <meta-value>eng</meta-value>
            </custom-meta>
         </custom-meta-group>
      </article-meta>
   </front>
   <back>
      <ref-list>
         <title>References</title>
         <ref id="d4101e179a1310">
            <mixed-citation id="d4101e183" publication-type="other">
American Psychiatric Association. (1987). Diagnostic and statistical manual of mental
disorders (3rd ed., rev.). Washington, DC: Author.</mixed-citation>
         </ref>
         <ref id="d4101e193a1310">
            <mixed-citation id="d4101e197" publication-type="other">
American Psychiatric Association. (1994). Diagnostic and statistical manual of mental
disorders (4th ed.). Washington, DC: Author.</mixed-citation>
         </ref>
         <ref id="d4101e207a1310">
            <mixed-citation id="d4101e211" publication-type="other">
Bernstein, E.M., &amp; Putnam, F.W. (1986). Development, reliability, and validity of a
dissociation scale. Journal of Nervous and Mental Disease, 174, 727-735.</mixed-citation>
         </ref>
         <ref id="d4101e221a1310">
            <mixed-citation id="d4101e225" publication-type="other">
Boor, M. (1982). The multiple personality epidemic. Journal of Nervous and Mental
Disease, 170, 302-304.</mixed-citation>
         </ref>
         <ref id="d4101e236a1310">
            <mixed-citation id="d4101e240" publication-type="other">
Bower, G.H. (1981). Mood and memory. American Psychologist, 36, 129-148.</mixed-citation>
         </ref>
         <ref id="d4101e247a1310">
            <mixed-citation id="d4101e251" publication-type="other">
Bower, G.H. (1994). Temporary emotional states act like multiple personalities. In R.M.
Klein &amp; B.K. Doane (Eds.), Psychological concepts and dissociative disorders (pp.
207-234). Hillsdale, NJ: Erlbaum.</mixed-citation>
         </ref>
         <ref id="d4101e264a1310">
            <mixed-citation id="d4101e268" publication-type="other">
Bryant, R.A. (1995). Autobiographical memory across personalities in dissociative iden-
tity disorder: A case report. Journal of Abnormal Psychology, 104, 625-631.</mixed-citation>
         </ref>
         <ref id="d4101e278a1310">
            <mixed-citation id="d4101e282" publication-type="other">
Carlson, E.B., Putnam, F.W., Ross, C.A., Torem, M., Coons, P., Dill, D.L., Loewenstein,
R.J., &amp; Braun, B.G. (1993). Validity of the Dissociative Experiences Scale in
screening for multiple personality disorder: A multicenter study. American Journal
of Psychiatry, 150, 1030-1036.</mixed-citation>
         </ref>
         <ref id="d4101e298a1310">
            <mixed-citation id="d4101e302" publication-type="other">
Eich, E. (1989). Theoretical issues in state dependent memory. In H.L. Roediger &amp; F.I.M.
Craik (Eds.), Varieties of memory and consciousness: Essays in honour of Endel
Tulving (pp. 331-354). Hillsdale, NJ: Erlbaum.</mixed-citation>
         </ref>
         <ref id="d4101e315a1310">
            <mixed-citation id="d4101e319" publication-type="other">
Eich, E. (1995). Searching for mood dependent memory. Psychological Science, 6, 67-75.</mixed-citation>
         </ref>
         <ref id="d4101e327a1310">
            <mixed-citation id="d4101e331" publication-type="other">
Eich, E., Macaulay, D., &amp; Lam, R.W. (in press). Mania, depression, and mood dependent
memory. Cognition and Emotion.</mixed-citation>
         </ref>
         <ref id="d4101e341a1310">
            <mixed-citation id="d4101e345" publication-type="other">
Eich, E., Macaulay, D., Loewenstein, R.J., &amp; Dihle, P.H. (in press). Implicit memory,
interpersonality amnesia, and dissociative identity disorder: Comparing patients and
simulators. In J.D. Read &amp; D.S. Lindsay (Eds.), Recollections of trauma: Scientific
research and clinical practice. New York: Plenum Press.</mixed-citation>
         </ref>
         <ref id="d4101e361a1310">
            <mixed-citation id="d4101e365" publication-type="other">
Fahy, T.A. (1988). The diagnosis of multiple personality disorder: A critical review.
British Journal of Psychiatry, 153, 597-606.</mixed-citation>
         </ref>
         <ref id="d4101e375a1310">
            <mixed-citation id="d4101e379" publication-type="other">
Gleaves, D.H. (1996). The sociocognitive model of dissociative identity disorder: A
reexamination of the evidence. Psychological Bulletin, 120, 42-59.</mixed-citation>
         </ref>
         <ref id="d4101e389a1310">
            <mixed-citation id="d4101e393" publication-type="other">
Graf, P., &amp; Williams, D. (1987). Completion norms for 40 three-letter word stems.
Behavior Research Methods, Instruments, &amp; Computers, 19, 422-445.</mixed-citation>
         </ref>
         <ref id="d4101e403a1310">
            <mixed-citation id="d4101e407" publication-type="other">
Jacoby, L.L. (1983). Remembering the data: Analyzing interactive processes in reading.
Journal of Verbal Learning and Verbal Behavior, 22, 485-508.</mixed-citation>
         </ref>
         <ref id="d4101e418a1310">
            <mixed-citation id="d4101e422" publication-type="other">
Jacoby, L.L., Lindsay, D.S., &amp; Toth, J.P. (1992). Unconscious influences revealed: At-
tention, awareness, and control. American Psychologist, 47, 802-809.</mixed-citation>
         </ref>
         <ref id="d4101e432a1310">
            <mixed-citation id="d4101e436" publication-type="other">
Kihlstrom, J.F., Glisky, M.L., &amp; Angiulo, M.J. (1994). Dissociative tendencies and dis-
sociative disorders. Journal of Abnormal Psychology, 103, 117-124</mixed-citation>
         </ref>
         <ref id="d4101e446a1310">
            <mixed-citation id="d4101e450" publication-type="other">
Kluft, R.P. (1987). An update on multiple personality disorder. Hospital and Community
Psychiatry, 38, 363-373.</mixed-citation>
         </ref>
         <ref id="d4101e460a1310">
            <mixed-citation id="d4101e464" publication-type="other">
Lilienfeld, S.O. (1995). Seeing both sides: Classic controversies in abnormal psychology.
Pacific Grove, CA: Brooks/Cole.</mixed-citation>
         </ref>
         <ref id="d4101e474a1310">
            <mixed-citation id="d4101e478" publication-type="other">
Loewenstein, R.J. (1993). Dissociation, development, and the psychobiology of trauma.
Journal of the American Academy of Psychoanalysis, 21, 581-603.</mixed-citation>
         </ref>
         <ref id="d4101e488a1310">
            <mixed-citation id="d4101e492" publication-type="other">
Loftus, E.F. (1993). The reality of repressed memories. American Psychologist, 48, 518-
537.</mixed-citation>
         </ref>
         <ref id="d4101e503a1310">
            <mixed-citation id="d4101e507" publication-type="other">
Ludwig, A.M., Brandsma, J.M., Wilbur, C.B., Bendfeldt, F., &amp; Jameson, D.H. (1972). The
objective study of a multiple personality. Archives of General Psychiatry, 26,
298-310.</mixed-citation>
         </ref>
         <ref id="d4101e520a1310">
            <mixed-citation id="d4101e524" publication-type="other">
Nissen, M.J., Ross, J.L., Willingham, D.B., MacKenzie, T.B., &amp; Schacter, D.L. (1988).
Memory and awareness in a patient with multiple personality disorder. Brain and
Cognition, 8, 117-134</mixed-citation>
         </ref>
         <ref id="d4101e537a1310">
            <mixed-citation id="d4101e541" publication-type="other">
Nissen, M.J., Ross, J.L., Willingham, D.B., MacKenzie, T.B., &amp; Schacter, D.L. (1994).
Evaluating amnesia in multiple personality disorder. In R.M. Klein &amp; B.K. Doane
(Eds.), Psychological concepts and dissociative disorders (pp. 259-282). Hillsdale,
NJ: Erlbaum.</mixed-citation>
         </ref>
         <ref id="d4101e557a1310">
            <mixed-citation id="d4101e561" publication-type="other">
Putnam, F.W. (1984). The study of multiple personality disorder: General strategies and
practical considerations. Psychiatric Annals, 14, 58-61.</mixed-citation>
         </ref>
         <ref id="d4101e571a1310">
            <mixed-citation id="d4101e575" publication-type="other">
Putnam, F.W. (1989). Diagnosis and treatment of multiple personality disorder. New
York: Guilford Press.</mixed-citation>
         </ref>
         <ref id="d4101e585a1310">
            <mixed-citation id="d4101e591" publication-type="other">
Putnam, F.W., Guroff, J.J., Silberman, E.K., Barban, L., &amp; Post, R.M. (1986). The clinical
phenomenology of multiple personality disorder: Review of 100 recent cases. Jour-
nal of Clinical Psychiatry, 47, 285-293.</mixed-citation>
         </ref>
         <ref id="d4101e605a1310">
            <mixed-citation id="d4101e609" publication-type="other">
Roediger, H.L. (1990). Implicit memory: Retention without remembering. American Psy-
chologist, 45, 1043-1056.</mixed-citation>
         </ref>
         <ref id="d4101e619a1310">
            <mixed-citation id="d4101e623" publication-type="other">
Roediger, H.L., &amp; McDermott, K.B. (1993). Implicit memory in normal human subjects.
In F. Boiler &amp; J. Grafman (Eds.), Handbook of neuropsychology (Vol. 8, pp.
63-131). Amsterdam: Elsevier.</mixed-citation>
         </ref>
         <ref id="d4101e636a1310">
            <mixed-citation id="d4101e640" publication-type="other">
Ross, C.A., Heber, S., Norton, G.R., Anderson, D., Anderson, G., &amp; Barchet, P. (1989).
The Dissociative Disorders Interview Schedule: A structured interview. Dissocia-
tion, 2, 169-189.</mixed-citation>
         </ref>
         <ref id="d4101e653a1310">
            <mixed-citation id="d4101e657" publication-type="other">
Ross, C.A., Joshi, S., &amp; Currie, R. (1991). Dissociative experiences in the general popu-
lation: A factor analysis. Hospital and Community Psychiatry, 42, 297-301.</mixed-citation>
         </ref>
         <ref id="d4101e667a1310">
            <mixed-citation id="d4101e671" publication-type="other">
Schacter, D.L. (1992). Understanding implicit memory: A cognitive neuroscience ap-
proach. American Psychologist, 47, 559-569.</mixed-citation>
         </ref>
         <ref id="d4101e681a1310">
            <mixed-citation id="d4101e685" publication-type="other">
Schacter, D.L., &amp; Kihlstrom, J.F. (1989). Functional amnesia. In F. Boiler &amp; J. Grafman
(Eds.), Handbook of neuropsychology (Vol. 3, pp. 209-230). New York: Elsevier.</mixed-citation>
         </ref>
         <ref id="d4101e696a1310">
            <mixed-citation id="d4101e702" publication-type="other">
Silberman, E.K., Putnam, F.W., Weingartner, H., Braun, B.G., &amp; Post, R.M. (1985).
Dissociative states in multiple personality disorder: A quantitative study. Psychiatry
Research, 15, 253-260.</mixed-citation>
         </ref>
         <ref id="d4101e715a1310">
            <mixed-citation id="d4101e719" publication-type="other">
Snodgrass, J.G. (1989). Sources of learning in the picture fragment completion task. In S.
Lewandowsky, J.C. Dunn, &amp; K. Kirsner (Eds.), Implicit memory: Theoretical issues
(pp. 259-282). Hillsdale, NJ: Erlbaum.</mixed-citation>
         </ref>
         <ref id="d4101e732a1310">
            <mixed-citation id="d4101e736" publication-type="other">
Snodgrass, J.G., &amp; Corwin, J. (1988). Perceptual identification thresholds for 150 frag-
mented pictures from the Snodgrass and Vanderwart picture set. Perceptual and
Motor Skills, 67, 3-36.</mixed-citation>
         </ref>
         <ref id="d4101e749a1310">
            <mixed-citation id="d4101e753" publication-type="other">
Spanos, N.P. (1994). Multiple identity enactments and multiple personality disorder: A
sociocognitive perspective. Psychological Bulletin, 116, 143-165.</mixed-citation>
         </ref>
         <ref id="d4101e763a1310">
            <mixed-citation id="d4101e767" publication-type="other">
Steinberg, M. (1995). Handbook for the assessment of dissociation: A clinical guide.
Washington, DC: American Psychiatric Press.</mixed-citation>
         </ref>
         <ref id="d4101e777a1310">
            <mixed-citation id="d4101e781" publication-type="other">
Steinberg, M., Cicchetti, D., Buchanan, J., Hall, P., &amp; Rounsaville, B. (1993). Clinical
assessment of dissociative symptoms and disorders: The Structured Clinical Inter-
view for DSM-IV Dissociative Disorders (SCID-D). Dissociation, 6, 3-15.</mixed-citation>
         </ref>
      </ref-list>
   </back>
</article>
