<article xmlns:xsi="http://www.w3.org/2001/XMLSchema-instance"
         xmlns:xlink="http://www.w3.org/1999/xlink"
         xmlns:mml="http://www.w3.org/1998/Math/MathML"
         dtd-version="1.0"
         article-type="research-article">
   <front>
      <journal-meta>
         <journal-id journal-id-type="jstor">psychsci</journal-id>
         <journal-id journal-id-type="jstor">j50000277</journal-id>
         <journal-title-group>
            <journal-title>Psychological Science</journal-title>
         </journal-title-group>
         <publisher>
            <publisher-name>Cambridge University Press</publisher-name>
         </publisher>
         <issn pub-type="ppub">09567976</issn>
         <issn pub-type="epub">14679280</issn>
      </journal-meta>
      <article-meta>
         <article-id pub-id-type="jstor">40062943</article-id>
         <article-categories>
            <subj-group>
               <subject>Special Section: "PS" Celebrates the Centennial of Jean Piaget</subject>
            </subj-group>
         </article-categories>
         <title-group>
            <article-title>Piaget: A Centennial Celebration</article-title>
         </title-group>
         <contrib-group>
            <contrib>
               <string-name>
                  <given-names>C. J.</given-names>
                  <surname>Brainerd</surname>
               </string-name>
            </contrib>
         </contrib-group>
         <pub-date>
            <day>1</day>
            <month>7</month>
            <year>1996</year>
         </pub-date>
         <volume>7</volume>
         <issue>4</issue>
         <issue-id>i40002693</issue-id>
         <fpage>191</fpage>
         <lpage>195</lpage>
         <permissions>
            <copyright-statement>Copyright 1996 American Psychological Society</copyright-statement>
         </permissions>
         <self-uri xlink:href="http://www.jstor.org/stable/40062943"/>
         <custom-meta-group>
            <custom-meta>
               <meta-name>lang</meta-name>
               <meta-value>eng</meta-value>
            </custom-meta>
         </custom-meta-group>
      </article-meta>
   </front>
   <back>
      <ref-list>
         <title>References</title>
         <ref id="d23830e119a1310">
            <mixed-citation id="d23830e123" publication-type="other">
Bartlett, F.C. (1932). Remembering: A study in experimental and social psychol-
ogy. Cambridge, England: Cambridge University Press.</mixed-citation>
         </ref>
         <ref id="d23830e133a1310">
            <mixed-citation id="d23830e137" publication-type="other">
Brainerd, C.J. (1978). The stage question in cognitive-developmental theory. The
Behavioral and Brain Sciences, 1, 173-213.</mixed-citation>
         </ref>
         <ref id="d23830e147a1310">
            <mixed-citation id="d23830e151" publication-type="other">
Evans, R.L. (1973). Jean Piaget: The man and his ideas. New York: Dutton.</mixed-citation>
         </ref>
         <ref id="d23830e158a1310">
            <mixed-citation id="d23830e162" publication-type="other">
Piaget, J. (1952). Autobiography. In E.G. Boring, H. Werner, H.S. Langfeld, &amp;
R.M. Yerkes (Eds.), A history of psychology in autobiography (Vol. IV, pp.
237-256). Worcester, MA: Clark University Press.</mixed-citation>
         </ref>
         <ref id="d23830e176a1310">
            <mixed-citation id="d23830e180" publication-type="other">
Piaget, J., &amp; Inhelder, B. (1970). A conversation with Jean Piaget and Barbel
Inhelder. Psychology Today, 3(12), 25-32.</mixed-citation>
         </ref>
      </ref-list>
   </back>
</article>
