<article xmlns:xsi="http://www.w3.org/2001/XMLSchema-instance"
         xmlns:xlink="http://www.w3.org/1999/xlink"
         xmlns:mml="http://www.w3.org/1998/Math/MathML"
         dtd-version="1.0"
         article-type="research-article">
   <front>
      <journal-meta>
         <journal-id journal-id-type="jstor">psychsci</journal-id>
         <journal-id journal-id-type="jstor">j50000277</journal-id>
         <journal-title-group>
            <journal-title>Psychological Science</journal-title>
         </journal-title-group>
         <publisher>
            <publisher-name>Cambridge University Press</publisher-name>
         </publisher>
         <issn pub-type="ppub">09567976</issn>
         <issn pub-type="epub">14679280</issn>
      </journal-meta>
      <article-meta>
         <article-id pub-id-type="jstor">40063155</article-id>
         <article-categories>
            <subj-group>
               <subject>Research Articles</subject>
            </subj-group>
         </article-categories>
         <title-group>
            <article-title>Involuntary Listening Aids Hearing</article-title>
         </title-group>
         <contrib-group>
            <contrib>
               <string-name>
                  <given-names>Lawrence M.</given-names>
                  <surname>Ward</surname>
               </string-name>
            </contrib>
         </contrib-group>
         <pub-date>
            <day>1</day>
            <month>3</month>
            <year>1997</year>
         </pub-date>
         <volume>8</volume>
         <issue>2</issue>
         <issue-id>i40002706</issue-id>
         <fpage>112</fpage>
         <lpage>118</lpage>
         <permissions>
            <copyright-statement>Copyright 1997 American Psychological Society</copyright-statement>
         </permissions>
         <self-uri xlink:href="http://www.jstor.org/stable/40063155"/>
         <abstract>
            <p>In two experiments, I simultaneously measured response time, accuracy, and response bias in an auditory intensity discrimination task to look for evidence of stimulus-driven attention orienting in auditory frequency space. The results demonstrated that a cue tone caused an apparently involuntary orienting of attention to the cue's frequency region, allowing faster and more accurate processing of a subsequent target tone when it occurred at the same frequency as the cue than when it occurred at a different frequency. Relationships between response time, accuracy, and bias measures also allowed masking and other effects to be separated from attention-orienting effects in these experiments.</p>
         </abstract>
         <custom-meta-group>
            <custom-meta>
               <meta-name>lang</meta-name>
               <meta-value>eng</meta-value>
            </custom-meta>
         </custom-meta-group>
      </article-meta>
   </front>
   <back>
      <fn-group>
         <title>[Footnotes]</title>
         <fn id="d8118e150a1310">
            <label>1</label>
            <p>
               <mixed-citation id="d8118e157" publication-type="other">
Robinson and Dadson (1956)</mixed-citation>
            </p>
         </fn>
         <fn id="d8118e164a1310">
            <label>3</label>
            <p>
               <mixed-citation id="d8118e171" publication-type="other">
.Macmillan and Creelman (1991, pp. 271-274)</mixed-citation>
            </p>
         </fn>
      </fn-group>
      <ref-list>
         <title>References</title>
         <ref id="d8118e187a1310">
            <mixed-citation id="d8118e191" publication-type="other">
Braida, L.D., &amp; Durlach, N.I. (1988). Peripheral and central factors in intensity
perception. In G.M. Edelman, W.E. Gall, &amp; W.M. Cowan (Eds.), Auditory
function (pp. 559-583). New York: Wiley.</mixed-citation>
         </ref>
         <ref id="d8118e204a1310">
            <mixed-citation id="d8118e208" publication-type="other">
Bregman, A.S. (1990). Auditory scene analysis. Cambridge, MA: Bradford/MIT
Press.</mixed-citation>
         </ref>
         <ref id="d8118e218a1310">
            <mixed-citation id="d8118e222" publication-type="other">
Cowan, N. (1987). Auditory sensory storage in relation to the growth of sensation
and acoustic information extraction. Journal of Experimental Psychology:
Human Perception and Performance, 13, 204-215.</mixed-citation>
         </ref>
         <ref id="d8118e235a1310">
            <mixed-citation id="d8118e239" publication-type="other">
Dai, H., Scharf, B., &amp; Buus, S. (1991). Effective attenuation of signals in noise under
focused attention. Journal of the Acoustical Society of America, 89, 2837-2842.</mixed-citation>
         </ref>
         <ref id="d8118e250a1310">
            <mixed-citation id="d8118e254" publication-type="other">
Greenberg, G., &amp; Larkin, W. (1968). Frequency-response characteristic of auditory
observers detecting signals of a single frequency in noise: The probe-signal
method. Journal of the Acoustical Society of America, 44, 1513-1523.</mixed-citation>
         </ref>
         <ref id="d8118e267a1310">
            <mixed-citation id="d8118e271" publication-type="other">
Hafter, E.R., &amp; Schlauch, R.S. (1991). Cognitive factors and selection of auditory
listening bands. In A.L. Dancer, D. Henderson, R.J. Salvi, &amp; R.P. Hammernik
(Eds.), Noise induced hearing loss (pp. 303-310). Philadelphia: B.C. Decker.</mixed-citation>
         </ref>
         <ref id="d8118e284a1310">
            <mixed-citation id="d8118e288" publication-type="other">
Hill, N.I., Bailey, P.J., &amp; Hodgson, P. (1996). A probe signal study of auditory
discrimination. Unpublished manuscript, University of York, York, England.</mixed-citation>
         </ref>
         <ref id="d8118e298a1310">
            <mixed-citation id="d8118e302" publication-type="other">
Hubner, R., &amp; Hafter, E.R. (1995). Cuing mechanisms in auditory signal detection.
Perception &amp; Psychophysics, 57, 197-202.</mixed-citation>
         </ref>
         <ref id="d8118e312a1310">
            <mixed-citation id="d8118e316" publication-type="other">
Johnson, D.M., &amp; Hafter, E.R. (1980). Uncertain-frequency detection: Cueing and
condition of observation. Perception &amp; Psychophysics, 28, 143-149.</mixed-citation>
         </ref>
         <ref id="d8118e326a1310">
            <mixed-citation id="d8118e330" publication-type="other">
Leek, M.R. (1987). Directed attention in complex sound perception. In W.A. Yost &amp;
C.S. Watson (Eds.), Auditory processing of complex sounds (pp. 278-289).
Hillsdale, NJ: Erlbaum.</mixed-citation>
         </ref>
         <ref id="d8118e344a1310">
            <mixed-citation id="d8118e348" publication-type="other">
Leek, M.R., Brown, M.E., &amp; Dorman, M.F. (1991). Informational masking and
auditory attention. Perception &amp; Psychophysics, 50, 205-214.</mixed-citation>
         </ref>
         <ref id="d8118e358a1310">
            <mixed-citation id="d8118e362" publication-type="other">
Macmillan, N.A., &amp; Creelman, CD. (1991). Detection theory: A user's guide. New
York: Cambridge University Press.</mixed-citation>
         </ref>
         <ref id="d8118e372a1310">
            <mixed-citation id="d8118e376" publication-type="other">
McDonald, J.J., &amp; Ward, L.M. (1996). Stimulus-driven auditory spatial attention
mechanisms: Evidence from an implicit localization task. Unpublished manu-
script, University of British Columbia, Vancouver, Canada.</mixed-citation>
         </ref>
         <ref id="d8118e389a1310">
            <mixed-citation id="d8118e393" publication-type="other">
Mondor, T.A., &amp; Bregman, A.S. (1994). Allocating attention to frequency regions.
Perception &amp; Psychophysics, 56, 268-276.</mixed-citation>
         </ref>
         <ref id="d8118e403a1310">
            <mixed-citation id="d8118e407" publication-type="other">
Mondor, T.A., &amp; Zatorre, R.J. (1995). Shifting and focusing auditory spatial atten-
tion. Journal of Experimental Psychology: Human Perception and Perfor-
mance, 21, 387-409.</mixed-citation>
         </ref>
         <ref id="d8118e420a1310">
            <mixed-citation id="d8118e424" publication-type="other">
Mori, S., &amp; Ward, L.M. (1991). Listening versus hearing: Attentional effects on
intensity discrimination (Technical Report on Hearing No. H-91-36). Osaka,
Japan: Acoustical Society of Japan.</mixed-citation>
         </ref>
         <ref id="d8118e438a1310">
            <mixed-citation id="d8118e442" publication-type="other">
Mori, S., &amp; Ward, L.M. (1992). Listening versus hearing II: Attentional effects on
intensity discrimination by musicians (Technical Report on Hearing No. H-
92-48). Osaka, Japan: Acoustical Society of Japan.</mixed-citation>
         </ref>
         <ref id="d8118e455a1310">
            <mixed-citation id="d8118e459" publication-type="other">
Müller, H.J., &amp; Rabbitt, P.M.A. (1989). Reflexive and voluntary orienting of visual
attention: Time course of activation and resistance to interruption. Journal of
Experimental Psychology: Human Perception and Performance, 15, 315-330.</mixed-citation>
         </ref>
         <ref id="d8118e472a1310">
            <mixed-citation id="d8118e476" publication-type="other">
Posner, M.I. (1980). Orienting of attention. Quarterly Journal of Experimental
Psychology, 32, 3-25.</mixed-citation>
         </ref>
         <ref id="d8118e486a1310">
            <mixed-citation id="d8118e490" publication-type="other">
Posner, M.I., &amp; Petersen, S.E. (1990). The attention system of the human brain.
Annual Review of Neuroscience, 13, 25-42.</mixed-citation>
         </ref>
         <ref id="d8118e500a1310">
            <mixed-citation id="d8118e504" publication-type="other">
Robinson, D.W., &amp; Dadson, R.S. (1956). A redetermination of the equal-loudness
relations for pure tones. British Journal of Applied Physics, 7, 166-187.</mixed-citation>
         </ref>
         <ref id="d8118e514a1310">
            <mixed-citation id="d8118e518" publication-type="other">
Scharf, B. (1989). Spectral specificity in auditory detection: The effect of listening
on hearing. Journal of the Acoustical Society of Japan, 10, 309-317.</mixed-citation>
         </ref>
         <ref id="d8118e529a1310">
            <mixed-citation id="d8118e533" publication-type="other">
Scharf, B., Quigley, S., Aoki, C, Peachey, N., &amp; Reeves, A. (1987). Focused auditory
attention and frequency selectivity. Perception &amp; Psychophysics, 42, 215-223.</mixed-citation>
         </ref>
         <ref id="d8118e543a1310">
            <mixed-citation id="d8118e547" publication-type="other">
Schlauch, R.S., &amp; Hafter, E.R. (1991). Listening bandwidths and frequency uncer-
tainty in pure-tone signal detection. Journal of the Acoustical Society of
America, 90, 1332-1339.</mixed-citation>
         </ref>
         <ref id="d8118e560a1310">
            <mixed-citation id="d8118e566" publication-type="other">
Spence, C, &amp; Driver, J. (1994). Covert spatial orienting in audition: Exogenous
and endogenous mechanisms. Journal of Experimental Psychology: Human
Perception and Performance, 20, 555-574.</mixed-citation>
         </ref>
         <ref id="d8118e579a1310">
            <mixed-citation id="d8118e583" publication-type="other">
Ward, L.M. (1994). Supramodal and modality-specific mechanisms for stimulus-
driven shifts of auditory and visual attention. Canadian Journal of Experimen-
tal Psychology, 48, 242-259.</mixed-citation>
         </ref>
         <ref id="d8118e596a1310">
            <mixed-citation id="d8118e600" publication-type="other">
Ward, L.M., &amp; Mori, S. (1996). Attention cueing aids auditory intensity resolution.
Journal of the Acoustical Society of America, 100, 1722-1727.</mixed-citation>
         </ref>
         <ref id="d8118e610a1310">
            <mixed-citation id="d8118e614" publication-type="other">
Wright, R.D., &amp; Ward, L.M. (in press). The control of visual attention. In R.D.
Wright (Ed.), Visual attention. New York: Oxford University Press.</mixed-citation>
         </ref>
      </ref-list>
   </back>
</article>
