<article xmlns:xsi="http://www.w3.org/2001/XMLSchema-instance"
         xmlns:xlink="http://www.w3.org/1999/xlink"
         xmlns:mml="http://www.w3.org/1998/Math/MathML"
         dtd-version="1.0"
         article-type="research-article">
   <front>
      <journal-meta>
         <journal-id journal-id-type="jstor">psychsci</journal-id>
         <journal-id journal-id-type="jstor">j50000277</journal-id>
         <journal-title-group>
            <journal-title>Psychological Science</journal-title>
         </journal-title-group>
         <publisher>
            <publisher-name>Cambridge University Press</publisher-name>
         </publisher>
         <issn pub-type="ppub">09567976</issn>
         <issn pub-type="epub">14679280</issn>
      </journal-meta>
      <article-meta>
         <article-id pub-id-type="jstor">40063182</article-id>
         <article-categories>
            <subj-group>
               <subject>Research Articles</subject>
            </subj-group>
         </article-categories>
         <title-group>
            <article-title>Egocentric Action in Early Infancy: Spatial Frames of Reference for Saccades</article-title>
         </title-group>
         <contrib-group>
            <contrib>
               <string-name>
                  <given-names>Rick O.</given-names>
                  <surname>Gilmore</surname>
               </string-name>
            </contrib>
            <contrib>
               <string-name>
                  <given-names>Mark H.</given-names>
                  <surname>Johnson</surname>
               </string-name>
            </contrib>
         </contrib-group>
         <pub-date>
            <day>1</day>
            <month>5</month>
            <year>1997</year>
         </pub-date>
         <volume>8</volume>
         <issue>3</issue>
         <issue-id>i40002707</issue-id>
         <fpage>224</fpage>
         <lpage>230</lpage>
         <permissions>
            <copyright-statement>Copyright 1997 American Psychological Society</copyright-statement>
         </permissions>
         <self-uri xlink:href="http://www.jstor.org/stable/40063182"/>
         <abstract>
            <p>The extent to which infants combine visual (i.e., retinal position) and nonvisual (eye or head position) spatial information in planning saccades relates to the issue of what spatial frame or frames of reference influence early visually guided action. We explored this question by testing infants from 4 to 6 months of age on the doublestep saccade paradigm, which has shown that adults combine visual and eye position information into an egocentric (head- or trunkcentered) representation of saccade target locations. In contrast, our results imply that infants depend on a simple retinocentric representation at age 4 months, but by 6 months use egocentric representations more often to control saccade planning. Shifts in the representation of visual space for this simple sensorimotor behavior may index maturation in cortical circuitry devoted to visual spatial processing in general.</p>
         </abstract>
         <custom-meta-group>
            <custom-meta>
               <meta-name>lang</meta-name>
               <meta-value>eng</meta-value>
            </custom-meta>
         </custom-meta-group>
      </article-meta>
   </front>
   <back>
      <ref-list>
         <title>References</title>
         <ref id="d22707e153a1310">
            <mixed-citation id="d22707e157" publication-type="other">
Abrams, R.A., &amp; Dobkin, R.S. (1994). Inhibition of return: Effects of attentional cueing
on eye movement latencies. Journal of Experimental Psychology: Human Percep-
tion and Performance, 20, 467-477.</mixed-citation>
         </ref>
         <ref id="d22707e170a1310">
            <mixed-citation id="d22707e174" publication-type="other">
Acredolo, L. (1990). Behavioral approaches to spatial orientation in infancy. Annals of the
New York Academy of Sciences, 608, 596-612.</mixed-citation>
         </ref>
         <ref id="d22707e184a1310">
            <mixed-citation id="d22707e188" publication-type="other">
Andersen, R.A., Snyder, L.H., Li, C.S., &amp; Stricanne, B. (1993). Coordinate transforma-
tions in the representation of spatial information. Current Opinion in Neurobiology,
3, 171-176.</mixed-citation>
         </ref>
         <ref id="d22707e201a1310">
            <mixed-citation id="d22707e205" publication-type="other">
Atkinson, J. (1984). Human visual development over the first six months of life: A review
and a hypothesis. Human Neurobiology, 3, 61-74.</mixed-citation>
         </ref>
         <ref id="d22707e216a1310">
            <mixed-citation id="d22707e220" publication-type="other">
Becker, W., &amp; Jürgens, R. (1979). An analysis of the saccadic system by means of double
step stimuli. Vision Research, 19, 967-983.</mixed-citation>
         </ref>
         <ref id="d22707e230a1310">
            <mixed-citation id="d22707e234" publication-type="other">
Behrmann, M., &amp; Tipper, S.P. (1994). Object-based attentional mechanisms: Evidence
from patients with unilateral neglect. In C. Umilta &amp; M. Moscovitch (Eds.), Atten-
tion and performance XV: Conscious and nonconscious information processing
(pp. 351-375). Cambridge, MA: MIT Press.</mixed-citation>
         </ref>
         <ref id="d22707e250a1310">
            <mixed-citation id="d22707e254" publication-type="other">
Braddick, O.J., Atkinson, J., Hood, B., Harkness, W., Jackson, G., &amp; Vargha-Khadem, F.
(1992). Possible blindsight in infants lacking one cerebral hemisphere. Nature, 360,
461-463.</mixed-citation>
         </ref>
         <ref id="d22707e267a1310">
            <mixed-citation id="d22707e271" publication-type="other">
Bremner, J.G. (1978). Egocentric versus allocentric spatial coding in nine-month-old
infants: Factors influencing the choice of code. Developmental Psychology, 14,
346-355.</mixed-citation>
         </ref>
         <ref id="d22707e284a1310">
            <mixed-citation id="d22707e288" publication-type="other">
Bronson, G.W. (1974). The postnatal growth of visual capacity. Child Development, 45,
873-890.</mixed-citation>
         </ref>
         <ref id="d22707e298a1310">
            <mixed-citation id="d22707e302" publication-type="other">
Chugani, H.J., &amp; Phelps, M.E. (1986). Maturational changes in cerebral function in infants
determined by [18] FDG positron emission tomography. Science, 231, 840-843.</mixed-citation>
         </ref>
         <ref id="d22707e313a1310">
            <mixed-citation id="d22707e317" publication-type="other">
Clifton, R.K., Muir, D.W., Ashmead, D.H., &amp; Clarkson, M.G. (1993). Is visually guided
reaching in early infancy a myth? Child Development, 61(1), 1098-1110.</mixed-citation>
         </ref>
         <ref id="d22707e327a1310">
            <mixed-citation id="d22707e331" publication-type="other">
Dassonville, P., Schlag, J., &amp; Schlag-Rey, M. (1993). Direction constancy in the oculo-
motor system. Current Directions in Psychological Science, 2, 143-147.</mixed-citation>
         </ref>
         <ref id="d22707e341a1310">
            <mixed-citation id="d22707e345" publication-type="other">
Duhamel, J.R., Colby, C.L., &amp; Goldberg, M.E. (1993). The updating of the representation
of visual space in parietal cortex by intended eye movements. Science, 255, 90-92.</mixed-citation>
         </ref>
         <ref id="d22707e355a1310">
            <mixed-citation id="d22707e359" publication-type="other">
Graziano, M.S.A., Yap, G.S., &amp; Gross, C.G. (1994). Coding of visual space by premotor
neurons. Science, 266, 1054-1057.</mixed-citation>
         </ref>
         <ref id="d22707e369a1310">
            <mixed-citation id="d22707e373" publication-type="other">
Groll, S.L., &amp; Ross, L.E. (1982). Saccadic eye movements of children and adults to
double-step stimuli. Developmental Psychology, 18, 108-123.</mixed-citation>
         </ref>
         <ref id="d22707e383a1310">
            <mixed-citation id="d22707e387" publication-type="other">
Hallett, P.E., &amp; Lightstone, A.D. (1976). Saccadic eye movements towards stimuli trig-
gered by prior saccades. Vision Research, 16, 99-106.</mixed-citation>
         </ref>
         <ref id="d22707e398a1310">
            <mixed-citation id="d22707e402" publication-type="other">
Johnson, M.H. (1990). Cortical maturation and the development of visual attention in
early infancy. Journal of Cognitive Neuroscience, 2(2), 81-95.</mixed-citation>
         </ref>
         <ref id="d22707e412a1310">
            <mixed-citation id="d22707e416" publication-type="other">
Johnson, M.H., Gilmore, R.O., Tucker, L.A., &amp; Minister, S.L. (1996). Cortical develop-
ment and saccadic control: Vector summation in young infants. Brain &amp; Cognition,
32, 237-243.</mixed-citation>
         </ref>
         <ref id="d22707e429a1310">
            <mixed-citation id="d22707e433" publication-type="other">
Muir, D.W., Clifton, R.K., &amp; Clarkson, M.G. (1989). The development of a human
auditory localization response: A U-shaped function. Canadian Journal of Psychol-
ogy, 43, 199-216.</mixed-citation>
         </ref>
         <ref id="d22707e446a1310">
            <mixed-citation id="d22707e450" publication-type="other">
Olson, C.R., &amp; Gettner, S.N. (1995). Object-centered direction selectivity in the macaque
supplementary eye field. Science, 269, 985-988.</mixed-citation>
         </ref>
         <ref id="d22707e460a1310">
            <mixed-citation id="d22707e464" publication-type="other">
Posner, M.I., &amp; Cohen, Y. (1984). Components of visual orienting. In H. Bouma &amp; D.G.
Bouwhuis (Eds.), Attention and performance (Vol. X, pp. 531-556). Hillsdale, NJ:
Erlbaum.</mixed-citation>
         </ref>
         <ref id="d22707e477a1310">
            <mixed-citation id="d22707e481" publication-type="other">
Schlag-Rey, M., Schlag, J., &amp; Shook, B. (1989). Interactions between natural and elec-
trically evoked saccades: I. Differences between sites carrying retinal error and
motor command signals in monkey superior colliculus. Experimental Brain Re-
search, 76, 537-547.</mixed-citation>
         </ref>
         <ref id="d22707e498a1310">
            <mixed-citation id="d22707e502" publication-type="other">
Slater, A., Morison, V., &amp; Somers, M. (1988). Orientation discrimination and cortical
function in the human newborn. Perception, 17, 597-602.</mixed-citation>
         </ref>
         <ref id="d22707e512a1310">
            <mixed-citation id="d22707e516" publication-type="other">
Stein, J.F. (1992). The representation of egocentric space in the posterior parietal cortex.
Behavioral and Brain Sciences, 15, 691-700.</mixed-citation>
         </ref>
         <ref id="d22707e526a1310">
            <mixed-citation id="d22707e530" publication-type="other">
Tipper, S.P., Driver, J., &amp; Weaver, J. (1991). Object-centered inhibition of return in visual
attention. Quarterly Journal of Experimental Psychology, 43A(2), 289-298.</mixed-citation>
         </ref>
         <ref id="d22707e540a1310">
            <mixed-citation id="d22707e544" publication-type="other">
von Hofsten, C. (1980). Predictive reaching for moving objects by human infants. Journal
of Experimental Child Psychology, 30, 369-382.</mixed-citation>
         </ref>
         <ref id="d22707e554a1310">
            <mixed-citation id="d22707e558" publication-type="other">
Zipser, D., &amp; Andersen, R.A. (1988). A back-propagation programmed network that
simulates response properties of a subset of posterior parietal neurons. Nature, 331,
679-684.</mixed-citation>
         </ref>
      </ref-list>
   </back>
</article>
