<article xmlns:xsi="http://www.w3.org/2001/XMLSchema-instance"
         xmlns:xlink="http://www.w3.org/1999/xlink"
         xmlns:mml="http://www.w3.org/1998/Math/MathML"
         dtd-version="1.0"
         article-type="research-article">
   <front>
      <journal-meta>
         <journal-id journal-id-type="jstor">psychsci</journal-id>
         <journal-id journal-id-type="jstor">j50000277</journal-id>
         <journal-title-group>
            <journal-title>Psychological Science</journal-title>
         </journal-title-group>
         <publisher>
            <publisher-name>Cambridge University Press</publisher-name>
         </publisher>
         <issn pub-type="ppub">09567976</issn>
         <issn pub-type="epub">14679280</issn>
      </journal-meta>
      <article-meta>
         <article-id pub-id-type="jstor">40063084</article-id>
         <article-categories>
            <subj-group>
               <subject>Special Section: Ethics in Research</subject>
               <subj-group>
                  <subject>Ethics in Research Commentaries</subject>
               </subj-group>
            </subj-group>
         </article-categories>
         <title-group>
            <article-title>Scientific or Ethical Quality?</article-title>
         </title-group>
         <contrib-group>
            <contrib>
               <string-name>
                  <given-names>Stanley</given-names>
                  <surname>Parkinson</surname>
               </string-name>
            </contrib>
         </contrib-group>
         <pub-date>
            <day>1</day>
            <month>5</month>
            <year>1994</year>
         </pub-date>
         <volume>5</volume>
         <issue>3</issue>
         <issue-id>i40002702</issue-id>
         <fpage>137</fpage>
         <lpage>138</lpage>
         <permissions>
            <copyright-statement>Copyright 1994 American Psychological Society</copyright-statement>
         </permissions>
         <self-uri xlink:href="http://www.jstor.org/stable/40063084"/>
         <custom-meta-group>
            <custom-meta>
               <meta-name>lang</meta-name>
               <meta-value>eng</meta-value>
            </custom-meta>
         </custom-meta-group>
      </article-meta>
   </front>
   <back>
      <ref-list>
         <title>References</title>
         <ref id="d25685e123a1310">
            <mixed-citation id="d25685e127" publication-type="other">
Campbell, D.T., &amp; Stanley, J.C. (1963). Experimental and quasi-experimental
designs for research. Chicago: Rand McNally.</mixed-citation>
         </ref>
         <ref id="d25685e137a1310">
            <mixed-citation id="d25685e141" publication-type="other">
Levine, G., &amp; Parkinson, S. (1994). Experimental methods in psychology. Hills-
dale, NJ: Erlbaum.</mixed-citation>
         </ref>
         <ref id="d25685e151a1310">
            <mixed-citation id="d25685e155" publication-type="other">
Rosenthal, R., &amp; Rosnow, R.L. (1991). Essentials of behavioral research: Meth-
ods and data analysis (2nd ed.). New York: McGraw-Hill.</mixed-citation>
         </ref>
      </ref-list>
   </back>
</article>
