<article xmlns:xsi="http://www.w3.org/2001/XMLSchema-instance"
         xmlns:xlink="http://www.w3.org/1999/xlink"
         xmlns:mml="http://www.w3.org/1998/Math/MathML"
         dtd-version="1.0"
         article-type="research-article">
   <front>
      <journal-meta>
         <journal-id journal-id-type="jstor">psychsci</journal-id>
         <journal-id journal-id-type="jstor">j50000277</journal-id>
         <journal-title-group>
            <journal-title>Psychological Science</journal-title>
         </journal-title-group>
         <publisher>
            <publisher-name>Blackwell Publishing</publisher-name>
         </publisher>
         <issn pub-type="ppub">09567976</issn>
         <issn pub-type="epub">14679280</issn>
      </journal-meta>
      <article-meta>
         <article-id pub-id-type="jstor">40063336</article-id>
         <article-categories>
            <subj-group>
               <subject>Research Articles</subject>
            </subj-group>
         </article-categories>
         <title-group>
            <article-title>The Face of Time: Temporal Cues in Facial Expressions of Emotion</article-title>
         </title-group>
         <contrib-group>
            <contrib>
               <string-name>
                  <given-names>Kari</given-names>
                  <surname>Edwards</surname>
               </string-name>
            </contrib>
         </contrib-group>
         <pub-date>
            <day>1</day>
            <month>7</month>
            <year>1998</year>
         </pub-date>
         <volume>9</volume>
         <issue>4</issue>
         <issue-id>i40002718</issue-id>
         <fpage>270</fpage>
         <lpage>276</lpage>
         <permissions>
            <copyright-statement>Copyright 1998 American Psychological Society</copyright-statement>
         </permissions>
         <self-uri xlink:href="http://www.jstor.org/stable/40063336"/>
         <abstract>
            <p>Results of studies reported here indicate that humans are attuned to temporal cues in facial expressions of emotion. The experimental task required subjects to reproduce the actual progression of a target person's spontaneous expression (i.e., onset to offset) from a scrambled set of photographs. Each photograph depicted a segment of the expression that corresponded to approximately 67 ms in real time. Results of two experiments indicated that (a) individuals could detect extremely subtle dynamic cues in a facial expression and could utilize these cues to reproduce the proper temporal progression of the display at above-chance levels of accuracy; (b) women performed significantly better than men on the task designed to assess this ability; (c) individuals were most sensitive to the temporal characteristics of the early stages of an expression; and (d) accuracy was inversely related to the amount of time allotted for the task. The latter finding may reflect the relative involvement of (error-prone) cognitively mediated or strategic processes in what is normally a relatively automatic, nonconscious process.</p>
         </abstract>
         <custom-meta-group>
            <custom-meta>
               <meta-name>lang</meta-name>
               <meta-value>eng</meta-value>
            </custom-meta>
         </custom-meta-group>
      </article-meta>
   </front>
   <back>
      <fn-group>
         <title>[Footnotes]</title>
         <fn id="d22697e132a1310">
            <label>3</label>
            <p>
               <mixed-citation id="d22697e139" publication-type="other">
(Ekman et al., 1982).</mixed-citation>
            </p>
         </fn>
      </fn-group>
      <ref-list>
         <title>References</title>
         <ref id="d22697e155a1310">
            <mixed-citation id="d22697e159" publication-type="other">
Ambady, N., &amp; Rosenthal, R. (1993). Half a minute: Predicting teacher evaluations from
thin slices of nonverbal behavior and physical attractiveness. Journal of Personality
and Social Psychology, 64, 431-441.</mixed-citation>
         </ref>
         <ref id="d22697e172a1310">
            <mixed-citation id="d22697e176" publication-type="other">
Babchuk, W.A., Hames, R.B., &amp; Thompson, RA. (1985). Sex differences in the recogni-
tion of infant facial expressions of emotion: The primary caretaker hypothesis. Eth-
nology and Sociobiology, 6, 89-101.</mixed-citation>
         </ref>
         <ref id="d22697e189a1310">
            <mixed-citation id="d22697e193" publication-type="other">
Bassili, J.N. (1978). Facial motion in the perception of faces and of emotional expression.
Journal of Experimental Psychology: Human Perception and Performance, 4, 373-
379.</mixed-citation>
         </ref>
         <ref id="d22697e206a1310">
            <mixed-citation id="d22697e210" publication-type="other">
Bassili, J.N. (1979). Emotion recognition: The role of facial movement and the relative
importance of upper and lower areas of the face. Journal of Personality and Social
Psychology, 37, 2049-2058.</mixed-citation>
         </ref>
         <ref id="d22697e224a1310">
            <mixed-citation id="d22697e228" publication-type="other">
Buck, R. (1985). Prime theory: An integrated view of motivation and emotion. Psychologi-
cal Review, 92, 389-413.</mixed-citation>
         </ref>
         <ref id="d22697e238a1310">
            <mixed-citation id="d22697e242" publication-type="other">
Buck, R. (1991). Motivation, emotion, and cognition: A developmental-interactionist view.
In K.T. Strongman (Ed.), International review of studies of emotion (Vol. 1, pp. 101-
142). Chichester, England: Wiley.</mixed-citation>
         </ref>
         <ref id="d22697e255a1310">
            <mixed-citation id="d22697e259" publication-type="other">
Buck, R. (1994). Social and emotional functions in facial expression and communication:
The readout hypothesis. Biological Psychology, 38, 95-115.</mixed-citation>
         </ref>
         <ref id="d22697e269a1310">
            <mixed-citation id="d22697e273" publication-type="other">
Buck, R., Baron, R., &amp; Barrette, D. (1982). Temporal organization of spontaneous emo-
tional expression: A segmentation analysis. Journal of Personality and Social Psy-
chology, 42 , 506-517.</mixed-citation>
         </ref>
         <ref id="d22697e286a1310">
            <mixed-citation id="d22697e290" publication-type="other">
Buck, R., Baron, R., Goodman, N., &amp; Shapiro, N. (1980). Unitization of spontaneous non-
verbal behavior in the study of emotion communication. Journal of Personality and
Social Psychology, 39, 522-529.</mixed-citation>
         </ref>
         <ref id="d22697e303a1310">
            <mixed-citation id="d22697e307" publication-type="other">
Cohen, J. (1988). Statistical power analysis for the behavioral sciences (2nd ed.).
Hillsdale, NJ: Erlbaum.</mixed-citation>
         </ref>
         <ref id="d22697e318a1310">
            <mixed-citation id="d22697e322" publication-type="other">
Cohen, J. (1992). A power primer. Psychological Bulletin, 112, 155-159.</mixed-citation>
         </ref>
         <ref id="d22697e329a1310">
            <mixed-citation id="d22697e333" publication-type="other">
Darwin, C. (1955). The expression of the emotions in man and animals. New York: Philo-
sophical Library. (Original work published 1872)</mixed-citation>
         </ref>
         <ref id="d22697e343a1310">
            <mixed-citation id="d22697e347" publication-type="other">
Ekman, P. (1984). Expression and the nature of emotion. In K.R. Scherer &amp; P. Ekman
(Eds.), Approaches to emotion (pp. 319-343). Hillsdale, NJ: Erlbaum.</mixed-citation>
         </ref>
         <ref id="d22697e357a1310">
            <mixed-citation id="d22697e361" publication-type="other">
Ekman, P., &amp; Friesen, W.V. (1971). Constants across cultures in the face and emotion.
Journal of Personality and Social Psychology, 17, 124-129.</mixed-citation>
         </ref>
         <ref id="d22697e371a1310">
            <mixed-citation id="d22697e375" publication-type="other">
Ekman, P., Fnesen, W.V., &amp; Ellsworth, P. (1982). Methodological decisions. In P, Ekman
(Ed.), Emotion in the human face (2nd ed., pp. 22-38). Cambridge, England:
Cambridge University Press.</mixed-citation>
         </ref>
         <ref id="d22697e388a1310">
            <mixed-citation id="d22697e392" publication-type="other">
Esteves, F, &amp; Ohman, A. (1993). Masking the face: Recognition of emotional facial
expressions as a function of the parameters of backward masking. Scandinavian
Journal of Psychology, 34, 1-18.</mixed-citation>
         </ref>
         <ref id="d22697e406a1310">
            <mixed-citation id="d22697e410" publication-type="other">
Fisher, R.A. (1949). The design of experiments. Edinborough, Scotland: Oliver and Boyd.</mixed-citation>
         </ref>
         <ref id="d22697e417a1310">
            <mixed-citation id="d22697e421" publication-type="other">
Fridlund, A.J. (1992). Darwin's anti-Darwinism in The Expression of Emotions in Man and
Animals. In K.T. Strongman (Ed.), International review of studies of emotion (Vol. 2,
pp. 117-138). Chichester, England: Wiley.</mixed-citation>
         </ref>
         <ref id="d22697e434a1310">
            <mixed-citation id="d22697e438" publication-type="other">
Gibson, J.J. (1979). An ecological approach to visual perception. Boston: Houghton-
Mifflin.</mixed-citation>
         </ref>
         <ref id="d22697e448a1310">
            <mixed-citation id="d22697e452" publication-type="other">
Hall, J.A. (1978). Gender effects in decoding nonverbal cues. Psychological Bulletin, 85,
845-857.</mixed-citation>
         </ref>
         <ref id="d22697e462a1310">
            <mixed-citation id="d22697e466" publication-type="other">
Hall, J.A. (1984). Nonverbal sex differences. Baltimore: Johns Hopkins University Press.</mixed-citation>
         </ref>
         <ref id="d22697e473a1310">
            <mixed-citation id="d22697e477" publication-type="other">
Hess, U., &amp; Kleck, R.E. (1994). The cues decoders use in attempting to differentiate emo-
tion-elicited and posed facial expressions. European Journal of Social Psychology,
24,367-381.</mixed-citation>
         </ref>
         <ref id="d22697e491a1310">
            <mixed-citation id="d22697e495" publication-type="other">
Izard, C.E. (1984). Innate and universal facial expressions: Evidence from developmental
and cross-cultural research. Psychological Bulletin, 115, 288-299.</mixed-citation>
         </ref>
         <ref id="d22697e505a1310">
            <mixed-citation id="d22697e509" publication-type="other">
Kirouac, G., &amp; Doré\ F.Y. (1983). Accuracy and latency of judgment of facial expressions
of emotions. Perceptual and Motor Skills, 57, 683-686.</mixed-citation>
         </ref>
         <ref id="d22697e519a1310">
            <mixed-citation id="d22697e523" publication-type="other">
Kirouac, G., &amp; Doré", F.Y. (1984). Judgment of facial expressions of emotion as a function
of exposure time. Perceptual and Motor Skills, 59, 147-150.</mixed-citation>
         </ref>
         <ref id="d22697e533a1310">
            <mixed-citation id="d22697e537" publication-type="other">
MacArthur, L.A., &amp; Baron, R.M. (1983). Toward an ecological theory of social perception.
Psychological Review, 90, 215-238.</mixed-citation>
         </ref>
         <ref id="d22697e547a1310">
            <mixed-citation id="d22697e551" publication-type="other">
Me Andrew, FT. (1986). A cross-cultural study of recognition thresholds for facial expres-
sions of emotion. Journal of Cross-Cultural Psychology, 77, 211-224.</mixed-citation>
         </ref>
         <ref id="d22697e561a1310">
            <mixed-citation id="d22697e565" publication-type="other">
McNemar, Q. (1962). Psychological statistics (3rd ed.). New York: Wiley.</mixed-citation>
         </ref>
         <ref id="d22697e573a1310">
            <mixed-citation id="d22697e577" publication-type="other">
Rosenthal, R., Hall, J.A., DiMatteo, M.R., Rogers, PL., &amp; Archer, D. (1979). Sensitivity to
nonverbal communication: The PONS test. Baltimore: Johns Hopkins University
Press.</mixed-citation>
         </ref>
         <ref id="d22697e590a1310">
            <mixed-citation id="d22697e594" publication-type="other">
Tomkins, S. (1962). Affect, imagery, and consciousness: Vol. 1. The positive affects. New
York: Springer.</mixed-citation>
         </ref>
         <ref id="d22697e604a1310">
            <mixed-citation id="d22697e608" publication-type="other">
Tomkins, S. (1963). Affect, imagery, and consciousness: Vol. 2. The negative affects. New
York: Springer.</mixed-citation>
         </ref>
         <ref id="d22697e618a1310">
            <mixed-citation id="d22697e622" publication-type="other">
Wilson, T.D., Kraft, D., &amp; Dunn, D.S. (1989). The disruptive effects of explaining atti-
tudes: The moderating effect of knowledge about the attitude object. Journal of
Experimental Social Psychology, 25, 379-400.</mixed-citation>
         </ref>
         <ref id="d22697e635a1310">
            <mixed-citation id="d22697e639" publication-type="other">
Wilson, T.D., &amp; Schooler, J.W. (1991). Thinking too much: Introspection can reduce the
quality of preferences and decisions. Journal of Personality and Social Psychology,
60, 181-192.</mixed-citation>
         </ref>
         <ref id="d22697e652a1310">
            <mixed-citation id="d22697e656" publication-type="other">
Zuckerman, M., Hall, J.A., DeFrank, R.S., &amp; Rosenthal, R. (1976). Encoding and decod-
ing of spontaneous and posed facial expressions. Journal of Personality and Social
Psychology, 34, 966-977.</mixed-citation>
         </ref>
      </ref-list>
   </back>
</article>
