<article xmlns:xsi="http://www.w3.org/2001/XMLSchema-instance"
         xmlns:xlink="http://www.w3.org/1999/xlink"
         xmlns:mml="http://www.w3.org/1998/Math/MathML"
         dtd-version="1.0"
         article-type="research-article">
   <front>
      <journal-meta>
         <journal-id journal-id-type="jstor">psychsci</journal-id>
         <journal-id journal-id-type="jstor">j50000277</journal-id>
         <journal-title-group>
            <journal-title>Psychological Science</journal-title>
         </journal-title-group>
         <publisher>
            <publisher-name>Cambridge University Press</publisher-name>
         </publisher>
         <issn pub-type="ppub">09567976</issn>
         <issn pub-type="epub">14679280</issn>
      </journal-meta>
      <article-meta>
         <article-id pub-id-type="jstor">40063088</article-id>
         <article-categories>
            <subj-group>
               <subject>Research Articles</subject>
            </subj-group>
         </article-categories>
         <title-group>
            <article-title>Structural Alignment in Comparison: No Difference without Similarity</article-title>
         </title-group>
         <contrib-group>
            <contrib>
               <string-name>
                  <given-names>Dedre</given-names>
                  <surname>Gentner</surname>
               </string-name>
            </contrib>
            <contrib>
               <string-name>
                  <given-names>Arthur B.</given-names>
                  <surname>Markman</surname>
               </string-name>
            </contrib>
         </contrib-group>
         <pub-date>
            <day>1</day>
            <month>5</month>
            <year>1994</year>
         </pub-date>
         <volume>5</volume>
         <issue>3</issue>
         <issue-id>i40002702</issue-id>
         <fpage>152</fpage>
         <lpage>158</lpage>
         <permissions>
            <copyright-statement>Copyright 1994 American Psychological Society</copyright-statement>
         </permissions>
         <self-uri xlink:href="http://www.jstor.org/stable/40063088"/>
         <abstract>
            <p>Theories of similarity generally agree that the similarity of a pair increases with its commonalities and decreases with its differences. Recent research suggests that this comparison process involves an alignment of structured representations yielding commonalities, differences related to the commonalities, and differences unrelated to the commonalities. One counterintuitive prediction of this view is that it should be easier to find the differences between pairs of similar items than to find the differences between pairs of dissimilar items. This prediction is particularly strong for differences that are related to the commonalities. We tested this prediction in two experiments in which subjects listed a single difference for each of a number of word pairs. The results are consistent with the predictions of structural alignment. In light of these findings, we discuss the potential role of structural alignment in other cognitive processes that involve comparisons.</p>
         </abstract>
         <custom-meta-group>
            <custom-meta>
               <meta-name>lang</meta-name>
               <meta-value>eng</meta-value>
            </custom-meta>
         </custom-meta-group>
      </article-meta>
   </front>
   <back>
      <fn-group>
         <title>[Footnotes]</title>
         <fn id="d25769e153a1310">
            <label>1</label>
            <p>
               <mixed-citation id="d25769e160" publication-type="other">
Tversky's (1977)</mixed-citation>
            </p>
         </fn>
      </fn-group>
      <ref-list>
         <title>References</title>
         <ref id="d25769e176a1310">
            <mixed-citation id="d25769e180" publication-type="other">
Falkenhainer, B., Forbus, K.D., &amp; Gentner, D. (1989). The structure-mapping
engine: Algorithm and examples. Artificial Intelligence, 41, 1-63.</mixed-citation>
         </ref>
         <ref id="d25769e190a1310">
            <mixed-citation id="d25769e194" publication-type="other">
Forbus, K.D., &amp; Gentner, D. (1989). Structural evaluation of analogies: What
counts? In Proceedings of the Eleventh Annual Conference of the Cognitive
Science Society (pp. 314-348). Hillsdale, NJ: Erlbaum.</mixed-citation>
         </ref>
         <ref id="d25769e207a1310">
            <mixed-citation id="d25769e211" publication-type="other">
Gentner, D. (1983). Structure-mapping: A theoretical framework for analogy.
Cognitive Science, 7, 155-170.</mixed-citation>
         </ref>
         <ref id="d25769e221a1310">
            <mixed-citation id="d25769e225" publication-type="other">
Gentner, D. (1989). The mechanisms of analogical learning. In S. Vosniadou &amp; A.
Ortony (Eds.), Similarity and analogical reasoning (pp. 199-241). London:
Cambridge University Press.</mixed-citation>
         </ref>
         <ref id="d25769e239a1310">
            <mixed-citation id="d25769e243" publication-type="other">
Gentner, D., &amp; Landers, R. (1985). Analogical reminding: A good match is hard
to find. In The Proceedings of the International Conference on Systems,
Man, and Cybernetics (pp. 607-613). New York: IEEE.</mixed-citation>
         </ref>
         <ref id="d25769e256a1310">
            <mixed-citation id="d25769e260" publication-type="other">
Gentner, D., &amp; Markman, A.B. (in press). Similarity is like analogy. In C. Cac-
ciari (Ed.), Proceedings of the Workshops of the University of San Marino.
Milan, Italy: Bompiani.</mixed-citation>
         </ref>
         <ref id="d25769e273a1310">
            <mixed-citation id="d25769e277" publication-type="other">
Gentner, D., Rattermann, M.J., &amp; Forbus, K.D. (1993). The roles of similarity in
transfer: Separating retrievability from inferential soundness. Cognitive
Psychology, 25, 524-575.</mixed-citation>
         </ref>
         <ref id="d25769e290a1310">
            <mixed-citation id="d25769e294" publication-type="other">
Goldstone, R.L., &amp; Medin, D.L. (in press). Similarity, interactive-activation and
mapping. In K.J. Holyoak &amp; J.A. Barnden (Eds.), Advances in connection-
ist and neural computation theory: Vol. 2. Connectionist approaches to
analogy, metaphor, and case-based reasoning. Norwood, NJ: Ablex.</mixed-citation>
         </ref>
         <ref id="d25769e310a1310">
            <mixed-citation id="d25769e314" publication-type="other">
Goldstone, R.L., Medin, D.L., &amp; Gentner, D. (1991). Relational similarity and the
non-independence of features in similarity judgments. Cognitive Psychol-
ogy, 23, 222-262.</mixed-citation>
         </ref>
         <ref id="d25769e327a1310">
            <mixed-citation id="d25769e331" publication-type="other">
Holyoak, K.J., &amp; Thagard, P. (1989). Analogical mapping by constraint satisfac-
tion. Cognitive Science, 13, 295-355.</mixed-citation>
         </ref>
         <ref id="d25769e342a1310">
            <mixed-citation id="d25769e346" publication-type="other">
Kahneman, D., &amp; Miller, D.T. (1986). Norm theory: Comparing reality to its
alternatives. Psychological Review, 93, 136-153.</mixed-citation>
         </ref>
         <ref id="d25769e356a1310">
            <mixed-citation id="d25769e360" publication-type="other">
Karmiloff-Smith, A. (1990). Constraints on representational change: Evidence
from children's drawing. Cognition, 34, 57-83.</mixed-citation>
         </ref>
         <ref id="d25769e370a1310">
            <mixed-citation id="d25769e374" publication-type="other">
Keane, M.T. (1988). Analogical mechanisms. Artificial Intelligence Review, 2,
229-250.</mixed-citation>
         </ref>
         <ref id="d25769e384a1310">
            <mixed-citation id="d25769e388" publication-type="other">
Krumhansl, C.L. (1978). Concerning the applicability of geometric models to
similarity data: The interrelationship between similarity and spatial density.
Psychological Review, 85, 445-463.</mixed-citation>
         </ref>
         <ref id="d25769e401a1310">
            <mixed-citation id="d25769e405" publication-type="other">
Markman, A.B., &amp; Gentner, D. (1993a). Splitting the differences: A structural
alignment view of similarity. Journal of Memory and Language, 32, 517-
535.</mixed-citation>
         </ref>
         <ref id="d25769e418a1310">
            <mixed-citation id="d25769e422" publication-type="other">
Markman, A.B., &amp; Gentner, D. (1993b). Structural alignment during similarity
comparisons. Cognitive Psychology, 25, 431-467.</mixed-citation>
         </ref>
         <ref id="d25769e433a1310">
            <mixed-citation id="d25769e437" publication-type="other">
Medin, D.L., Goldstone, R.L., &amp; Gentner, D. (1990). Similarity involving attrib-
utes and relations: Judgments of similarity and difference are not inverses.
Psychological Science, 1, 64-69.</mixed-citation>
         </ref>
         <ref id="d25769e450a1310">
            <mixed-citation id="d25769e454" publication-type="other">
Medin, D.L., Goldstone, R.L., &amp; Gentner, D. (1993). Respects for similarity.
Psychological Review, 100, 254-278.</mixed-citation>
         </ref>
         <ref id="d25769e464a1310">
            <mixed-citation id="d25769e468" publication-type="other">
Novick, L.R. (1990). Representational transfer in problem solving. Psychological
Science, 1, 128-132.</mixed-citation>
         </ref>
         <ref id="d25769e478a1310">
            <mixed-citation id="d25769e482" publication-type="other">
Ross, B.H. (1987). This is like that: The use of earlier problems and the separation
of similarity effects. Journal of Experimental Psychology: Learning, Mem-
ory, and Cognition, 13, 629-639.</mixed-citation>
         </ref>
         <ref id="d25769e495a1310">
            <mixed-citation id="d25769e499" publication-type="other">
Sjoberg, L. (1972). A cognitive theory of similarity. Goteborg Psychological Re-
ports, 2(10).</mixed-citation>
         </ref>
         <ref id="d25769e509a1310">
            <mixed-citation id="d25769e513" publication-type="other">
Slovic, P., &amp; MacPhillamy, D. (1974). Dimensional commensurability and cue
utilization in comparative judgment. Organizational Behavior and Human
Performance, 11, 172-194.</mixed-citation>
         </ref>
         <ref id="d25769e527a1310">
            <mixed-citation id="d25769e531" publication-type="other">
Smith, E.E., &amp; Medin, D.L. (1981). Categories and concepts. Cambridge, MA:
Harvard University Press.</mixed-citation>
         </ref>
         <ref id="d25769e541a1310">
            <mixed-citation id="d25769e545" publication-type="other">
Tversky, A. (1972). Elimination by aspects: A theory of choice. Psychological
Review, 79, 281-299.</mixed-citation>
         </ref>
         <ref id="d25769e555a1310">
            <mixed-citation id="d25769e559" publication-type="other">
Tversky, A. (1977). Features of similarity. Psychological Review, 84, 327-352.</mixed-citation>
         </ref>
         <ref id="d25769e566a1310">
            <mixed-citation id="d25769e570" publication-type="other">
Tversky, A., &amp; Kahneman, D. (1986). Rational choice and the framing of deci-
sions. Journal of Business, 59, S251-S278.</mixed-citation>
         </ref>
         <ref id="d25769e580a1310">
            <mixed-citation id="d25769e584" publication-type="other">
Webb, R.A., Oliveri, M.E., &amp; O'Keeffe, L. (1974). Investigations of the meaning
of "different" in the language of young children. Child Development, 45,
984-991.</mixed-citation>
         </ref>
      </ref-list>
   </back>
</article>
