<article xmlns:xsi="http://www.w3.org/2001/XMLSchema-instance"
         xmlns:xlink="http://www.w3.org/1999/xlink"
         xmlns:mml="http://www.w3.org/1998/Math/MathML"
         dtd-version="1.0"
         article-type="research-article">
   <front>
      <journal-meta>
         <journal-id journal-id-type="jstor">psychsci</journal-id>
         <journal-id journal-id-type="jstor">j50000277</journal-id>
         <journal-title-group>
            <journal-title>Psychological Science</journal-title>
         </journal-title-group>
         <publisher>
            <publisher-name>Cambridge University Press</publisher-name>
         </publisher>
         <issn pub-type="ppub">09567976</issn>
         <issn pub-type="epub">14679280</issn>
      </journal-meta>
      <article-meta>
         <article-id pub-id-type="jstor">40063212</article-id>
         <article-categories>
            <subj-group>
               <subject>Research Articles</subject>
            </subj-group>
         </article-categories>
         <title-group>
            <article-title>On the Immediacy of Phonetic Perception</article-title>
         </title-group>
         <contrib-group>
            <contrib>
               <string-name>
                  <given-names>Yi</given-names>
                  <surname>Xu</surname>
               </string-name>
            </contrib>
            <contrib>
               <string-name>
                  <given-names>Alvin M.</given-names>
                  <surname>Liberman</surname>
               </string-name>
            </contrib>
            <contrib>
               <string-name>
                  <given-names>D. H.</given-names>
                  <surname>Whalen</surname>
               </string-name>
            </contrib>
         </contrib-group>
         <pub-date>
            <day>1</day>
            <month>9</month>
            <year>1997</year>
         </pub-date>
         <volume>8</volume>
         <issue>5</issue>
         <issue-id>i40002709</issue-id>
         <fpage>358</fpage>
         <lpage>362</lpage>
         <permissions>
            <copyright-statement>Copyright 1997 American Psychological Society</copyright-statement>
         </permissions>
         <self-uri xlink:href="http://www.jstor.org/stable/40063212"/>
         <abstract>
            <p>If, as we believe, language is a specialization all the way down to its roots, then perception of its consonantal elements should be immediately phonetic, not, as in the conventional view, a secondary translation from percepts of an auditory sort. Supporting observations come from an experiment in which formant transitions that distinguish [da] and [ga] were presented as sinusoids and combined with a synthetic syllable made of resonances, thus causing the auditory system to treat these acoustically incoherent parts as different sources. Evidence for the source difference was varied by changing the intensity of the sinusoids relative to the remainder of the syllable. Over the greater part of a 60-dB range, listeners accurately identified the consonants, indicating that they had integrated the stimuli according to a coherence that existed only in the phonetic domain. At the lowest intensities, indeed, the consonants were accurately identified, even though the whistles--the normal responses to the sinusoids--were not. There followed, then, a range over which perception was duplex: Both consonants and whistles were accurately identified. At the highest intensities, phonetic integration failed, but accurate perception of the whistles was maintained. That the phonetic percept was present when its auditory counterpart was absent, and vice versa, is evidence that the phonetic percept is independent of its auditory counterpart and not a translation from it, as is the fact that the two percepts followed very different courses in response to the experimental variable.</p>
         </abstract>
         <custom-meta-group>
            <custom-meta>
               <meta-name>lang</meta-name>
               <meta-value>eng</meta-value>
            </custom-meta>
         </custom-meta-group>
      </article-meta>
   </front>
   <back>
      <ref-list>
         <title>References</title>
         <ref id="d11974e174a1310">
            <mixed-citation id="d11974e178" publication-type="other">
Bailey, P.J., &amp; Herrmann, P. (1993). A reexamination of duplex perception evoked by
intensity differences. Perception &amp; Psychophysics, 54, 20-32.</mixed-citation>
         </ref>
         <ref id="d11974e188a1310">
            <mixed-citation id="d11974e192" publication-type="other">
Bentin, S., &amp; Mann, V. (1990). Masking and stimulus intensity effects on duplex per-
ception: A confirmation of the dissociation between speech and nonspeech modes.
Journal of the Acoustical Society of America, 88, 64-74.</mixed-citation>
         </ref>
         <ref id="d11974e205a1310">
            <mixed-citation id="d11974e209" publication-type="other">
Berkeley, G. (1709). An essay towards a new theory of vision. Dublin: Aaron Rhames.</mixed-citation>
         </ref>
         <ref id="d11974e216a1310">
            <mixed-citation id="d11974e220" publication-type="other">
Bregman, A.S. (1990). Auditory scene analysis. Cambridge, MA: MIT Press.</mixed-citation>
         </ref>
         <ref id="d11974e228a1310">
            <mixed-citation id="d11974e232" publication-type="other">
Ciocca, V., &amp; Bregman, A.S. (1989). The effects of auditory streaming on duplex per-
ception. Perception &amp; Psychophysics, 46, 39-48.</mixed-citation>
         </ref>
         <ref id="d11974e242a1310">
            <mixed-citation id="d11974e246" publication-type="other">
Diehl, R.L., &amp; Kluender, K.R. (1989). On the objects of speech perception. Ecological
Psychology, 1, 121-144.</mixed-citation>
         </ref>
         <ref id="d11974e256a1310">
            <mixed-citation id="d11974e260" publication-type="other">
Eimas, P.D., &amp; Miller, J.L. (1992). Organization in the perception of speech by young
infants. Psychological Science, 3, 340-345.</mixed-citation>
         </ref>
         <ref id="d11974e270a1310">
            <mixed-citation id="d11974e274" publication-type="other">
Fowler, C.A. (1991). Auditory perception is not special: We see the world, we feel the
world, we hear the world. Journal of the Acoustical Society of America, 89, 2910-
2915.</mixed-citation>
         </ref>
         <ref id="d11974e287a1310">
            <mixed-citation id="d11974e293" publication-type="other">
Fowler, C.A., &amp; Rosenblum, L.D. (1991). The perception of phonetic gestures. In I.G.
Mattingly &amp; M. Studdert-Kennedy (Eds.) Modularity and the motor theory of
speech perception (pp. 33-59). Hillsdale, NJ: Erlbaum.</mixed-citation>
         </ref>
         <ref id="d11974e306a1310">
            <mixed-citation id="d11974e310" publication-type="other">
Liberman, A.M. (1996). Speech: A special code. Cambridge, MA: MIT Press.</mixed-citation>
         </ref>
         <ref id="d11974e318a1310">
            <mixed-citation id="d11974e322" publication-type="other">
Liberman, A.M., Cooper, F.S., Shankweiler, D.P., &amp; Studdert-Kennedy, M. (1967). Per-
ception of the speech code. Psychological Review, 74, 431-461.</mixed-citation>
         </ref>
         <ref id="d11974e332a1310">
            <mixed-citation id="d11974e336" publication-type="other">
Liberman, A.M., &amp; Mattingly, I.G. (1985). The motor theory of speech perception revised.
Cognition, 21, 1-36.</mixed-citation>
         </ref>
         <ref id="d11974e346a1310">
            <mixed-citation id="d11974e350" publication-type="other">
Liberman, A.M., &amp; Mattingly, I.G. (1989). A specialization for speech perception. Sci-
ence, 243, 489^94.</mixed-citation>
         </ref>
         <ref id="d11974e360a1310">
            <mixed-citation id="d11974e364" publication-type="other">
Mann, V.A., &amp; Liberman, A.M. (1983). Some differences between phonetic and auditory
modes of perception. Cognition, 14, 211-235.</mixed-citation>
         </ref>
         <ref id="d11974e374a1310">
            <mixed-citation id="d11974e378" publication-type="other">
Massaro, D.W., &amp; Oden, G.C. (1980). Evaluation and integration of acoustic features in
speech perception. Journal of the Acoustical Society of America, 67, 996-1013.</mixed-citation>
         </ref>
         <ref id="d11974e388a1310">
            <mixed-citation id="d11974e392" publication-type="other">
Mattingly, I.G., &amp; Liberman, A.M. (1988). Specialized perceiving systems for speech and
other biologically significant sounds. In G.M. Edelman, W.E. Gall, &amp; W.M. Cowan
(Eds.), Auditory function (pp. 775-793). New York: John Wiley &amp; Sons.</mixed-citation>
         </ref>
         <ref id="d11974e406a1310">
            <mixed-citation id="d11974e410" publication-type="other">
Mattingly, I.G., &amp; Liberman, A.M. (1990). Speech and other auditory modules. In G.M.
Edelman, W.E. Gall, &amp; W.M. Cowan (Eds.), Signal and sense: Local and global
order in perceptual maps (pp. 501-519). New York: John Wiley &amp; Sons.</mixed-citation>
         </ref>
         <ref id="d11974e423a1310">
            <mixed-citation id="d11974e427" publication-type="other">
Nygaard, L.C., &amp; Eimas, P.D. (1990). A new version of duplex perception: Evidence for
phonetic and nonphonetic fusion. Journal of the Acoustical Society of America, 88,
75-86.</mixed-citation>
         </ref>
         <ref id="d11974e440a1310">
            <mixed-citation id="d11974e444" publication-type="other">
Remez, R.E., Rubin, P.E., Berns, S.M., Pardo, J.S., &amp; Lang, J.M. (1994). On the percep-
tual organization of speech. Psychological Review, 101, 129-156.</mixed-citation>
         </ref>
         <ref id="d11974e454a1310">
            <mixed-citation id="d11974e458" publication-type="other">
Richards, W. (1971). Anomalous stereoscopic depth perception. Journal of the Optical
Society of America, 61, 410-414.</mixed-citation>
         </ref>
         <ref id="d11974e468a1310">
            <mixed-citation id="d11974e472" publication-type="other">
Stevens, K.N., &amp; Blumstein, S.E. (1981). The search for invariant acoustic correlates of
phonetic features. In P.D. Eimas &amp; J.L. Miller (Eds.), Perspectives on the study of
speech (pp. 1-38). Hillsdale, NJ: Erlbaum.</mixed-citation>
         </ref>
         <ref id="d11974e485a1310">
            <mixed-citation id="d11974e489" publication-type="other">
Vorperian, H.K., Ochs, M.T., &amp; Grantham, D.W. (1995). Stimulus intensity and funda-
mental frequency effects on duplex perception. Journal of the Acoustical Society of
America, 98, 735-744.</mixed-citation>
         </ref>
         <ref id="d11974e503a1310">
            <mixed-citation id="d11974e507" publication-type="other">
Whalen, D.H. (1981). Effects of vocalic formant transitions and vowel quality on the
English [s]-[∫] boundary. Journal of the Acoustical Society of America, 69, 275-
282.</mixed-citation>
         </ref>
         <ref id="d11974e520a1310">
            <mixed-citation id="d11974e524" publication-type="other">
Whalen, D.H. (1984). Subcategorical phonetic mismatches slow phonetic judgments.
Perception &amp; Psychophysics, 35, 49-64.</mixed-citation>
         </ref>
         <ref id="d11974e534a1310">
            <mixed-citation id="d11974e538" publication-type="other">
Whalen, D.H. (1989). Vowel and consonant judgments are not independent when cued by
the same information. Perception &amp; Psychophysics, 46, 284-292.</mixed-citation>
         </ref>
         <ref id="d11974e548a1310">
            <mixed-citation id="d11974e552" publication-type="other">
Whalen, D.H., &amp; Liberman, A.M. (1987). Speech perception takes precedence over non-
speech perception. Science, 237, 169-171.</mixed-citation>
         </ref>
         <ref id="d11974e562a1310">
            <mixed-citation id="d11974e566" publication-type="other">
Whalen, D.H., &amp; Liberman, A.M. (1996). Limits on phonetic integration in duplex per-
ception. Perception &amp; Psychophysics, 58, 857-870.</mixed-citation>
         </ref>
      </ref-list>
   </back>
</article>
