<article xmlns:xsi="http://www.w3.org/2001/XMLSchema-instance"
         xmlns:xlink="http://www.w3.org/1999/xlink"
         xmlns:mml="http://www.w3.org/1998/Math/MathML"
         dtd-version="1.0"
         article-type="research-article">
   <front>
      <journal-meta>
         <journal-id journal-id-type="jstor">psychsci</journal-id>
         <journal-id journal-id-type="jstor">j50000277</journal-id>
         <journal-title-group>
            <journal-title>Psychological Science</journal-title>
         </journal-title-group>
         <publisher>
            <publisher-name>Cambridge University Press</publisher-name>
         </publisher>
         <issn pub-type="ppub">09567976</issn>
         <issn pub-type="epub">14679280</issn>
      </journal-meta>
      <article-meta>
         <article-id pub-id-type="jstor">40063180</article-id>
         <article-categories>
            <subj-group>
               <subject>Research Articles</subject>
            </subj-group>
         </article-categories>
         <title-group>
            <article-title>Genetic and Environmental Contributions to Variance in Age at First Sexual Intercourse</article-title>
         </title-group>
         <contrib-group>
            <contrib>
               <string-name>
                  <given-names>M. P.</given-names>
                  <surname>Dunne</surname>
               </string-name>
            </contrib>
            <contrib>
               <string-name>
                  <given-names>N. G.</given-names>
                  <surname>Martin</surname>
               </string-name>
            </contrib>
            <contrib>
               <string-name>
                  <given-names>D. J.</given-names>
                  <surname>Statham</surname>
               </string-name>
            </contrib>
            <contrib>
               <string-name>
                  <given-names>W. S.</given-names>
                  <surname>Slutske</surname>
               </string-name>
            </contrib>
            <contrib>
               <string-name>
                  <given-names>S. H.</given-names>
                  <surname>Dinwiddie</surname>
               </string-name>
            </contrib>
            <contrib>
               <string-name>
                  <given-names>K. K.</given-names>
                  <surname>Bucholz</surname>
               </string-name>
            </contrib>
            <contrib>
               <string-name>
                  <given-names>P. A . F.</given-names>
                  <surname>Madden</surname>
               </string-name>
            </contrib>
            <contrib>
               <string-name>
                  <given-names>A. C.</given-names>
                  <surname>Heath</surname>
               </string-name>
            </contrib>
         </contrib-group>
         <pub-date>
            <day>1</day>
            <month>5</month>
            <year>1997</year>
         </pub-date>
         <volume>8</volume>
         <issue>3</issue>
         <issue-id>i40002707</issue-id>
         <fpage>211</fpage>
         <lpage>216</lpage>
         <permissions>
            <copyright-statement>Copyright 1997 American Psychological Society</copyright-statement>
         </permissions>
         <self-uri xlink:href="http://www.jstor.org/stable/40063180"/>
         <abstract>
            <p>Little is known about the relative importance of genetic and environmental factors as determinants of age at first sexual intercourse. In this study, subjects were 5,080 individuals from the Australian Twin Registry (3,310 females, 1,770 males; age range: 27-70 years, median: 40 years) who completed a semistructured interview by telephone in 1992-1993. Self-reported age at first intercourse correlated higher for identical (monozygotic) twins than for nonidentical (dizygotic) twins. Structural equation model fitting found that the genetic contribution to variance was considerably greater among twins aged 40 years or less (72% for males and 49% for females) than for those aged from 41 to 70 years (0% for males and 32% for females). Among the older cohort, there was evidence that somewhat different aspects of the shared social environment influenced age at onset in males and females. In a more laissez-faire social climate in recent decades, it is likely that biological and psychological characteristics that are partly under genetic control significantly influence the age at which a person commences sexual activity.</p>
         </abstract>
         <custom-meta-group>
            <custom-meta>
               <meta-name>lang</meta-name>
               <meta-value>eng</meta-value>
            </custom-meta>
         </custom-meta-group>
      </article-meta>
   </front>
   <back>
      <ref-list>
         <title>References</title>
         <ref id="d22679e208a1310">
            <mixed-citation id="d22679e212" publication-type="other">
ACSF Investigators. (1992). AIDS and sexual behaviour in France. Nature, 360, 407^09.</mixed-citation>
         </ref>
         <ref id="d22679e219a1310">
            <mixed-citation id="d22679e223" publication-type="other">
Akaike, H. (1987). Factor analysis and the AIC. Psychometrika, 52, 317-332.</mixed-citation>
         </ref>
         <ref id="d22679e230a1310">
            <mixed-citation id="d22679e234" publication-type="other">
Bingham, C.R., Miller, B.C., &amp; Adams, G.R. (1990). Correlates of age at first sexual
intercourse in a national sample of young women. Journal of Adolescent Research,
5, 18-33.</mixed-citation>
         </ref>
         <ref id="d22679e247a1310">
            <mixed-citation id="d22679e251" publication-type="other">
Buchanan, CM., Eccles, J.S., &amp; Becker, J.B. (1992). Are adolescents the victims of raging
hormones? Evidence for activational effects of hormones on moods and behavior at
adolescence. Psychological Bulletin, HI, 62-107.</mixed-citation>
         </ref>
         <ref id="d22679e265a1310">
            <mixed-citation id="d22679e269" publication-type="other">
Curran, J.P., Neff, S., &amp; Lippold, S. (1973). Correlates of sexual experience among
university students. Journal of Sex Research, 9, 124-131.</mixed-citation>
         </ref>
         <ref id="d22679e279a1310">
            <mixed-citation id="d22679e283" publication-type="other">
Dunne, M.P., Donald, M., Lucke, J.C., Nilsson, R., Ballard, R., &amp; Raphael, B. (1994).
Age-related increase in sexual behaviours and decrease in regular condom use
among adolescents in Australia. International Journal ofSTD &amp; AIDS, 5, 61-67.</mixed-citation>
         </ref>
         <ref id="d22679e296a1310">
            <mixed-citation id="d22679e300" publication-type="other">
Dunne, M.P., Edwards, R., Lucke, J.C., Donald, M., &amp; Raphael, B. (1994). Religiosity,
sexual intercourse and condom use among university students. Australian Journal
of Public Health, 75(3), 339-341.</mixed-citation>
         </ref>
         <ref id="d22679e313a1310">
            <mixed-citation id="d22679e317" publication-type="other">
Dunne, M.P., Martin, N.G., Statham, D.J., Pangan, T., Madden, P.A.F., &amp; Heath, A.C.
(1997). The consistency of recalled age of first sexual intercourse. Journal of
Biosocial Science, 29, 1-7.</mixed-citation>
         </ref>
         <ref id="d22679e330a1310">
            <mixed-citation id="d22679e334" publication-type="other">
Dworkin, R.H., Burke, B.W., Maher, B.A., &amp; Gottesman, I.I. (1976). A longitudinal study
of the genetics of personality. Journal of Personality and Social Psychology, 34,
510-518.</mixed-citation>
         </ref>
         <ref id="d22679e347a1310">
            <mixed-citation id="d22679e351" publication-type="other">
Halpern, C.T., Udry, J.R., Campbell, B., &amp; Suchindran, C. (1993). Testosterone and
pubertal development as predictors of sexual activity: A panel analysis of adoles-
cent males. Psychosomatic Medicine, 55, 436-447.</mixed-citation>
         </ref>
         <ref id="d22679e365a1310">
            <mixed-citation id="d22679e369" publication-type="other">
Heath, A.C, Berg, K., Eaves, L.J., Solaas, M.H., Corey, L.A., Sundet, J., Magnus, P., &amp;
Nance, W.E. (1985). Education policy and the heritability of educational attain-
ment. Nature, 314, 734-736.</mixed-citation>
         </ref>
         <ref id="d22679e382a1310">
            <mixed-citation id="d22679e386" publication-type="other">
Heath, A.C., Bucholz, K.K., Slutske, W.S., Madden, P.A.F., Dinwiddie, S.H., Dunne,
M.P., Statham, D., Whitfield, J.B., Martin, N.G., &amp; Eaves, L.J. (1994). The assess-
ment of alcoholism in the general community: What are we measuring? Some
insights from the Australian twin panel interview survey. International Review of
Psychiatry, 6, 295-307.</mixed-citation>
         </ref>
         <ref id="d22679e405a1310">
            <mixed-citation id="d22679e409" publication-type="other">
Heath, A.C., Cloninger, C.R., &amp; Martin, N.G. (1994). Testing a model for the genetic
structure of personality. Journal of Personality and Social Psychology, 66, 762-
775.</mixed-citation>
         </ref>
         <ref id="d22679e422a1310">
            <mixed-citation id="d22679e426" publication-type="other">
Heath, A.C., Neale, M.C., Hewitt, J.K., Eaves, L.J., &amp; Fulker, D.W. (1989). Testing
structural equation models for twin data using LISREL. Behavior Genetics, 19,
9-35.</mixed-citation>
         </ref>
         <ref id="d22679e439a1310">
            <mixed-citation id="d22679e443" publication-type="other">
Johnson, A.M., Wadsworth, J., Wellings, K., &amp; Field, J. (1994). Sexual attitudes and
lifestyles. London: Blackwell Scientific.</mixed-citation>
         </ref>
         <ref id="d22679e453a1310">
            <mixed-citation id="d22679e457" publication-type="other">
Jöreskog, K.G., &amp; Sorbom, D. (1994). PREUS 2.12 manual. Chicago: Scientific Software
International.</mixed-citation>
         </ref>
         <ref id="d22679e468a1310">
            <mixed-citation id="d22679e472" publication-type="other">
Kaprio, J., Rose, R.J., Romanov, K., &amp; Koskenvuo, M. (1991). Genetic and environmental
determinants of use and abuse of alcohol: The Finnish twin cohort studies. Alcohol
and Alcoholism, 26(Suppl. 1), 131-136.</mixed-citation>
         </ref>
         <ref id="d22679e485a1310">
            <mixed-citation id="d22679e489" publication-type="other">
Martin, N.G., Eaves, L.J., &amp; Eysenck, H.J. (1977). Genetical, environmental and person-
ality factors influencing the age of first sexual intercourse in twins. Journal of
Biosocial Science, 9, 91-97.</mixed-citation>
         </ref>
         <ref id="d22679e502a1310">
            <mixed-citation id="d22679e506" publication-type="other">
Martin, N.G., &amp; Jardine, R. (1986). Eysenck's contribution to behavior genetics. In S.
Mogdil &amp; C. Mogdil (Eds.), Hans Eysenck: Consensus and controversy (pp. 13-
62). Lewes, England: Falmer Press.</mixed-citation>
         </ref>
         <ref id="d22679e519a1310">
            <mixed-citation id="d22679e523" publication-type="other">
Martin, N.G., Kehren, U., Battistutta, D., &amp; Mathews, J.D. (1991). Iatrogenic influences
on the genetics of tonsillectomy: Cohort differences in twin concordance. Acta
Geneticae Medicae et Gemellologiae, 40, 165-172.</mixed-citation>
         </ref>
         <ref id="d22679e536a1310">
            <mixed-citation id="d22679e540" publication-type="other">
McCartney, K., Harris, M.J., &amp; Bernieri, F. (1990). Growing up and growing apart: A
developmental meta-analysis of twin studies. Psychological Bulletin, 107, 226-237.</mixed-citation>
         </ref>
         <ref id="d22679e550a1310">
            <mixed-citation id="d22679e554" publication-type="other">
Neale, M.C. (1994), Mx: Statistical modelling (Version 1.26) [Computer program]. Rich-
mond: Medical College of Virginia, Department of Psychiatry.</mixed-citation>
         </ref>
         <ref id="d22679e565a1310">
            <mixed-citation id="d22679e569" publication-type="other">
Neale, M.C., &amp; Cardon, L.R. (1992). Methodology for genetic study of twins and families.
Dordrecht, Netherlands: Kluwer Academic.</mixed-citation>
         </ref>
         <ref id="d22679e579a1310">
            <mixed-citation id="d22679e583" publication-type="other">
Olsen, K.L. (1992). Genetic influences on sexual behavior differentiation. In A. A. Gerall,
H. Moltz, &amp; I.L. Ward (Eds.), Handbook of behavioral neurobiology (Vol. 11, pp.
1-40). New York: Plenum Press.</mixed-citation>
         </ref>
         <ref id="d22679e596a1310">
            <mixed-citation id="d22679e600" publication-type="other">
Rawlings, D., Boldero, J., &amp; Wiseman, F. (1995). The interaction of age with impulsive-
ness and venturesomeness in the prediction of adolescent sexual behavior. Person-
ality and Individual Differences, 19, 117-120.</mixed-citation>
         </ref>
         <ref id="d22679e613a1310">
            <mixed-citation id="d22679e617" publication-type="other">
Seto, M.C., Lalumiere, M.L., &amp; Quinsey, V.L. (1995). Sensation seeking and males'
sexual strategy. Personality and Individual Differences, 19, 669-675.</mixed-citation>
         </ref>
         <ref id="d22679e627a1310">
            <mixed-citation id="d22679e631" publication-type="other">
Sundet, J.M., Magnus, P., Kvalem, I.L., Samuelsen, S.O., &amp; Bakketeig, L.S. (1992).
Secular trends and sociodemographic regularities of coital debut age in Norway.
Archives of Sexual Behavior, 21, 241-252.</mixed-citation>
         </ref>
         <ref id="d22679e644a1310">
            <mixed-citation id="d22679e648" publication-type="other">
Treloar, S.A., &amp; Martin, N.G. (1990). Age at menarche as a fitness trait: Non-additive
genetic variance detected in a large twin sample. American Journal of Human
Genetics, 47, 137-148.</mixed-citation>
         </ref>
         <ref id="d22679e662a1310">
            <mixed-citation id="d22679e666" publication-type="other">
Udry, J.R. (1988). Biological predisposition and social control of adolescent sexual be-
havior. American Sociology Review, 53, 709-722.</mixed-citation>
         </ref>
         <ref id="d22679e676a1310">
            <mixed-citation id="d22679e680" publication-type="other">
Udry, J.R., Billy, J.O., Morris, N.M., Groff, T.R., &amp; Raj, M.H. (1985). Serum androgenic
hormones motivate sexual behavior in adolescent boys. Fertility and Sterility, 43,
90-94.</mixed-citation>
         </ref>
         <ref id="d22679e693a1310">
            <mixed-citation id="d22679e697" publication-type="other">
Waller, N.G., &amp; Shaver, P.R. (1994). The importance of nongenetic influences on ro-
mantic love styles: A twin-family study. Psychological Science, 5, 268-274.</mixed-citation>
         </ref>
      </ref-list>
   </back>
</article>
