<article xmlns:xsi="http://www.w3.org/2001/XMLSchema-instance"
         xmlns:xlink="http://www.w3.org/1999/xlink"
         xmlns:mml="http://www.w3.org/1998/Math/MathML"
         dtd-version="1.0"
         article-type="research-article">
   <front>
      <journal-meta>
         <journal-id journal-id-type="jstor">psychsci</journal-id>
         <journal-id journal-id-type="jstor">j50000277</journal-id>
         <journal-title-group>
            <journal-title>Psychological Science</journal-title>
         </journal-title-group>
         <publisher>
            <publisher-name>Cambridge University Press</publisher-name>
         </publisher>
         <issn pub-type="ppub">09567976</issn>
         <issn pub-type="epub">14679280</issn>
      </journal-meta>
      <article-meta>
         <article-id pub-id-type="jstor">40062991</article-id>
         <article-categories>
            <subj-group>
               <subject>Research Articles</subject>
            </subj-group>
         </article-categories>
         <title-group>
            <article-title>Double Dissociation between Memory Systems Underlying Explicit and Implicit Memory in the Human Brain</article-title>
         </title-group>
         <contrib-group>
            <contrib>
               <string-name>
                  <given-names>John D. E.</given-names>
                  <surname>Gabrieli</surname>
               </string-name>
            </contrib>
            <contrib>
               <string-name>
                  <given-names>Debra A.</given-names>
                  <surname>Fleischman</surname>
               </string-name>
            </contrib>
            <contrib>
               <string-name>
                  <given-names>Margaret M.</given-names>
                  <surname>Keane</surname>
               </string-name>
            </contrib>
            <contrib>
               <string-name>
                  <given-names>Sheryl L.</given-names>
                  <surname>Reminger</surname>
               </string-name>
            </contrib>
            <contrib>
               <string-name>
                  <given-names>Frank</given-names>
                  <surname>Morrell</surname>
               </string-name>
            </contrib>
         </contrib-group>
         <pub-date>
            <day>1</day>
            <month>3</month>
            <year>1995</year>
         </pub-date>
         <volume>6</volume>
         <issue>2</issue>
         <issue-id>i40002696</issue-id>
         <fpage>76</fpage>
         <lpage>82</lpage>
         <permissions>
            <copyright-statement>Copyright 1995 American Psychological Society</copyright-statement>
         </permissions>
         <self-uri xlink:href="http://www.jstor.org/stable/40062991"/>
         <abstract>
            <p>Amnesic patients have impaired explicit memory that is evident in poor recall and recognition of words, yet can have intact implicit memory for words as measured by repetition priming, the enhanced efficiency for reprocessing those words. The dissociation between explicit and implicit memory for words is a fundamental characteristic of normal cognition that could reflect two different functional architectures of the human brain: two separate processing systems or two levels of operation of a single system with implicit memory less demanding of that system. We present a patient who has a lesion in the right occipital lobe and who showed intact explicit and impaired implicit memory for words. The deficit was specific to visual priming. The double dissociation between explicit and implicit visual memory for words indicates that separate processing systems mediate these two forms of memory, and that a memory system in right occipital cortex mediates implicit visual memory for words.</p>
         </abstract>
         <custom-meta-group>
            <custom-meta>
               <meta-name>lang</meta-name>
               <meta-value>eng</meta-value>
            </custom-meta>
         </custom-meta-group>
      </article-meta>
   </front>
   <back>
      <ref-list>
         <title>References</title>
         <ref id="d13125e207a1310">
            <mixed-citation id="d13125e211" publication-type="other">
Arnold, S.E., Hyman, B.T., Flory, J., Damasio, A.R., &amp; Van Hoesen, G.W.
(1991). The topographical and neuroanatomical distribution of neurofibril-
lary tangles and neuritic plaques in the cerebral cortex of patients with
Alzheimer's disease. Cerebral Cortex, 1, 103-116.</mixed-citation>
         </ref>
         <ref id="d13125e227a1310">
            <mixed-citation id="d13125e231" publication-type="other">
Blaxton, T.A. (1989). Investigating dissociations among memory measures: Sup-
port for a transfer-appropriate processing framework. Journal of Experi-
mental Psychology: Learning, Memory, and Cognition, 15, 657-668.</mixed-citation>
         </ref>
         <ref id="d13125e244a1310">
            <mixed-citation id="d13125e248" publication-type="other">
Cermak, L.S., Talbot, N., Chandler, K., &amp; Wolbarst, L.R. (1985). The perceptual
priming phenomenon in amnesia. Neuropsychologia, 23, 615-622.</mixed-citation>
         </ref>
         <ref id="d13125e258a1310">
            <mixed-citation id="d13125e262" publication-type="other">
Cohen, N.J., &amp; Squire, L.R. (1980). Preserved learning and retention of pattern-
analyzing skill in amnesia: Dissociation of knowing how and knowing that.
Science, 210, 207-210.</mixed-citation>
         </ref>
         <ref id="d13125e276a1310">
            <mixed-citation id="d13125e280" publication-type="other">
Fleischman, D.A., Gabrieli, J.D.E., Reminger, S., Rinaldi, J., Morrell, F., &amp;
Wilson, R. (in press). Conceptual priming in perceptual identification for
patients with Alzheimer's disease and a patient with right occipital lobec-
tomy. Neuropsychology .</mixed-citation>
         </ref>
         <ref id="d13125e296a1310">
            <mixed-citation id="d13125e300" publication-type="other">
Frackowiak, R.S.J., Pozzilli, C, Legg, N.J., Du Boulay, G.H., Marshall, J.,
Lenzi, G.L., &amp; Jones, T. (1981). Regional cerebral oxygen supply and uti-
lization in dementia: A clinical and physiological study with oxygen- 15 and
positron tomography. Brain, 104, 753-778.</mixed-citation>
         </ref>
         <ref id="d13125e316a1310">
            <mixed-citation id="d13125e320" publication-type="other">
Gabrnieli, J.D.t. (1991). Differential etiects ot aging and age-related neurological
diseases on memory subsystems of the human brain. In F. Boiler &amp; J.
Grafman (Eds.), Handbook of neuropsychology (pp. 149-166). Amsterdam:
Elsevier.</mixed-citation>
         </ref>
         <ref id="d13125e336a1310">
            <mixed-citation id="d13125e340" publication-type="other">
Gabrieli, J.D.E., Cohen, N.J., &amp; Corkin, S. (1988). The impaired learning of
semantic knowledge following bilateral medial temporal-lobe resection.
Brain and Cognition, 7, 157-177.</mixed-citation>
         </ref>
         <ref id="d13125e353a1310">
            <mixed-citation id="d13125e357" publication-type="other">
Gabrieli, J.D.E., Keane, M.M., Stanger, B.Z., Kjelgaard, M.M., Corkin, S., &amp;
Growdon, J.H. (1994). Dissociations among structural-perceptual, lexical-
semantic, and even-fact memory systems in amnesic, Alzheimer's, and nor-
mal subjects. Cortex, 30, 75-103.</mixed-citation>
         </ref>
         <ref id="d13125e373a1310">
            <mixed-citation id="d13125e377" publication-type="other">
Graf, P., &amp; Schacter, D.L. (1985). Implicit and explicit memory for new associ-
ations in normal and amnesic subjects. Journal of Experimental Psychology:
Learning, Memory, and Cognition, 11, 501-518.</mixed-citation>
         </ref>
         <ref id="d13125e391a1310">
            <mixed-citation id="d13125e395" publication-type="other">
Graf, P., Shimamura, A. P., &amp; Squire, L.R. (1985). Priming across modalities and
priming across category levels: Extending the domain of preserved function
in amnesia. Journal of Experimental Psychology: Learning, Memory, and
Cognition, 11, 386-396.</mixed-citation>
         </ref>
         <ref id="d13125e411a1310">
            <mixed-citation id="d13125e415" publication-type="other">
Graf, P., Squire, L.R., &amp; Mandler, G. (1984). The information that amnesic pa-
tients do not forget. Journal of Experimental Psychology: Learning, Mem-
ory, and Cognition. 10. 164-178.</mixed-citation>
         </ref>
         <ref id="d13125e428a1310">
            <mixed-citation id="d13125e432" publication-type="other">
Hayman, C.A.G., &amp; Tulving, E. (1989). Is priming in fragment completion based
on a "traceless" memory system? Journal of Experimental Psychology:
Learning, Memory, and Cognition, 15, 941-956.</mixed-citation>
         </ref>
         <ref id="d13125e445a1310">
            <mixed-citation id="d13125e449" publication-type="other">
Heindel, W.C., Salmon, D.P., Shults, C.W., Walicke, P.A., &amp; Butters, N. (1989).
Neuropsychological evidence for multiple implicit memory systems: A com-
parison of Alzheimer's, Huntington's, and Parkinson's disease patients. The
Journal of Neuroscience, 9, 582-587.</mixed-citation>
         </ref>
         <ref id="d13125e465a1310">
            <mixed-citation id="d13125e469" publication-type="other">
Jacoby, L.L., &amp; Dallas, M. (1981). On the relationship between autobiographical
memory and perceptual learning. Journal of Experimental Psychology: Gen-
eral, 110, 306-340.</mixed-citation>
         </ref>
         <ref id="d13125e482a1310">
            <mixed-citation id="d13125e486" publication-type="other">
Jacoby, L.L., &amp; Whitehouse, K. (1989). An illusion of memory: False recognition
influenced by unconscious perception. Journal of Experimental Psychol-
ogy: General, 118, 126-135.</mixed-citation>
         </ref>
         <ref id="d13125e500a1310">
            <mixed-citation id="d13125e504" publication-type="other">
Keane, M.M., Clarke, H., &amp; Corkin, S. (1992). Impaired perceptual priming and
intact conceptual priming in a patient with bilateral posterior cerebral le-
sions. Society for Neuroscience Abstracts, 18, 386.</mixed-citation>
         </ref>
         <ref id="d13125e517a1310">
            <mixed-citation id="d13125e521" publication-type="other">
Keane, M.M., Gabrieli, J.D.E., Fennema, A.C., Growdon, J.H., &amp; Corkin, S.
(1991). Evidence for a dissociation between perceptual and conceptual prim-
ing in Alzheimer's disease. Behavioral Neuroscience, 105, 326-342.</mixed-citation>
         </ref>
         <ref id="d13125e534a1310">
            <mixed-citation id="d13125e538" publication-type="other">
Lewis, D.A., Campbell, M.J., Terry, R.D., &amp; Morrison, J.H. (1987). Laminar and
regional distribution of neurofibrillary tangles and neuritic plaques in Alz-
heimer's disease: A quantitative study of visual and auditory cortices. The
Journal of Neuroscience, 7, 1799-1808.</mixed-citation>
         </ref>
         <ref id="d13125e554a1310">
            <mixed-citation id="d13125e558" publication-type="other">
Marsolek, C.J., Kosslyn, S.M., &amp; Squire, L.R. (1992). Form-specific visual prim-
ing in the right cerebral hemisphere. Journal of Experimental Psychology:
Learning, Memory, and Cognition, 18, 492-508.</mixed-citation>
         </ref>
         <ref id="d13125e571a1310">
            <mixed-citation id="d13125e575" publication-type="other">
Monti, L.A., Gabrieli, J.D.E., Reminger, S.L., Rinaldi, J.A., Wilson, R.S., &amp;
Fleischman, D.A. (1994). Conceptual priming is impaired in Alzheimer's
disease but unaffected by aging. Manuscript submitted for publication.</mixed-citation>
         </ref>
         <ref id="d13125e588a1310">
            <mixed-citation id="d13125e592" publication-type="other">
Roediger, H.L. (1990). Implicit memory: Retention without remembering. Amer-
ican Psychologist, 45, 1043-1056.</mixed-citation>
         </ref>
         <ref id="d13125e603a1310">
            <mixed-citation id="d13125e607" publication-type="other">
Roediger, H.L., &amp; Blaxton, T.A. (1987). Retrieval modes produce dissociations in
memory for surface information. In D.S. Gorfein &amp; R.R. Hoffman (Eds.),
Memory and cognitive processes: The Ebbing haus Centennial Conference
(pp. 349-379). Hillsdale, NJ: Erlbaum.</mixed-citation>
         </ref>
         <ref id="d13125e623a1310">
            <mixed-citation id="d13125e627" publication-type="other">
Roediger, H.L., &amp; McDermott, K.B. (1993). Implicit memory in normal subjects.
In F. Boiler &amp; J. Grafman (Eds.), Handbook of neuropsychology (pp. 63-
131). Amsterdam: Elsevier.</mixed-citation>
         </ref>
         <ref id="d13125e640a1310">
            <mixed-citation id="d13125e644" publication-type="other">
Salmon, D.P., Shimamura, A. P., Butters, N., &amp; Smith, S. (1988). Lexical and
semantic deficits in patients with Alzheimer's disease. Journal of Clinical
and Experimental Neuropsychology, 10, 477-494.</mixed-citation>
         </ref>
         <ref id="d13125e657a1310">
            <mixed-citation id="d13125e661" publication-type="other">
Schacter, D.L. (1990). Perceptual representation systems and implicit memory:
Toward a resolution of the multiple memory systems debate. In A. Diamond
(Ed.), Annals of the New York Academy of Sciences: Vol. 608. Develop-
ment and neural bases of higher cognitive function (pp. 543-571). New
York: New York Academy of Sciences.</mixed-citation>
         </ref>
         <ref id="d13125e680a1310">
            <mixed-citation id="d13125e684" publication-type="other">
Shimamura, A.P., Salmon, D.P., Squire, L.R., &amp; Butters, N. (1987). Memory
dysfunction and word priming in dementia and amnesia. Behavioral Neu-
roscience, 101, 347-351.</mixed-citation>
         </ref>
         <ref id="d13125e697a1310">
            <mixed-citation id="d13125e701" publication-type="other">
Squire, L.R. (1992). Memory and the hippocampus: A synthesis from findings
with rats, monkeys, and humans. Psychological Review, 99, 195-231.</mixed-citation>
         </ref>
         <ref id="d13125e712a1310">
            <mixed-citation id="d13125e716" publication-type="other">
Squire, L.R., Ojemann, J.G., Miezin, F.M., Petersen, S.E., Videen, T.O., &amp;
Raichle, M.E. (1992). Activation of the hippocampus in normal humans: A
functional anatomical study of memory. Proceedings of the National Acad-
emy of Sciences, USA, 89, 1837-1841.</mixed-citation>
         </ref>
         <ref id="d13125e732a1310">
            <mixed-citation id="d13125e736" publication-type="other">
Srinivas, K., &amp; Roediger, H.L. (1990). Classifying implicit memory tests: Cate-
gory association and anagram solution. Journal of Memory and Language,
29, 389-412.</mixed-citation>
         </ref>
         <ref id="d13125e749a1310">
            <mixed-citation id="d13125e753" publication-type="other">
Tulving, E., &amp; Schacter, D.L. (1990). Priming and human memory systems. Sci-
ence, 247, 301-306.</mixed-citation>
         </ref>
         <ref id="d13125e763a1310">
            <mixed-citation id="d13125e767" publication-type="other">
Tulving, E., Schacter, D.L., &amp; Starke, H. (1982). Priming effects in word-
fragment completion are independent of recognition memory. Journal of
Experimental Psychology: Learning, Memory, and Cognition, 8, 336-342.</mixed-citation>
         </ref>
         <ref id="d13125e780a1310">
            <mixed-citation id="d13125e784" publication-type="other">
Warrington, E.K., &amp; James, M. (1988). Visual apperceptive agnosia: A clinicoan-
atomical study of three cases. Cortex, 24, 13-32.</mixed-citation>
         </ref>
         <ref id="d13125e794a1310">
            <mixed-citation id="d13125e798" publication-type="other">
Warrington, E.K., &amp; Taylor, A.M. (1978). Two categorical stages of object rec-
ognition. Perception, 7, 695-705.</mixed-citation>
         </ref>
         <ref id="d13125e809a1310">
            <mixed-citation id="d13125e813" publication-type="other">
Warrington, E.K., &amp; Weiskrantz, L. (1970). The amnesic syndrome: Consolida-
tion or retrieval? Nature, 228, 628-630.</mixed-citation>
         </ref>
         <ref id="d13125e823a1310">
            <mixed-citation id="d13125e827" publication-type="other">
Weldon, M.S., &amp; Roediger, H.L. (1987). Altering retrieval demands reverses the
picture superiority effect. Memory and Cognition, 15, 269-280.</mixed-citation>
         </ref>
      </ref-list>
   </back>
</article>
