<article xmlns:xsi="http://www.w3.org/2001/XMLSchema-instance"
         xmlns:xlink="http://www.w3.org/1999/xlink"
         xmlns:mml="http://www.w3.org/1998/Math/MathML"
         dtd-version="1.0"
         article-type="research-article">
   <front>
      <journal-meta>
         <journal-id journal-id-type="jstor">psychsci</journal-id>
         <journal-id journal-id-type="jstor">j50000277</journal-id>
         <journal-title-group>
            <journal-title>Psychological Science</journal-title>
         </journal-title-group>
         <publisher>
            <publisher-name>Blackwell Publishing</publisher-name>
         </publisher>
         <issn pub-type="ppub">09567976</issn>
         <issn pub-type="epub">14679280</issn>
      </journal-meta>
      <article-meta>
         <article-id pub-id-type="jstor">40063345</article-id>
         <article-categories>
            <subj-group>
               <subject>Research Reports</subject>
            </subj-group>
         </article-categories>
         <title-group>
            <article-title>Computation of Conditional Probability Statistics by 8-Month-Old Infants</article-title>
         </title-group>
         <contrib-group>
            <contrib>
               <string-name>
                  <given-names>Richard N.</given-names>
                  <surname>Aslin</surname>
               </string-name>
            </contrib>
            <contrib>
               <string-name>
                  <given-names>Jenny R.</given-names>
                  <surname>Saffran</surname>
               </string-name>
            </contrib>
            <contrib>
               <string-name>
                  <given-names>Elissa L.</given-names>
                  <surname>Newport</surname>
               </string-name>
            </contrib>
         </contrib-group>
         <pub-date>
            <day>1</day>
            <month>7</month>
            <year>1998</year>
         </pub-date>
         <volume>9</volume>
         <issue>4</issue>
         <issue-id>i40002718</issue-id>
         <fpage>321</fpage>
         <lpage>324</lpage>
         <permissions>
            <copyright-statement>Copyright 1998 American Psychological Society</copyright-statement>
         </permissions>
         <self-uri xlink:href="http://www.jstor.org/stable/40063345"/>
         <abstract>
            <p>A recent report demonstrated that 8-month-olds can segment a continuous stream of speech syllables, containing no acoustic or prosodic cues to word boundaries, into wordlike units after only 2 min of listening experience (Saffran, Aslin, &amp; Newport, 1996). Thus, a powerful learning mechanism capable of extracting statistical information from fluent speech is available early in development. The present study extends these results by documenting the particular type of statistical computation--transitional (conditional) probability--used by infants to solve this word-segmentation task. An artificial language corpus, consisting of a continuous stream of trisyllabic nonsense words, was presented to 8-month-olds for 3 min. A postfamiliarization test compared the infants' responses to words versus part-words (trisyllabic sequences spanning word boundaries). The corpus was constructed so that test words and part-words were matched in frequency, but differed in their transitional probabilities. Infants showed reliable discrimination of words from part-words, thereby demonstrating rapid segmentation of continuous speech into words on the basis of transitional probabilities of syllable pairs.</p>
         </abstract>
         <custom-meta-group>
            <custom-meta>
               <meta-name>lang</meta-name>
               <meta-value>eng</meta-value>
            </custom-meta>
         </custom-meta-group>
      </article-meta>
   </front>
   <back>
      <fn-group>
         <title>[Footnotes]</title>
         <fn id="d22718e147a1310">
            <label>3</label>
            <p>
               <mixed-citation id="d22718e154" publication-type="other">
Jusczyk &amp; Aslin, 1995),</mixed-citation>
            </p>
            <p>
               <mixed-citation id="d22718e160" publication-type="other">
Echols, Crowhurst, &amp; Childers, 1997).</mixed-citation>
            </p>
         </fn>
         <fn id="d22718e167a1310">
            <label>4</label>
            <p>
               <mixed-citation id="d22718e174" publication-type="other">
Rescorla (1966)</mixed-citation>
            </p>
         </fn>
         <fn id="d22718e181a1310">
            <label>5</label>
            <p>
               <mixed-citation id="d22718e188" publication-type="other">
Rovee-Collier &amp; Sullivan, 1980)</mixed-citation>
            </p>
            <p>
               <mixed-citation id="d22718e194" publication-type="other">
Younger, 1985).</mixed-citation>
            </p>
            <p>
               <mixed-citation id="d22718e200" publication-type="other">
(Johnson, Saffran,
Aslin, &amp; Newport, 1998)</mixed-citation>
            </p>
         </fn>
      </fn-group>
      <ref-list>
         <title>References</title>
         <ref id="d22718e219a1310">
            <mixed-citation id="d22718e223" publication-type="other">
Aslin, R.N., Woodward, J., LaMendola, N., &amp; Bever, T.G. (1996). Models of word seg-
mentation in fluent maternal speech to infants. In J.L. Morgan &amp; K. Demuth (Eds.),
Signal to syntax: Bootstrapping from speech to grammar in early acquisition (pp.
117-134). Mahwah, NJ: Erlbaum.</mixed-citation>
         </ref>
         <ref id="d22718e239a1310">
            <mixed-citation id="d22718e243" publication-type="other">
Bloomfield, L. (1933). Language. New York: Holt, Rinehart &amp; Winston.</mixed-citation>
         </ref>
         <ref id="d22718e250a1310">
            <mixed-citation id="d22718e254" publication-type="other">
Brent, M.R., &amp; Cartwright, T.A. (1996). Distributional regularity and phonotactic con-
straints are useful for segmentation. Cognition, 61, 93-120.</mixed-citation>
         </ref>
         <ref id="d22718e264a1310">
            <mixed-citation id="d22718e268" publication-type="other">
Chomsky, N. (1957). Syntactic structures. The Hague, the Netherlands: Mouton.</mixed-citation>
         </ref>
         <ref id="d22718e276a1310">
            <mixed-citation id="d22718e280" publication-type="other">
Christiansen, M.H., Allen, J., &amp; Seidenberg, M.S. (in press). Learning to segment
speech using multiple cues: A connectionist model. Language and Cognitive
Processes.</mixed-citation>
         </ref>
         <ref id="d22718e293a1310">
            <mixed-citation id="d22718e297" publication-type="other">
Cole, R.A., &amp; Jakimik, J. (1980). A model of speech perception. In R.A. Cole (Ed.), Per-
ception and production of fluent speech (pp. 133-163). Hillsdale, NJ: Erlbaum.</mixed-citation>
         </ref>
         <ref id="d22718e307a1310">
            <mixed-citation id="d22718e311" publication-type="other">
Cutler, A., &amp; Norris, D.G. (1988). The role of strong syllables in segmentation for lexical
access. Journal of Experimental Psychology: Human Perception and Performance,
74,113-121.</mixed-citation>
         </ref>
         <ref id="d22718e324a1310">
            <mixed-citation id="d22718e328" publication-type="other">
Echols, C.H., Crowhurst, M.J., &amp; Childers, J.B. (1997). The perception of rhythmic
units in speech by infants and adults. Journal of Memory and Language, 36, 202-
225.</mixed-citation>
         </ref>
         <ref id="d22718e341a1310">
            <mixed-citation id="d22718e345" publication-type="other">
Friederici, A.D., &amp; Wessels, J.M.I. (1993). Phonotactic knowledge and its use in infant
speech perception. Perception &amp; Psychophysics, 54, 287-295.</mixed-citation>
         </ref>
         <ref id="d22718e355a1310">
            <mixed-citation id="d22718e359" publication-type="other">
Gleitman, L.R., &amp; Wanner, E. (1982). Language acquisition: The state of the art. In E.
Wanner &amp; L.R. Gleitman (Eds.), Language acquisition: The state of the art (pp. 3-
48). Cambridge, England: Cambridge University Press.</mixed-citation>
         </ref>
         <ref id="d22718e373a1310">
            <mixed-citation id="d22718e377" publication-type="other">
Goodsitt, J.V., Morgan, J.L., &amp; Kuhl, P.K. (1993). Perceptual strategies in prelingual
speech segmentation. Journal of Child Language, 20, 229-252.</mixed-citation>
         </ref>
         <ref id="d22718e387a1310">
            <mixed-citation id="d22718e391" publication-type="other">
Harris, Z.S. (1951). Methods in structural linguistics. Chicago: University of Chicago
Press.</mixed-citation>
         </ref>
         <ref id="d22718e401a1310">
            <mixed-citation id="d22718e405" publication-type="other">
Harris, Z.S. (1955). From phoneme to morpheme. Language, 31, 190-222.</mixed-citation>
         </ref>
         <ref id="d22718e412a1310">
            <mixed-citation id="d22718e416" publication-type="other">
Hayes, J.R., &amp; Clark, H.H. (1970). Experiments in the segmentation of an artificial speech
analog. In J.R. Hayes (Ed.), Cognition and the development of language (pp. 221-
234). New York: Wiley.</mixed-citation>
         </ref>
         <ref id="d22718e429a1310">
            <mixed-citation id="d22718e433" publication-type="other">
Hirsh-Pasek, K., Kemler Nelson, D.G., Jusczyk, P.W., Wright Cassidy, K., Druss, B., &amp;
Kennedy, L. (1987). Clauses are perceptual units for young infants. Cognition, 26,
269-286.</mixed-citation>
         </ref>
         <ref id="d22718e446a1310">
            <mixed-citation id="d22718e450" publication-type="other">
Johnson, E.K., Saffran, J.R., Aslin, R.N., &amp; Newport, E.L. (1998, April). Statistical learn-
ing of non linguistic stimuli by 8-month-olds. Poster presented at the International
Conference on Infancy Studies, Atlanta.</mixed-citation>
         </ref>
         <ref id="d22718e464a1310">
            <mixed-citation id="d22718e468" publication-type="other">
Jusczyk, P.W., &amp; Aslin, R.N. (1995). Infants' detection of the sound patterns of words in
fluent speech. Cognitive Psychology, 29, 1-23.</mixed-citation>
         </ref>
         <ref id="d22718e478a1310">
            <mixed-citation id="d22718e482" publication-type="other">
Jusczyk, P.W., Cutler, A., &amp; Redanz, N. (1993). Preference for the predominant stress pat-
terns of English words. Child Development, 64, 675-687.</mixed-citation>
         </ref>
         <ref id="d22718e492a1310">
            <mixed-citation id="d22718e496" publication-type="other">
Jusczyk, P.W., Friederici, A.D., Wessels, J., Svenkerud, V.Y., &amp; Jusczyk, A.M. (1993).
Infants' sensitivity to the sound patterns of native language words. Journal of Mem-
ory and Language, 32, 402-420.</mixed-citation>
         </ref>
         <ref id="d22718e509a1310">
            <mixed-citation id="d22718e513" publication-type="other">
Jusczyk, P.W., Hirsh-Pasek, K., Kemler Nelson, D.G., Kennedy, L., Woodward, A., &amp;
Piwoz, J. (1992). Perception of acoustic correlates of major phrasal units by young
infants. Cognitive Psychology, 24, 252-293.</mixed-citation>
         </ref>
         <ref id="d22718e526a1310">
            <mixed-citation id="d22718e530" publication-type="other">
Lehiste, I. (1970). Suprasegmentals. Cambridge, MA: MIT Press.</mixed-citation>
         </ref>
         <ref id="d22718e537a1310">
            <mixed-citation id="d22718e541" publication-type="other">
Lieberman, P. (1984). The biology and evolution of language. Cambridge, MA: Harvard
University Press.</mixed-citation>
         </ref>
         <ref id="d22718e552a1310">
            <mixed-citation id="d22718e556" publication-type="other">
Maratsos, M., &amp; Chalkley, M.A. (1980). The internal language of children's syntax: The
ontogenesis and representation of syntactic categories. In K. Nelson (Ed.), Chil-
dren's language (Vol. 2, pp. 127-213). New York: Gardner Press.</mixed-citation>
         </ref>
         <ref id="d22718e569a1310">
            <mixed-citation id="d22718e573" publication-type="other">
Miller, G.A., &amp; Selfridge, J.A. (1950). Verbal context and the recall of meaningful mate-
rial. American Journal of Psychology, 63, 176-185.</mixed-citation>
         </ref>
         <ref id="d22718e583a1310">
            <mixed-citation id="d22718e587" publication-type="other">
Mintz, T.H., Newport, E.L., &amp; Bever, T.G. (1995). Distributional regularities of form class
in speech to young children. In J.N. Beckman (Ed.), Proceedings of NELS 25 (Vol.
2, pp. 43-54). Amherst, MA: Graduate Linguistic Student Association.</mixed-citation>
         </ref>
         <ref id="d22718e600a1310">
            <mixed-citation id="d22718e604" publication-type="other">
Morgan, J.L., Meier, R.P., &amp; Newport, E.L. (1987). Structural packaging in the input to
language learning: Contributions of prosodic and morphological marking of phrases
to the acquisition of language. Cognitive Psychology, 19, 498-550.</mixed-citation>
         </ref>
         <ref id="d22718e617a1310">
            <mixed-citation id="d22718e621" publication-type="other">
Morgan, J.L., &amp; Newport, E.L. (1981). The role of constituent structure in the induc-
tion of an artificial language. Journal of Verbal Learning and Verbal Behavior,
20, 67-85.</mixed-citation>
         </ref>
         <ref id="d22718e634a1310">
            <mixed-citation id="d22718e638" publication-type="other">
Morgan, J.L., &amp; Saffran, J.R. (1995). Emerging integration of sequential and supraseg-
mental information in preverbal speech segmentation. Child Development, 66,
911-936.</mixed-citation>
         </ref>
         <ref id="d22718e652a1310">
            <mixed-citation id="d22718e656" publication-type="other">
Myers, J., Jusczyk, P.W., Kemler Nelson, D.G., Charles-Luce, J., Woodward, A., &amp; Hirsh-
Pasek, K. (1996). Infants' sensitivity to word boundaries in fluent speech. Journal of
Child Language, 23, 1-30.</mixed-citation>
         </ref>
         <ref id="d22718e669a1310">
            <mixed-citation id="d22718e673" publication-type="other">
Pinker, S., &amp; Bloom, P. (1990). Natural language and natural selection. Behavioural and
Brain Sciences, 13, 707-784.</mixed-citation>
         </ref>
         <ref id="d22718e683a1310">
            <mixed-citation id="d22718e687" publication-type="other">
Rescorla, R.A. (1966). Predictability and number of pairings in Pavlovian fear condition-
ing. Psychonomic Science, 4, 383-384.</mixed-citation>
         </ref>
         <ref id="d22718e697a1310">
            <mixed-citation id="d22718e701" publication-type="other">
Rovee-Collier, C, &amp; Sullivan, M.W. (1980). Organization of infant memory. Journal of
Experimental Psychology: Human Learning and Memory, 6, 798-807.</mixed-citation>
         </ref>
         <ref id="d22718e711a1310">
            <mixed-citation id="d22718e715" publication-type="other">
Saffran, J.R. (1997). Statistical learning of syntactic structure: Mechanisms and con-
straints. Unpublished doctoral dissertation, University of Rochester, Rochester, NY.</mixed-citation>
         </ref>
         <ref id="d22718e725a1310">
            <mixed-citation id="d22718e729" publication-type="other">
Saffran, J.R., Aslin, R.N., &amp; Newport, E.L. (1996). Statistical learning by 8-month-olds.
Science, 274, 1926-1928.</mixed-citation>
         </ref>
         <ref id="d22718e740a1310">
            <mixed-citation id="d22718e744" publication-type="other">
Saffran, J.R., Newport, E.L., &amp; Aslin, R.N. (1996). Word segmentation: The role of distri-
butional cues. Journal of Memory and Language, 35, 606-621.</mixed-citation>
         </ref>
         <ref id="d22718e754a1310">
            <mixed-citation id="d22718e758" publication-type="other">
Saffran, J.R., Newport, E.L., Aslin, R.N., Tunick, R.A., &amp; Barrueco, S. (1997). Incidental
language learning: Listening (and learning) out of the corner of your ear. Psycholog-
ical Science, 8, 101-105.</mixed-citation>
         </ref>
         <ref id="d22718e771a1310">
            <mixed-citation id="d22718e775" publication-type="other">
Younger, B. (1985). The segregation of items into categories by ten-month-old infants.
Child Development, 56, 1574-1583.</mixed-citation>
         </ref>
      </ref-list>
   </back>
</article>
