<article xmlns:xsi="http://www.w3.org/2001/XMLSchema-instance"
         xmlns:xlink="http://www.w3.org/1999/xlink"
         xmlns:mml="http://www.w3.org/1998/Math/MathML"
         dtd-version="1.0"
         article-type="research-article">
   <front>
      <journal-meta>
         <journal-id journal-id-type="jstor">psychsci</journal-id>
         <journal-id journal-id-type="jstor">j50000277</journal-id>
         <journal-title-group>
            <journal-title>Psychological Science</journal-title>
         </journal-title-group>
         <publisher>
            <publisher-name>Cambridge University Press</publisher-name>
         </publisher>
         <issn pub-type="ppub">09567976</issn>
         <issn pub-type="epub">14679280</issn>
      </journal-meta>
      <article-meta>
         <article-id pub-id-type="jstor">40063159</article-id>
         <article-categories>
            <subj-group>
               <subject>Research Reports</subject>
            </subj-group>
         </article-categories>
         <title-group>
            <article-title>Object Substitution: A New Form of Masking in Unattended Visual Locations</article-title>
         </title-group>
         <contrib-group>
            <contrib>
               <string-name>
                  <given-names>James T.</given-names>
                  <surname>Enns</surname>
               </string-name>
            </contrib>
            <contrib>
               <string-name>
                  <given-names>Vincent</given-names>
                  <surname>Di Lollo</surname>
               </string-name>
            </contrib>
         </contrib-group>
         <pub-date>
            <day>1</day>
            <month>3</month>
            <year>1997</year>
         </pub-date>
         <volume>8</volume>
         <issue>2</issue>
         <issue-id>i40002706</issue-id>
         <fpage>135</fpage>
         <lpage>139</lpage>
         <permissions>
            <copyright-statement>Copyright 1997 American Psychological Society</copyright-statement>
         </permissions>
         <self-uri xlink:href="http://www.jstor.org/stable/40063159"/>
         <abstract>
            <p>Can four dots that surround, but do not touch, a target shape act as a mask to reduce target discriminability? Although existing theories of metacontrast and pattern masking say "no," we report this occurs when targets appear in unpredictable locations. In three experiments, a four-dot mask was compared with a standard metacontrast mask that surrounded the target. Although accuracy was predictably different for the two masks at a central display location in Experiment 1, both masks had similar strong effects on accuracy in parafoveal locations. Experiment 2 revealed that both four-dot and metacontrast masking were insensitive to contour proximity in parafoveal display locations, and Experiment 3 showed that four-dot masking could occur even at a central location if attention was distributed among several targets. We propose that targets in unattended locations are coded with low spatiotemporal resolution, leaving them vulnerable to substitution by the four dots when attention is directed to them.</p>
         </abstract>
         <custom-meta-group>
            <custom-meta>
               <meta-name>lang</meta-name>
               <meta-value>eng</meta-value>
            </custom-meta>
         </custom-meta-group>
      </article-meta>
   </front>
   <back>
      <ref-list>
         <title>References</title>
         <ref id="d8097e171a1310">
            <mixed-citation id="d8097e175" publication-type="other">
Alpern, M. (1953). Metacontrast. Journal of the Optical Society of America, 43,
648-657.</mixed-citation>
         </ref>
         <ref id="d8097e185a1310">
            <mixed-citation id="d8097e189" publication-type="other">
Averbach, E., &amp; Coriel, A.S. (1961). Short-term memory in vision. Bell Systems
Technical Journal, 40, 309-328.</mixed-citation>
         </ref>
         <ref id="d8097e199a1310">
            <mixed-citation id="d8097e203" publication-type="other">
Breitmeyer, B.G. (1984). Visual masking: An integrative approach. New York: Ox-
ford University Press.</mixed-citation>
         </ref>
         <ref id="d8097e213a1310">
            <mixed-citation id="d8097e217" publication-type="other">
Breitmeyer, B.G., &amp; Ganz, L. (1976). Implications of sustained and transient chan-
nels for theories of visual pattern masking, saccadic suppression, and informa-
tion processing. Psychological Review, 82, 1-36.</mixed-citation>
         </ref>
         <ref id="d8097e231a1310">
            <mixed-citation id="d8097e235" publication-type="other">
Burr, D.C. (1984). Summation of target and mask metacontrast stimuli. Perception,
13, 183-192.</mixed-citation>
         </ref>
         <ref id="d8097e245a1310">
            <mixed-citation id="d8097e249" publication-type="other">
Ganz, L. (1975). Temporal factors in visual perception. In E.C. Carterette &amp; M.P.
Friedman (Eds.), Handbook of perception: Vol. 5. Seeing (pp. 170-231). New
York: Academic Press.</mixed-citation>
         </ref>
         <ref id="d8097e262a1310">
            <mixed-citation id="d8097e268" publication-type="other">
Giesbrecht, B.L., &amp; Di Lollo, V. (1996, November). Beyond the attentional blink:
Visual masking by item substitution. Poster presented at the annual meeting
of the Psychonomic Society, Chicago.</mixed-citation>
         </ref>
         <ref id="d8097e281a1310">
            <mixed-citation id="d8097e285" publication-type="other">
Growney, R., Weisstein, N., &amp; Cox, S.I. (1977). Metacontrast as a function of spatial
separation with narrow line targets and masks. Vision Research, 17, 1205-1210.</mixed-citation>
         </ref>
         <ref id="d8097e295a1310">
            <mixed-citation id="d8097e299" publication-type="other">
Martin, J., Isaak, M.I., &amp; Shapiro, K.L. (1995, July). Probe identification errors
support an interference model of the attentional blink in rapid serial visual
presentation. Poster presented at the annual meeting of the American Psycho-
logical Society, New York.</mixed-citation>
         </ref>
         <ref id="d8097e315a1310">
            <mixed-citation id="d8097e319" publication-type="other">
Moran, J., &amp; Desimone, R. (1985). Selective attention gates visual processing in
the extrastriate cortex. Science, 229, 782-784.</mixed-citation>
         </ref>
         <ref id="d8097e330a1310">
            <mixed-citation id="d8097e334" publication-type="other">
Posner, M. (1980). Orienting of attention. Quarterly Journal of Experimental Psy-
chology, 32, 3-25.</mixed-citation>
         </ref>
         <ref id="d8097e344a1310">
            <mixed-citation id="d8097e348" publication-type="other">
Ramachandran, V.I., &amp; Cobb, S. (1995). Visual attention modulates metacontrast
masking. Nature, 373, 66-68.</mixed-citation>
         </ref>
         <ref id="d8097e358a1310">
            <mixed-citation id="d8097e362" publication-type="other">
Treisman, A., &amp; Gelade, G. (1980). A feature integration theory of attention.
Cognitive Psychology, 12, 97-136.</mixed-citation>
         </ref>
         <ref id="d8097e372a1310">
            <mixed-citation id="d8097e376" publication-type="other">
Tsal, Y., Meiran, N., &amp; Lamy, D. (1995). Towards a resolution theory of visual
attention. Visual Cognition, 2, 313-330.</mixed-citation>
         </ref>
         <ref id="d8097e386a1310">
            <mixed-citation id="d8097e390" publication-type="other">
Turvey, M.T. (1973). On peripheral and central processes in vision: Inferences
from an information-processing analysis of masking with patterned stimuli.
Psychological Review, 80, 1-52.</mixed-citation>
         </ref>
         <ref id="d8097e403a1310">
            <mixed-citation id="d8097e407" publication-type="other">
Weisstein, N.A., Ozog, G., &amp; Szoc, R. (1975). A comparison and elaboration of
two models of metacontrast. Psychological Review, 82, 325-343.</mixed-citation>
         </ref>
         <ref id="d8097e418a1310">
            <mixed-citation id="d8097e422" publication-type="other">
Werner, H. (1935). Studies on contour: I. Qualitative analysis. American Journal
of Psychology, 47, 40-64.</mixed-citation>
         </ref>
      </ref-list>
   </back>
</article>
