<article xmlns:xsi="http://www.w3.org/2001/XMLSchema-instance"
         xmlns:xlink="http://www.w3.org/1999/xlink"
         xmlns:mml="http://www.w3.org/1998/Math/MathML"
         dtd-version="1.0"
         article-type="research-article">
   <front>
      <journal-meta>
         <journal-id journal-id-type="jstor">psychsci</journal-id>
         <journal-id journal-id-type="jstor">j50000277</journal-id>
         <journal-title-group>
            <journal-title>Psychological Science</journal-title>
         </journal-title-group>
         <publisher>
            <publisher-name>Cambridge University Press</publisher-name>
         </publisher>
         <issn pub-type="ppub">09567976</issn>
         <issn pub-type="epub">14679280</issn>
      </journal-meta>
      <article-meta>
         <article-id pub-id-type="jstor">40062947</article-id>
         <article-categories>
            <subj-group>
               <subject>Special Section: "PS" Celebrates the Centennial of Jean Piaget</subject>
            </subj-group>
         </article-categories>
         <title-group>
            <article-title>Piaget on Childhood</article-title>
         </title-group>
         <contrib-group>
            <contrib>
               <string-name>
                  <given-names>Robert S.</given-names>
                  <surname>Siegler</surname>
               </string-name>
            </contrib>
            <contrib>
               <string-name>
                  <given-names>Shari</given-names>
                  <surname>Ellis</surname>
               </string-name>
            </contrib>
         </contrib-group>
         <pub-date>
            <day>1</day>
            <month>7</month>
            <year>1996</year>
         </pub-date>
         <volume>7</volume>
         <issue>4</issue>
         <issue-id>i40002693</issue-id>
         <fpage>211</fpage>
         <lpage>215</lpage>
         <permissions>
            <copyright-statement>Copyright 1996 American Psychological Society</copyright-statement>
         </permissions>
         <self-uri xlink:href="http://www.jstor.org/stable/40062947"/>
         <custom-meta-group>
            <custom-meta>
               <meta-name>lang</meta-name>
               <meta-value>eng</meta-value>
            </custom-meta>
         </custom-meta-group>
      </article-meta>
   </front>
   <back>
      <ref-list>
         <title>References</title>
         <ref id="d23795e129a1310">
            <mixed-citation id="d23795e133" publication-type="other">
Anderson, J.R. (1996). ACT: A simple theory of complex cognition. American
Psychologist, 51, 355-365.</mixed-citation>
         </ref>
         <ref id="d23795e143a1310">
            <mixed-citation id="d23795e147" publication-type="other">
Brainerd, C.J. (1978a). Piaget's theory of intelligence. Englewood Cliffs, NJ:
Prentice-Hall.</mixed-citation>
         </ref>
         <ref id="d23795e157a1310">
            <mixed-citation id="d23795e161" publication-type="other">
Brainerd, C.J. (1978b). The stage question in cognitive-developmental theory. The
Behavioral and Brain Sciences, 1, 173-213.</mixed-citation>
         </ref>
         <ref id="d23795e171a1310">
            <mixed-citation id="d23795e175" publication-type="other">
Brainerd, C.J., Reyna, V.F., Howe, M.L., &amp; Kingma, J. (1990). The development
of forgetting and reminiscence. Monographs of the Society for Research in
Child Development, 55(3-4, Serial No. 222).</mixed-citation>
         </ref>
         <ref id="d23795e189a1310">
            <mixed-citation id="d23795e193" publication-type="other">
Case, R. (1988). The structure and process of intellectual development. In A.
Demetriou (Ed.), The neo-Piagetian theories of cognitive development: To-
ward an integration (pp. 65-102). Amsterdam, Netherlands: Elsevier.</mixed-citation>
         </ref>
         <ref id="d23795e206a1310">
            <mixed-citation id="d23795e210" publication-type="other">
Ellis, S., &amp; Siegler, R.S. (1995, April). Developmental changes in children's
understanding of principles and procedures of measurement. Paper pre-
sented at the biennial meeting of the Society for Research in Child Devel-
opment, Indianapolis, IN.</mixed-citation>
         </ref>
         <ref id="d23795e226a1310">
            <mixed-citation id="d23795e230" publication-type="other">
Fischer, K.W., &amp; Farrar, M.J. (1988). Generalizations about generalization: How
a theory of skill development explains both generality and specificity. In A.
Demetriou (Ed.), The neo-Piagetian theories of cognitive development: To-
ward an integration (pp. 137-172). Amsterdam, Netherlands: Elsevier.</mixed-citation>
         </ref>
         <ref id="d23795e246a1310">
            <mixed-citation id="d23795e250" publication-type="other">
Flavell, J.H. (1971). Stage-related properties of cognitive development. Cognitive
Psychology, 2, 421-453.</mixed-citation>
         </ref>
         <ref id="d23795e260a1310">
            <mixed-citation id="d23795e264" publication-type="other">
Flavell, J.H. (1972). An analysis of cognitive-developmental sequences. Genetic
Psychology Monographs, 86, 279-350.</mixed-citation>
         </ref>
         <ref id="d23795e274a1310">
            <mixed-citation id="d23795e278" publication-type="other">
Flavell, J.H., Botkin, P.T., Fry, C.L., Wright, J.W., &amp; Jarvis, P.E. (1968). The
development of role-taking and communication skills. New York: Wiley.</mixed-citation>
         </ref>
         <ref id="d23795e289a1310">
            <mixed-citation id="d23795e293" publication-type="other">
Geary, D.C., &amp; Burlingham-Dubree, M. (1989). External validation of the strat-
egy choice model for addition. Journal of Experimental Child Psychology,
47, 175-192.</mixed-citation>
         </ref>
         <ref id="d23795e306a1310">
            <mixed-citation id="d23795e310" publication-type="other">
Gelman, R., &amp; Gallistel, C.R. (1978). The child's understanding of number. Cam-
bridge, MA: Harvard University Press.</mixed-citation>
         </ref>
         <ref id="d23795e320a1310">
            <mixed-citation id="d23795e324" publication-type="other">
Goldin-Meadow, S., Alibali, M.W., &amp; Church, R.B. (1993). Transitions in con-
cept acquisition: Using the hand to read the mind. Psychological Review,
100, 279-297.</mixed-citation>
         </ref>
         <ref id="d23795e337a1310">
            <mixed-citation id="d23795e341" publication-type="other">
Groen, G.J., &amp; Resnick, L.B. (1977). Can preschool children invent addition
algorithms? Journal of Educational Psychology, 69, 645-652.</mixed-citation>
         </ref>
         <ref id="d23795e351a1310">
            <mixed-citation id="d23795e355" publication-type="other">
Halford, G.S. (1988). A structure-mapping approach to cognitive development. In
A. Demetriou (Ed.), The neo-Piagetian theories of cognitive development:
Toward an integration (pp. 103-136). Amsterdam, Netherlands: Elsevier.</mixed-citation>
         </ref>
         <ref id="d23795e368a1310">
            <mixed-citation id="d23795e372" publication-type="other">
Higgins, E.R., &amp; Parsons, J.E. (1983). Social cognition and the social life of the
child: Stages as subcultures. In E.T. Higgins, D.N. Ruble, &amp; W.W. Hartup
(Eds.), Social cognition and social development: A sociocultural perspec-
tive (pp. 15-62). Cambridge, England: Cambridge University Press.</mixed-citation>
         </ref>
         <ref id="d23795e389a1310">
            <mixed-citation id="d23795e393" publication-type="other">
Johnson, M.H., &amp; Morton, J. (1991). Biology and face recognition. Oxford, En-
gland: Black well.</mixed-citation>
         </ref>
         <ref id="d23795e403a1310">
            <mixed-citation id="d23795e407" publication-type="other">
Klahr, D. (1982). Nonmonotone assessment of monotone development: An infor-
mation processing analysis. In S. Strauss (Ed.), U-shaped behavioral
growth (pp. 63-86). New York: Academic Press.</mixed-citation>
         </ref>
         <ref id="d23795e420a1310">
            <mixed-citation id="d23795e424" publication-type="other">
Levin, I. (1982). The nature and development of time concepts in children: The
effects of interfering cues. In W.J. Friedman (Ed.), The developmental psy-
chology of time (pp. 47-86). New York: Academic Press.</mixed-citation>
         </ref>
         <ref id="d23795e437a1310">
            <mixed-citation id="d23795e441" publication-type="other">
Miller, P.H. (1993). Theories of developmental psychology (3rd ed.). New York:
Freeman.</mixed-citation>
         </ref>
         <ref id="d23795e451a1310">
            <mixed-citation id="d23795e455" publication-type="other">
Oyama, S. (1985). The ontogeny of information: Developmental systems and
evolution. New York: Cambridge University Press.</mixed-citation>
         </ref>
         <ref id="d23795e465a1310">
            <mixed-citation id="d23795e469" publication-type="other">
Piaget, J. (1932). The moral judgment of the child (M. Gabain, Trans.). London:
Kegan Paul.</mixed-citation>
         </ref>
         <ref id="d23795e480a1310">
            <mixed-citation id="d23795e484" publication-type="other">
Piaget, J. (1950). The psychology of intelligence (M. Piercy &amp; D.E. Berlyne,
Trans.). London: Routledge &amp; Kegan Paul. (Original work published 1947)</mixed-citation>
         </ref>
         <ref id="d23795e494a1310">
            <mixed-citation id="d23795e498" publication-type="other">
Piaget, J. (1952). The child's conception of number (C. Gattegno &amp; F.M. Hodg-
son, Trans.). London: Routledge &amp; Kegan Paul. (Original work published
1941)</mixed-citation>
         </ref>
         <ref id="d23795e511a1310">
            <mixed-citation id="d23795e515" publication-type="other">
Piaget, J. (1969). The child's concept of time (A.J. Pomerans, Trans.). New York:
Ballantine. (Original work published 1946)</mixed-citation>
         </ref>
         <ref id="d23795e525a1310">
            <mixed-citation id="d23795e529" publication-type="other">
Piaget, J. (1971). Biology and knowledge (B. Walsh, Trans.). Chicago: University
of Chicago Press. (Original work published 1967)</mixed-citation>
         </ref>
         <ref id="d23795e539a1310">
            <mixed-citation id="d23795e543" publication-type="other">
Quine, W.V.O. (1960). Word and object. Cambridge, MA: MIT Press.</mixed-citation>
         </ref>
         <ref id="d23795e550a1310">
            <mixed-citation id="d23795e554" publication-type="other">
Resnick, L.B., &amp; Ford, W.W. (1981). The psychology of mathematics for instruc-
tion. Hillsdale, NJ: Erlbaum.</mixed-citation>
         </ref>
         <ref id="d23795e565a1310">
            <mixed-citation id="d23795e569" publication-type="other">
Rogoff, B. (in press). Developmental transitions in children's participation in
sociocultural activities. In A.J. Sameroff &amp; M. Haith (Eds.), Reason and
responsibility: The passage through childhood. Chicago: University of Chi-
cago Press.</mixed-citation>
         </ref>
         <ref id="d23795e585a1310">
            <mixed-citation id="d23795e589" publication-type="other">
Sameroff, A.J., &amp; Haith, M. (Eds.), (in press). Reason and responsibility: The
passage through childhood. Chicago: University of Chicago Press.</mixed-citation>
         </ref>
         <ref id="d23795e599a1310">
            <mixed-citation id="d23795e603" publication-type="other">
Siegler, R.S. (1989). Mechanisms of cognitive development. Annual Review of
Psychology, 40, 353-379.</mixed-citation>
         </ref>
         <ref id="d23795e613a1310">
            <mixed-citation id="d23795e617" publication-type="other">
Siegler, R.S. (1995). How does change occur: A microgenetic study of number
conservation. Cognitive Psychology, 28, 225-273.</mixed-citation>
         </ref>
         <ref id="d23795e627a1310">
            <mixed-citation id="d23795e631" publication-type="other">
Siegler, R.S. (1996). Emerging minds: The process of change in children's think-
ing. New York: Oxford University Press.</mixed-citation>
         </ref>
         <ref id="d23795e641a1310">
            <mixed-citation id="d23795e645" publication-type="other">
Siegler, R.S. (in press). Unidimensional thinking, multidimensional thinking, and
characteristic tendencies of thought. In A.J. Sameroff &amp; M. Haith (Eds.),
Reason and responsibility: The passage through childhood. Chicago: Uni-
versity of Chicago Press.</mixed-citation>
         </ref>
         <ref id="d23795e662a1310">
            <mixed-citation id="d23795e666" publication-type="other">
Siegler, R.S., &amp; Jenkins, E. (1989). How children discover new strategies.
Hillsdale, NJ: Erlbaum.</mixed-citation>
         </ref>
         <ref id="d23795e676a1310">
            <mixed-citation id="d23795e680" publication-type="other">
Siegler, R.S., &amp; McGilly, K. (1989). Strategy choices in children's time-telling. In
I. Levin &amp; D. Zakay (Eds.), Time and human cognition: A life span per-
spective (pp. 185-218). Amsterdam, Netherlands: Elsevier.</mixed-citation>
         </ref>
         <ref id="d23795e693a1310">
            <mixed-citation id="d23795e697" publication-type="other">
Siegler, R.S., &amp; Shrager, J. (1984). Strategy choices in addition and subtraction:
How do children know what to do? In C. Sophian (Ed.), Origins of cognitive
skills (pp. 229-293). Hillsdale, NJ: Erlbaum.</mixed-citation>
         </ref>
         <ref id="d23795e710a1310">
            <mixed-citation id="d23795e714" publication-type="other">
Simon, T., &amp; Halford, G. (Eds.). (1995). Developing cognitive competence: New
approaches to process modeling. Hillsdale, NJ: Erlbaum.</mixed-citation>
         </ref>
         <ref id="d23795e724a1310">
            <mixed-citation id="d23795e728" publication-type="other">
Spelke, E.S., &amp; Newport, E.L. (in press). Neo-nativist theories. In W. Damon
(Series Ed.) &amp; R. Lerner (Vol. Ed.), Handbook of child psychology: Vol. 1.
Theory (5th ed.). New York: Wiley.</mixed-citation>
         </ref>
         <ref id="d23795e741a1310">
            <mixed-citation id="d23795e745" publication-type="other">
Stevenson, H.W. (1972). Children's learning. New York: Appleton-Century-
Crofts.</mixed-citation>
         </ref>
         <ref id="d23795e756a1310">
            <mixed-citation id="d23795e760" publication-type="other">
Thelen, E., &amp; Smith, L.B. (1993). Dynamic systems in development: Theory.
Cambridge, MA: MIT Press.</mixed-citation>
         </ref>
         <ref id="d23795e770a1310">
            <mixed-citation id="d23795e774" publication-type="other">
Vosniadou, S., &amp; Brewer, W.F. (1992). Mental models of the earth: A study of
conceptual change in childhood. Cognitive Psychology, 24, 535-585.</mixed-citation>
         </ref>
         <ref id="d23795e784a1310">
            <mixed-citation id="d23795e788" publication-type="other">
White, S.H. (1965). Evidence for a hierarchical arrangement of learning pro-
cesses. In L.P. Lipsitt &amp; C.C. Spiker (Eds.), Advances in child behavior
and development (Vol. 2, pp. 132-167). New York: Academic Press.</mixed-citation>
         </ref>
         <ref id="d23795e801a1310">
            <mixed-citation id="d23795e805" publication-type="other">
Youniss, J., &amp; Damon, W. (1992). Social construction in Piaget's theory. In H.
Beilin &amp; P. Pufall (Eds.), Piaget's theory: Prospects and possibilities (pp.
267-286). Hillsdale, NJ: Erlbaum.</mixed-citation>
         </ref>
      </ref-list>
   </back>
</article>
