<article xmlns:xsi="http://www.w3.org/2001/XMLSchema-instance"
         xmlns:xlink="http://www.w3.org/1999/xlink"
         xmlns:mml="http://www.w3.org/1998/Math/MathML"
         dtd-version="1.0"
         article-type="research-article">
   <front>
      <journal-meta>
         <journal-id journal-id-type="jstor">psychsci</journal-id>
         <journal-id journal-id-type="jstor">j50000277</journal-id>
         <journal-title-group>
            <journal-title>Psychological Science</journal-title>
         </journal-title-group>
         <publisher>
            <publisher-name>Cambridge University Press</publisher-name>
         </publisher>
         <issn pub-type="ppub">09567976</issn>
         <issn pub-type="epub">14679280</issn>
      </journal-meta>
      <article-meta>
         <article-id pub-id-type="jstor">40063070</article-id>
         <article-categories>
            <subj-group>
               <subject>Research Reports</subject>
            </subj-group>
         </article-categories>
         <title-group>
            <article-title>Facilitation of Saccades toward a Covertly Attended Location in Early Infancy</article-title>
         </title-group>
         <contrib-group>
            <contrib>
               <string-name>
                  <given-names>Mark H.</given-names>
                  <surname>Johnson</surname>
               </string-name>
            </contrib>
            <contrib>
               <string-name>
                  <given-names>Michael I.</given-names>
                  <surname>Posner</surname>
               </string-name>
            </contrib>
            <contrib>
               <string-name>
                  <given-names>Mary K.</given-names>
                  <surname>Rothbart</surname>
               </string-name>
            </contrib>
         </contrib-group>
         <pub-date>
            <day>1</day>
            <month>3</month>
            <year>1994</year>
         </pub-date>
         <volume>5</volume>
         <issue>2</issue>
         <issue-id>i40002701</issue-id>
         <fpage>90</fpage>
         <lpage>93</lpage>
         <permissions>
            <copyright-statement>Copyright 1994 American Psychological Society</copyright-statement>
         </permissions>
         <self-uri xlink:href="http://www.jstor.org/stable/40063070"/>
         <abstract>
            <p>Covert shifts of visual attention may be demonstrated in both adult and infant subjects by facilitation of reaction times to make a saccade to a previously cued location. However, this facilitation may be interpreted in terms of a direct effect on the eye movement system. In the present experiment, we attempted to train 4-month-old infants to make a saccade in the location opposite from that in which a cue appeared. Following such training, we examined the reaction time to occasional probe targets that appeared in the same location as the cue. Infants were faster to respond to a target in this location than they were to respond to it either in the training (expected) location or in baseline trials. We interpret the results as providing further evidence for covert shifts of attention in 4-month-old infants, and suggest that the effects of covert shifts of attention on the eye movement system are independent of those from sequence learning.</p>
         </abstract>
         <custom-meta-group>
            <custom-meta>
               <meta-name>lang</meta-name>
               <meta-value>eng</meta-value>
            </custom-meta>
         </custom-meta-group>
      </article-meta>
   </front>
   <back>
      <ref-list>
         <title>References</title>
         <ref id="d22702e165a1310">
            <mixed-citation id="d22702e169" publication-type="other">
Allport, A. (1989). Visual attention. In M.I. Posner
(Ed.), Foundations of cognitive science (pp.
631-682). Cambridge, MA: MIT Press.</mixed-citation>
         </ref>
         <ref id="d22702e182a1310">
            <mixed-citation id="d22702e188" publication-type="other">
Chugani, H.T., Phelps, M.E., &amp; Mazziotta, J.C.
(1987). Positron emission tomography study of
human brain functional development. Annals
of Neurology, 22, 487-497.</mixed-citation>
         </ref>
         <ref id="d22702e204a1310">
            <mixed-citation id="d22702e208" publication-type="other">
Clohessy, A.B. (1993). Anticipatory eye movements
in infants and adults: Using visual cues to pre-
dict event locations. Unpublished doctoral dis-
sertation, University of Oregon, Eugene.</mixed-citation>
         </ref>
         <ref id="d22702e224a1310">
            <mixed-citation id="d22702e228" publication-type="other">
Conel, J.L. (1939-1967). The postnatal development
of the human cerebral cortex (Vols. I-VIII).
Cambridge, MA: Harvard University Press</mixed-citation>
         </ref>
         <ref id="d22702e242a1310">
            <mixed-citation id="d22702e246" publication-type="other">
Fischer, B., &amp; Breitmeyer, B. (1987). Mechanisms
of visual attention revealed by saccadic eye
movements. Neuropsychologia, 25, 73-83.</mixed-citation>
         </ref>
         <ref id="d22702e259a1310">
            <mixed-citation id="d22702e263" publication-type="other">
Haith, M.M., Hazan, C, &amp; Goodman, G.S. (1988).
Expectation and anticipation of dynamic vi-
sual events by 3.5-month-old babies. Child De-
velopment, 59, 467-479.</mixed-citation>
         </ref>
         <ref id="d22702e279a1310">
            <mixed-citation id="d22702e283" publication-type="other">
Hallett, P.E. (1978). Primary and secondary sac-
cades to goals defined by instructions. Vision
Research, 18, 1270-1296.</mixed-citation>
         </ref>
         <ref id="d22702e296a1310">
            <mixed-citation id="d22702e300" publication-type="other">
Hood, B. (in press). Visual selective attention in the
human infant: A neuroscientific approach. Ad-
vances in Infancy Research.</mixed-citation>
         </ref>
         <ref id="d22702e313a1310">
            <mixed-citation id="d22702e317" publication-type="other">
Hood, B., &amp; Atkinson, J. (1991, May). Shifting co-
vert attention in infants. Paper presented at
the meeting of the Society for Research in
Child Development, Seattle.</mixed-citation>
         </ref>
         <ref id="d22702e333a1310">
            <mixed-citation id="d22702e337" publication-type="other">
Johnson, M.H. (in press). Visual attention and the
control of eye movements in early infancy. In
C. Umilta &amp; M. Moscovitch (Eds.), Attention
and performance XV: Conscious and noncon-
scious information processing. Cambridge,
MA: MIT Press.</mixed-citation>
         </ref>
         <ref id="d22702e361a1310">
            <mixed-citation id="d22702e365" publication-type="other">
Johnson, M.H., Posner, M.I., &amp; Rothbart, M.K.
(1991). Components of visual orienting in early
infancy: Contingency learning, anticipatory
looking, and disengaging. Journal of Cognitive
Neuroscience, 3, 335-344.</mixed-citation>
         </ref>
         <ref id="d22702e384a1310">
            <mixed-citation id="d22702e388" publication-type="other">
Johnson, M.H., &amp; Tucker, L.A. (1993). The ontog-
eny of covert visual attention: Facilitatory and
inhibitory effects. Abstracts of the Society for
Research in Child Development, 9, 424.</mixed-citation>
         </ref>
         <ref id="d22702e404a1310">
            <mixed-citation id="d22702e408" publication-type="other">
Maylor, E.A. (1985). Facilitatory and inhibitory
components of orienting in visual space. In
M.I. Posner &amp; O.M. Marin (Eds.), Attention
and performance XI (pp. 189-203). Hillsdale,
NJ: Erlbaum.</mixed-citation>
         </ref>
         <ref id="d22702e427a1310">
            <mixed-citation id="d22702e431" publication-type="other">
Posner, M.I., &amp; Cohen, Y. (1980). Attention and the
control of movements. In G.E. Stelmach &amp; J.
Requin (Eds.), Tutorials in motor behavior
(pp. 243-257). Amsterdam: North Holland.</mixed-citation>
         </ref>
         <ref id="d22702e447a1310">
            <mixed-citation id="d22702e451" publication-type="other">
Posner, M.I., &amp; Cohen, Y. (1984). Components of
visual orienting. In H. Bouma &amp; D.G. Bou-
whis (Eds.), Attention and performance X:
Control of language processes (pp. 531-554).
Hillsdale, NJ: Erlbaum.</mixed-citation>
         </ref>
         <ref id="d22702e470a1310">
            <mixed-citation id="d22702e474" publication-type="other">
Posner, M.I., Cohen, Y., &amp; Rafal, R.D. (1982). Neu-
ral systems control of spatial orienting. Philo-
sophical Transactions of the Royal Society of
London, 298B, 187-198.</mixed-citation>
         </ref>
         <ref id="d22702e491a1310">
            <mixed-citation id="d22702e495" publication-type="other">
Posner, M.I., &amp; Petersen, S.E. (1990). The attention
system of the human brain. Annual Review of
Neuroscience, 13, 25-42.</mixed-citation>
         </ref>
         <ref id="d22702e508a1310">
            <mixed-citation id="d22702e512" publication-type="other">
Posner, M.I., Rafal, R.D., Choate, L.S., &amp;
Vaughan, J. (1985). Inhibition of return: Neu-
ral basis and function. Cognitive Neuropsy-
chology,2,2U-22S.</mixed-citation>
         </ref>
      </ref-list>
   </back>
</article>
