<article xmlns:xsi="http://www.w3.org/2001/XMLSchema-instance"
         xmlns:xlink="http://www.w3.org/1999/xlink"
         xmlns:mml="http://www.w3.org/1998/Math/MathML"
         dtd-version="1.0"
         article-type="research-article">
   <front>
      <journal-meta>
         <journal-id journal-id-type="jstor">psychsci</journal-id>
         <journal-id journal-id-type="jstor">j50000277</journal-id>
         <journal-title-group>
            <journal-title>Psychological Science</journal-title>
         </journal-title-group>
         <publisher>
            <publisher-name>Cambridge University Press</publisher-name>
         </publisher>
         <issn pub-type="ppub">09567976</issn>
         <issn pub-type="epub">14679280</issn>
      </journal-meta>
      <article-meta>
         <article-id pub-id-type="jstor">40063152</article-id>
         <article-categories>
            <subj-group>
               <subject>Research Articles</subject>
            </subj-group>
         </article-categories>
         <title-group>
            <article-title>Priming from the Attentional Blink: A Failure to Extract Visual Tokens but Not Visual Types</article-title>
         </title-group>
         <contrib-group>
            <contrib>
               <string-name>
                  <given-names>Kimron</given-names>
                  <surname>Shapiro</surname>
               </string-name>
            </contrib>
            <contrib>
               <string-name>
                  <given-names>Jon</given-names>
                  <surname>Driver</surname>
               </string-name>
            </contrib>
            <contrib>
               <string-name>
                  <given-names>Robert</given-names>
                  <surname>Ward</surname>
               </string-name>
            </contrib>
            <contrib>
               <string-name>
                  <given-names>Robyn E.</given-names>
                  <surname>Sorensen</surname>
               </string-name>
            </contrib>
         </contrib-group>
         <pub-date>
            <day>1</day>
            <month>3</month>
            <year>1997</year>
         </pub-date>
         <volume>8</volume>
         <issue>2</issue>
         <issue-id>i40002706</issue-id>
         <fpage>95</fpage>
         <lpage>100</lpage>
         <permissions>
            <copyright-statement>Copyright 1997 American Psychological Society</copyright-statement>
         </permissions>
         <self-uri xlink:href="http://www.jstor.org/stable/40063152"/>
         <abstract>
            <p>When people must detect several targets in a very rapid stream of successive visual events at the same location, detection of an initial target induces misses for subsequent targets within a brief period. This attentional blink may serve to prevent interruption of ongoing target processing by temporarily suppressing vision for subsequent stimuli. We examined the level at which the internal blink operates, specifically, whether it prevents early visual processing or prevents quite substantial processing from reaching awareness. Our data support the latter view. We observed priming from missed letter targets, benefiting detection of a subsequent target with the same identity but a different case. In a second study, we observed semantic priming from word targets that were missed during the blink. These results demonstrate that attentional gating within the blink operates only after substantial stimulus processing has already taken place. The results are discussed in terms of two forms of visual representation, namely, types and tokens.</p>
         </abstract>
         <custom-meta-group>
            <custom-meta>
               <meta-name>lang</meta-name>
               <meta-value>eng</meta-value>
            </custom-meta>
         </custom-meta-group>
      </article-meta>
   </front>
   <back>
      <ref-list>
         <title>References</title>
         <ref id="d8146e186a1310">
            <mixed-citation id="d8146e190" publication-type="other">
Broadbent, D.E., &amp; Broadbent, M.H.P. (1987). From detection to identification: Response
to multiple targets in rapid serial visual presentation. Perception and Psychophys-
ics,42, 105-113.</mixed-citation>
         </ref>
         <ref id="d8146e203a1310">
            <mixed-citation id="d8146e209" publication-type="other">
Chun, M.M., &amp; Potter, M.C. (1995). A two-stage model for multiple target detection in
rapid serial visual presentation. Journal of Experimental Psychology: Human Per-
ception and Performance, 21, 109-127.</mixed-citation>
         </ref>
         <ref id="d8146e222a1310">
            <mixed-citation id="d8146e226" publication-type="other">
Duncan, J., Ward, R., &amp; Shapiro, K.L. (1994). Direct measurement of attentional dwell
time in human vision. Nature, 369, 313-315.</mixed-citation>
         </ref>
         <ref id="d8146e236a1310">
            <mixed-citation id="d8146e240" publication-type="other">
Kanwisher, N.G. (1987). Repetition blindness: Type recognition without token individu-
ation. Cognition, 27, 117-143.</mixed-citation>
         </ref>
         <ref id="d8146e251a1310">
            <mixed-citation id="d8146e255" publication-type="other">
Kanwisher, N.G., &amp; Potter, M.C. (1990). Repetition blindness: Levels of processing.
Journal of Experimental Psychology: Human Perception and Performance, 16,
30-47.</mixed-citation>
         </ref>
         <ref id="d8146e268a1310">
            <mixed-citation id="d8146e272" publication-type="other">
Luck, S.J., Vogel, E.K., &amp; Shapiro, K.L. (1996). Word meanings can be accessed but not
reported during the attentional blink. Nature, 382, 616-618.</mixed-citation>
         </ref>
         <ref id="d8146e282a1310">
            <mixed-citation id="d8146e286" publication-type="other">
Maki, W.S., Frigen, K., &amp; Paulson, K. (in press). Associative priming by targets and
distractors during rapid serial visual presentation. Journal of Experimental Psy-
chology: Human Perception and Performance.</mixed-citation>
         </ref>
         <ref id="d8146e299a1310">
            <mixed-citation id="d8146e303" publication-type="other">
Maki, W.S., &amp; Padmanabhan, G. (1994). Transient suppression of processing during rapid
serial visual presentation: Acquired distinctiveness of probes modulates the atten-
tional blink. Psychonomic Bulletin and Review, 4, 499-504.</mixed-citation>
         </ref>
         <ref id="d8146e316a1310">
            <mixed-citation id="d8146e320" publication-type="other">
Monsell, S. (1978). Recency, immediate recognition memory, and reaction time. Cogni-
tive Psychology, 10, 465-501.</mixed-citation>
         </ref>
         <ref id="d8146e330a1310">
            <mixed-citation id="d8146e334" publication-type="other">
Moray, N. (1959). Attention in dichotic listening: Affective cues and the influence of
instruction. Quarterly Journal of Experimental Psychology, 11, 56-60.</mixed-citation>
         </ref>
         <ref id="d8146e345a1310">
            <mixed-citation id="d8146e349" publication-type="other">
Raymond, J.E., Shapiro, K.S., &amp; Arnell, K.M. (1992). Temporary suppression of visual
processing in an RSVP task: An attentional blink? Journal of Experimental Psy-
chology: Human Perception and Performance, 18, 849-860.</mixed-citation>
         </ref>
         <ref id="d8146e362a1310">
            <mixed-citation id="d8146e366" publication-type="other">
Raymond, J.E., Shapiro, K.S., &amp; Arnell, K.M. (1995). Similarity determines the atten-
tional blink. Journal of Experimental Psychology: Human Perception and Perfor-
mance, 21, 653-662.</mixed-citation>
         </ref>
         <ref id="d8146e379a1310">
            <mixed-citation id="d8146e383" publication-type="other">
Shapiro, K.L., Caldwell, J.I., &amp; Sorensen, R.E. (in press). Personal names and the atten-
tional blink: A visual "cocktail party" effect. Journal of Experimental Psychology:
Human Perception and Performance.</mixed-citation>
         </ref>
         <ref id="d8146e396a1310">
            <mixed-citation id="d8146e400" publication-type="other">
Shapiro, K.L., &amp; Raymond, J.E. (1994). Temporal allocation of visual attention: Inhibition
or interference? In D. Dagenbach &amp; T. Carr (Eds.), Inhibitory processes in atten-
tion, memory, and language (pp. 151-188). New York: Academic Press.</mixed-citation>
         </ref>
         <ref id="d8146e413a1310">
            <mixed-citation id="d8146e417" publication-type="other">
Shapiro, K.L., Raymond, J.E., &amp; Arnell, K.M. (1994). Attention to visual pattern infor-
mation produces the attentional blink in RSVP. Journal of Experimental Psychol-
ogy: Human Perception and Performance, 20, 357-371.</mixed-citation>
         </ref>
         <ref id="d8146e430a1310">
            <mixed-citation id="d8146e434" publication-type="other">
Shelton, J.R., &amp; Martin, R.C. (1992). How semantic is automatic semantic priming?
Journal of Experimental Psychology: Learning, Memory, and Cognition, 18, 1191-
1210.</mixed-citation>
         </ref>
         <ref id="d8146e448a1310">
            <mixed-citation id="d8146e452" publication-type="other">
Weichselgartner, E., &amp; Sperling, G. (1987). Dynamics of automatic and controlled visual
attention. Science, 238, 778-780.</mixed-citation>
         </ref>
      </ref-list>
   </back>
</article>
