<article xmlns:xsi="http://www.w3.org/2001/XMLSchema-instance"
         xmlns:xlink="http://www.w3.org/1999/xlink"
         xmlns:mml="http://www.w3.org/1998/Math/MathML"
         dtd-version="1.0"
         article-type="research-article">
   <front>
      <journal-meta>
         <journal-id journal-id-type="jstor">psychsci</journal-id>
         <journal-id journal-id-type="jstor">j50000277</journal-id>
         <journal-title-group>
            <journal-title>Psychological Science</journal-title>
         </journal-title-group>
         <publisher>
            <publisher-name>Cambridge University Press</publisher-name>
         </publisher>
         <issn pub-type="ppub">09567976</issn>
         <issn pub-type="epub">14679280</issn>
      </journal-meta>
      <article-meta>
         <article-id pub-id-type="jstor">40062884</article-id>
         <title-group>
            <article-title>Good and Bad Humors: Biochemical Bases of Personality and Its Disorders</article-title>
         </title-group>
         <contrib-group>
            <contrib>
               <string-name>
                  <given-names>Marvin</given-names>
                  <surname>Zuckerman</surname>
               </string-name>
            </contrib>
         </contrib-group>
         <pub-date>
            <day>1</day>
            <month>11</month>
            <year>1995</year>
         </pub-date>
         <volume>6</volume>
         <issue>6</issue>
         <issue-id>i40002689</issue-id>
         <fpage>325</fpage>
         <lpage>332</lpage>
         <permissions>
            <copyright-statement>Copyright 1995 American Psychological Society</copyright-statement>
         </permissions>
         <self-uri xlink:href="http://www.jstor.org/stable/40062884"/>
         <abstract>
            <p>Personality and its disorders may be studied at many levels, from the broad trait to the basic genetic level. This article addresses primarily two of these levels, the trait and the biochemical, and the relations between them, with some treatment of the genetic and neuropsychological levels. Five current trait models are described. Neurotransmitter systems in the brain and hormones have been shown to be important sources of individual differences in traits and behaviors in humans and other species, but simple one-to-one relationships between traits and biochemicals are rare, and interactions are likely at all levels.</p>
         </abstract>
         <custom-meta-group>
            <custom-meta>
               <meta-name>lang</meta-name>
               <meta-value>eng</meta-value>
            </custom-meta>
         </custom-meta-group>
      </article-meta>
   </front>
   <back>
      <ref-list>
         <title>References</title>
         <ref id="d30194e123a1310">
            <mixed-citation id="d30194e127" publication-type="other">
Ballenger, J.C., Post, R.M., Jimerson, D.C., Lake, C.R., Murphy, D.L., Zuck-
erman, M., &amp; Cronin, C. (1983). Biochemical correlates of personality traits
in normals: An exploratory study. Personality and Individual Differences,
4, 615-625.</mixed-citation>
         </ref>
         <ref id="d30194e143a1310">
            <mixed-citation id="d30194e147" publication-type="other">
Bloom, F.E., &amp; Kupfer, D.J. (Eds.). (1995). Psychopharmacology: The fourth
generation of progress. New York: Raven Press.</mixed-citation>
         </ref>
         <ref id="d30194e157a1310">
            <mixed-citation id="d30194e161" publication-type="other">
Born, J., Hitzler, V., Pietrowsky, R., Pauschinger, P., &amp; Fehm, H.L. (1988).
Influences of cortisol on auditory evoked potentials and mood in humans.
Neuropsychobiology, 20, 145-151.</mixed-citation>
         </ref>
         <ref id="d30194e174a1310">
            <mixed-citation id="d30194e178" publication-type="other">
Bouchard, T.J., Jr. (1993). Genetic and environmental influences on adult personal-
ity: Evaluating the evidence. In J. Hettema &amp; I.J. Deary (Eds.), Foundations
of personality (pp. 15-44). Dordrecht, Netherlands: Kluwer Academic.</mixed-citation>
         </ref>
         <ref id="d30194e192a1310">
            <mixed-citation id="d30194e196" publication-type="other">
Cloninger, C.R. (1987). A systematic method for clinical description and classi-
fication of personality. Archives of General Psychiatry, 44, 573-588.</mixed-citation>
         </ref>
         <ref id="d30194e206a1310">
            <mixed-citation id="d30194e210" publication-type="other">
Costa, P.T., Jr., &amp; McCrae, R.R. (1992). NEO-PI-R: Revised personality inven-
tory. Odessa, FL: Psychological Assessment Resources.</mixed-citation>
         </ref>
         <ref id="d30194e220a1310">
            <mixed-citation id="d30194e224" publication-type="other">
Dabbs, J.M., Jr., Carr, T.S., Frady, R.L., &amp; Riad, J.K. (1995). Testosterone,
crime, and misbehavior among 692 male prison inmates. Personality and
Individual Differences, 19, 627-633.</mixed-citation>
         </ref>
         <ref id="d30194e237a1310">
            <mixed-citation id="d30194e241" publication-type="other">
Dabbs, J.M., Jr., Ruback, R.B., Frady, R.L., Hopper, C.H., &amp; Sgoritas, D.S.
(1988). Saliva testosterone and criminal violence among women. Personality
and Individual Differences, 9, 269-275.</mixed-citation>
         </ref>
         <ref id="d30194e254a1310">
            <mixed-citation id="d30194e258" publication-type="other">
Daitzman, R.J., &amp; Zuckerman, M. (1980). Disinhibitory sensation seeking, per-
sonality, and gonadal hormones. Personality and Individual Differences, 1,
103-110.</mixed-citation>
         </ref>
         <ref id="d30194e271a1310">
            <mixed-citation id="d30194e275" publication-type="other">
Davidson, R.J. (1992). Emotion and affective style: Hemispheric substrates. Psy-
chological Science, 3, 39-43.</mixed-citation>
         </ref>
         <ref id="d30194e286a1310">
            <mixed-citation id="d30194e290" publication-type="other">
Davis, M. (1986). Pharmacological and anatomical analysis of fear conditioning
using the fear-potentiated startle paradigm. Behavioral Neuroscience, 100,
814-824.</mixed-citation>
         </ref>
         <ref id="d30194e303a1310">
            <mixed-citation id="d30194e307" publication-type="other">
Dellu, F., Mayo, W., Piazza, P.V., Le Moal, M., &amp; Simon, H. (1993). Individual
differences in behavioral responses to novelty in rats: Possible relationship
with the sensation-seeking trait in man. Personality and Individual Differ-
ences, 14, 411-418.</mixed-citation>
         </ref>
         <ref id="d30194e323a1310">
            <mixed-citation id="d30194e327" publication-type="other">
Depue, R.A., &amp; Iacono, W.G. (1989). Neurobehavioral aspects of affective dis-
orders. Annual Review of Psychology , 40, 457-492.</mixed-citation>
         </ref>
         <ref id="d30194e337a1310">
            <mixed-citation id="d30194e341" publication-type="other">
Depue, R.A., Luciana, M., Arbisi, P., Collins, P., &amp; Leon, A. (1994). Dopamine
and the structure of personality: Relationship of agonist-induced dopamine
activity to positive emotionality. Journal of Personality and Social Psychol-
ogy, 67, 485-498.</mixed-citation>
         </ref>
         <ref id="d30194e357a1310">
            <mixed-citation id="d30194e361" publication-type="other">
Ehrenkranz, J., Bliss, E., &amp; Sheard, M.H. (1974). Plasma testosterone: Correla-
tion with aggressive behavior and social dominance in man. Psychosomatic
Medicine, 36, 469-475.</mixed-citation>
         </ref>
         <ref id="d30194e374a1310">
            <mixed-citation id="d30194e378" publication-type="other">
Eysenck, H.J. (1967). The biological basis of personality. Springfield, IL: Charles
C. Thomas.</mixed-citation>
         </ref>
         <ref id="d30194e389a1310">
            <mixed-citation id="d30194e393" publication-type="other">
Eysenck, H.J. (1991). Dimensions of personality: The biosocial approach to per-
sonality. In J. Strelau &amp; A. Angleitner (Eds.), Explorations in temperament
(pp. 87-103). London: Plenum Press.</mixed-citation>
         </ref>
         <ref id="d30194e406a1310">
            <mixed-citation id="d30194e410" publication-type="other">
Fowles, D.C. (1980). The three arousal model: Implications for Gray's two-factor
learning theory for heart rate, electrodermal activity, and psychopathy.
Psychophysiology, 17, 87-104.</mixed-citation>
         </ref>
         <ref id="d30194e423a1310">
            <mixed-citation id="d30194e427" publication-type="other">
Freud, S. (1955). Beyond the pleasure principle. In J. Strachey (Ed.), The stan-
dard edition of the complete psychological works (Vol. 18). London:
Hogarth Press. (Original work published 1920)</mixed-citation>
         </ref>
         <ref id="d30194e440a1310">
            <mixed-citation id="d30194e444" publication-type="other">
Garcia-Sevilla, L. (1984). Extraversion and neuroticism in rats. Personality and
Individual Differences, 5, 511-532.</mixed-citation>
         </ref>
         <ref id="d30194e454a1310">
            <mixed-citation id="d30194e458" publication-type="other">
Grafman, J., Vance, S.C., Wemgarten, H., Salazar, A.M., &amp; Amin, D. (1986).
The effects of lateralized frontal lesions on mood regulation. Brain, 109,
1127-1148.</mixed-citation>
         </ref>
         <ref id="d30194e471a1310">
            <mixed-citation id="d30194e475" publication-type="other">
Gray, J.A. (1971). The psychology of fear and stress. New York: McGraw Hill.</mixed-citation>
         </ref>
         <ref id="d30194e483a1310">
            <mixed-citation id="d30194e487" publication-type="other">
Gray, J.A. (1982). The neuropsychology of anxiety: An enquiry into the functions
of the septo-hippocampal system. New York: Oxford University Press.</mixed-citation>
         </ref>
         <ref id="d30194e497a1310">
            <mixed-citation id="d30194e501" publication-type="other">
Gray, J.A. (1987a). Discussions arising from: Cloninger, C.R. A unified biosocial
theory of personality and its role in the development of anxiety states. 1.
Gray, J.A. Psychiatric Developments, 4, 377-394.</mixed-citation>
         </ref>
         <ref id="d30194e514a1310">
            <mixed-citation id="d30194e518" publication-type="other">
Gray, J.A. (1987b). The neuropsychology of emotion and personality. In S.M.
Stahl, S.D. Iverson, &amp; E.C. Goodman (Eds.), Cognitive neurochemistry
(pp. 171-190). Oxford, England: Oxford University Press.</mixed-citation>
         </ref>
         <ref id="d30194e531a1310">
            <mixed-citation id="d30194e535" publication-type="other">
Kagan, J. (1995). Galen's prophecy: Temperament in human nature. New York:
Basic Books.</mixed-citation>
         </ref>
         <ref id="d30194e545a1310">
            <mixed-citation id="d30194e549" publication-type="other">
Kagan, J., Reznik, J.S., &amp; Snidman, N. (1988). Biological bases of childhood
shyness. Science, 240, 167-171.</mixed-citation>
         </ref>
         <ref id="d30194e559a1310">
            <mixed-citation id="d30194e563" publication-type="other">
Loehhn, J.C. (1992). Genes and environment in personality development. New-
bury Park, CA: Sage.</mixed-citation>
         </ref>
         <ref id="d30194e574a1310">
            <mixed-citation id="d30194e578" publication-type="other">
Netter, P., &amp; Rammsayer, T. (1989). Serotonergic effects on sensory and motor
responses in extraverts and introverts. International Clinical Psychophar-
macology, 4(Suppl. 1), 21-26.</mixed-citation>
         </ref>
         <ref id="d30194e591a1310">
            <mixed-citation id="d30194e595" publication-type="other">
Netter, P., &amp; Rammsayer, T. (1991). Reactivity to dopaminergic drugs and ag-
gression related personality traits. Personality and Individual Differences,
12, 1009-1017.</mixed-citation>
         </ref>
         <ref id="d30194e608a1310">
            <mixed-citation id="d30194e612" publication-type="other">
Olds, J., &amp; Milner, P. (1954). Positive reinforcement produced by electrical stim-
ulation of septal area and other regions of rat brain. Journal of Comparative
and Physiological Psychology, 47, 419-427.</mixed-citation>
         </ref>
         <ref id="d30194e625a1310">
            <mixed-citation id="d30194e629" publication-type="other">
Panksepp, J. (1982). Toward a general psychobiological theory of emotions. The
Behavioral and Brain Sciences, 5, 407-422.</mixed-citation>
         </ref>
         <ref id="d30194e639a1310">
            <mixed-citation id="d30194e643" publication-type="other">
Pederson, N.L., Flomin, R., McClearn, G.E., &amp; Friberg, L. (1988). Neuroticism,
extraversion and related traits in adult twins reared apart and reared to-
gether. Journal of Personality and Social Psychology, 55, 950-957.</mixed-citation>
         </ref>
         <ref id="d30194e656a1310">
            <mixed-citation id="d30194e660" publication-type="other">
Pope, H.G., &amp; Katz, D.L. (1994). Psychiatnc and medical effects of anabohc-
androgen steroid use: A controlled study of 160 athletes. Archives of Gen-
eral Psychiatry. 51. 375-382.</mixed-citation>
         </ref>
         <ref id="d30194e674a1310">
            <mixed-citation id="d30194e678" publication-type="other">
Redmond, D.E., Jr. (1987). Studies of locus coeruleus in monkeys and hypotheses for
neuropsychopharmacology. In H.Y. Meltzer (Ed.), Psychopharmacology: The
third generation of progress (pp. 967-975). New York: Raven Press.</mixed-citation>
         </ref>
         <ref id="d30194e691a1310">
            <mixed-citation id="d30194e695" publication-type="other">
Kubinow, D.K., Post, K.M., Ciold, P.W., Ballenger, J.C., &amp; Wolff, E.A. (1984).
The relationship between cortisol and clinical phenomenology of affective
illness. In R.M. Post &amp; J.C. Ballenger (Eds.), Neurobiology of mood dis-
orders (pp. 271-289). Baltimore, MD: Williams &amp; Wilkins.</mixed-citation>
         </ref>
         <ref id="d30194e711a1310">
            <mixed-citation id="d30194e715" publication-type="other">
Schalhng, D., Asberg, M., &amp; Edman, G. (1984). Personality and CSF monoamine
metabolites. Unpublished manuscript, Department of Psychiatry and Psy-
chology, Karolinska Hospital and Department of Psychology, University of
Stockholm, Stockholm, Sweden.</mixed-citation>
         </ref>
         <ref id="d30194e731a1310">
            <mixed-citation id="d30194e735" publication-type="other">
Schneirla, T.C. (1959). An evolutionary and development theory of biphasic pro-
cesses underlying approach and withdrawal. In M.R. Jones (Ed.), Nebraska
Symposium on Motivation (Vol. 7, pp. 1-42). Lincoln: University of Ne-
braska Press.</mixed-citation>
         </ref>
         <ref id="d30194e751a1310">
            <mixed-citation id="d30194e755" publication-type="other">
Sostek, A.J., Sostek, A.M., Murphy, D.L., Martin, E.B., &amp; Bora, W.S. (1981).
Cord blood amine oxidase activities relate to arousal and motor functioning
in human newborns. Life Sciences, 28, 2561-2568.</mixed-citation>
         </ref>
         <ref id="d30194e768a1310">
            <mixed-citation id="d30194e772" publication-type="other">
Soubrié P. (1986). Reconciling the role of central serotonin neurons in human and
animal behavior. Behavioral and Brain Sciences, 9, 319-364.</mixed-citation>
         </ref>
         <ref id="d30194e783a1310">
            <mixed-citation id="d30194e787" publication-type="other">
Sulloway, F.J. (1979). Freud: Biologist of the mind. New York: Basic Books.</mixed-citation>
         </ref>
         <ref id="d30194e794a1310">
            <mixed-citation id="d30194e798" publication-type="other">
Tellegen, A. (1985). Structures of mood and personality and their relevance to assessing
anxiety with an emphasis on self-report. In A.H. Tuma &amp; J.D. Maser (Eds.),
Anxiety and the anxiety disorders (pp. 681-706). Hillsdale, NJ: Erlbaum.</mixed-citation>
         </ref>
         <ref id="d30194e811a1310">
            <mixed-citation id="d30194e815" publication-type="other">
Weizman, R., Tanne, Z., Granek, M., Karp, L., Golomb, M., Tyano, S., &amp;
Gavish, M. (1987). Peripheral benzodiazepine binding sites on platelet mem-
branes are increased during diazepam treatment of anxious patients. Euro-
pean Journal of Pharmacology , 138, 289-292.</mixed-citation>
         </ref>
         <ref id="d30194e831a1310">
            <mixed-citation id="d30194e835" publication-type="other">
Zuckerman, M. (1984). Sensation seeking: A comparative approach to a human
trait. Behavioral and Brain Sciences, 7, 413-471.</mixed-citation>
         </ref>
         <ref id="d30194e845a1310">
            <mixed-citation id="d30194e849" publication-type="other">
Zuckerman, M. (1991). Psychobiology of personality . Cambndge, England: Cam-
bridge University Press.</mixed-citation>
         </ref>
         <ref id="d30194e859a1310">
            <mixed-citation id="d30194e863" publication-type="other">
Zuckerman, M. (1993). Personality from top (traits) to bottom (genetics) with
stops at each level between. In J. Hettema &amp; I.J. Deary (Eds.), Foundations
of personality (pp. 73-100). Dordrecht, Netherlands: Kluwer Academic.</mixed-citation>
         </ref>
         <ref id="d30194e877a1310">
            <mixed-citation id="d30194e881" publication-type="other">
Zuckerman, M. (1994a). An alternative five factor model for personality. In C.F.
Halverson, G.A. Kohnstamm, &amp; R.P. Martin (Eds.), The developing struc-
ture of temperament and personality from infancy to adulthood (pp. 53-68).
Hillsdale, NJ: Erlbaum.</mixed-citation>
         </ref>
         <ref id="d30194e897a1310">
            <mixed-citation id="d30194e901" publication-type="other">
Zuckerman, M. (1994b). Behavioral expressions and biosocial bases of sensation
seeking. New York: Cambridge University Press.</mixed-citation>
         </ref>
         <ref id="d30194e911a1310">
            <mixed-citation id="d30194e915" publication-type="other">
Zuckerman, M., Kuhlman, D.M., Joireman, J., Teta, P., &amp; Kraft, M. (1993). A
comparison of three structural models for personality: The big three, the big
five, and the alternative five. Journal of Personality and Social Psychology,
65, 757-768.</mixed-citation>
         </ref>
         <ref id="d30194e931a1310">
            <mixed-citation id="d30194e935" publication-type="other">
Zuckerman, M., Kuhlman, D.M., Thornquist, M., &amp; Kiers, H. (1991). Five (or
three) robust questionnaire scale factors of personality without culture.
Journal of Personality and Individual Differences, 12, 929-941.</mixed-citation>
         </ref>
      </ref-list>
   </back>
</article>
