<article xmlns:xsi="http://www.w3.org/2001/XMLSchema-instance"
         xmlns:xlink="http://www.w3.org/1999/xlink"
         xmlns:mml="http://www.w3.org/1998/Math/MathML"
         dtd-version="1.0"
         article-type="research-article">
   <front>
      <journal-meta>
         <journal-id journal-id-type="jstor">psychsci</journal-id>
         <journal-id journal-id-type="jstor">j50000277</journal-id>
         <journal-title-group>
            <journal-title>Psychological Science</journal-title>
         </journal-title-group>
         <publisher>
            <publisher-name>Cambridge University Press</publisher-name>
         </publisher>
         <issn pub-type="ppub">09567976</issn>
         <issn pub-type="epub">14679280</issn>
      </journal-meta>
      <article-meta>
         <article-id pub-id-type="jstor">40062978</article-id>
         <article-categories>
            <subj-group>
               <subject>Research Reports</subject>
            </subj-group>
         </article-categories>
         <title-group>
            <article-title>Relations between Language and Memory: The Case of Repetition Deafness</article-title>
         </title-group>
         <contrib-group>
            <contrib>
               <string-name>
                  <given-names>Michelle D.</given-names>
                  <surname>Miller</surname>
               </string-name>
            </contrib>
            <contrib>
               <string-name>
                  <given-names>Donald G.</given-names>
                  <surname>MacKay</surname>
               </string-name>
            </contrib>
         </contrib-group>
         <pub-date>
            <day>1</day>
            <month>11</month>
            <year>1996</year>
         </pub-date>
         <volume>7</volume>
         <issue>6</issue>
         <issue-id>i40002695</issue-id>
         <fpage>347</fpage>
         <lpage>351</lpage>
         <permissions>
            <copyright-statement>Copyright 1996 American Psychological Society</copyright-statement>
         </permissions>
         <self-uri xlink:href="http://www.jstor.org/stable/40062978"/>
         <abstract>
            <p>Immediate recall decreases for repeated relative to unrepeated words in rapidly presented spoken lists, a phenomenon known as repetition deafness (RD). The present study examines RD as a test case for a distributed memory account of relations between language and memory. Within the distributed memory framework, general connection-formation processes required for language comprehension influence repetition deficits in sentences. Thus, RD should increase as a function of factors, such as listlike sentence prosody, that disrupt the formation of word-to-phrase links. Also under this account, repetition blindness and RD in sentences should display fundamentally similar characteristics (e.g., relative insensitivity to low-level sensory differences between the repeated words). Using innovative procedures for computer sound manipulation, the present study obtained data supporting both predictions: RD increased for sentences generated with listlike versus normal prosody, but did not differ reliably for acoustically similar versus dissimilar repeated words. Implications of these data for the general issue of relations between language and memory are discussed.</p>
         </abstract>
         <custom-meta-group>
            <custom-meta>
               <meta-name>lang</meta-name>
               <meta-value>eng</meta-value>
            </custom-meta>
         </custom-meta-group>
      </article-meta>
   </front>
   <back>
      <fn-group>
         <title>[Footnotes]</title>
         <fn id="d4789e144a1310">
            <label>1</label>
            <p>
               <mixed-citation id="d4789e151" publication-type="other">
MacKay &amp; Miller, 1994</mixed-citation>
            </p>
         </fn>
         <fn id="d4789e158a1310">
            <label>2</label>
            <p>
               <mixed-citation id="d4789e165" publication-type="other">
Bavelier and Potter (1992)</mixed-citation>
            </p>
            <p>
               <mixed-citation id="d4789e171" publication-type="other">
Cohen, 1988, p. 311</mixed-citation>
            </p>
         </fn>
      </fn-group>
      <ref-list>
         <title>References</title>
         <ref id="d4789e187a1310">
            <mixed-citation id="d4789e191" publication-type="other">
Abrams, L., Dyer, J.R., &amp; MacKay, D.G. (1996). Repetition blindness interacts
with syntactic grouping in rapidly presented sentences. Psychological Sci-
ence, 7, 100-104.</mixed-citation>
         </ref>
         <ref id="d4789e204a1310">
            <mixed-citation id="d4789e208" publication-type="other">
Bavelier, D., &amp; Potter, M.C. (1992). Visual and phonological codes in repetition
blindness. Journal of Experimental Psychology: Human Perception and
Performance, 18, 134-147.</mixed-citation>
         </ref>
         <ref id="d4789e221a1310">
            <mixed-citation id="d4789e225" publication-type="other">
Caplan, D., &amp; Waters, G.S. (1990). Short-term memory and language compre-
hension: A critical review of the psychological literature. In G. Vallar &amp; T.
Shallice (Eds.), Neuropsychological impairments of short-term memory
(pp. 337-389). Cambridge, England: Cambridge University Press.</mixed-citation>
         </ref>
         <ref id="d4789e241a1310">
            <mixed-citation id="d4789e245" publication-type="other">
Cohen, J. (1988). Statistical power analysis for the behavioral sciences (2nd ed.).
Hillsdale, NJ: Erlbaum.</mixed-citation>
         </ref>
         <ref id="d4789e256a1310">
            <mixed-citation id="d4789e260" publication-type="other">
Gathercole, S.E., &amp; Baddeley, A.D. (1993). Working memory and language.
Hillsdale, NJ: Erlbaum.</mixed-citation>
         </ref>
         <ref id="d4789e270a1310">
            <mixed-citation id="d4789e274" publication-type="other">
Hochhaus, L., &amp; Marohn, K.M. (1991). Repetition blindness depends on percep-
tual capture and token individuation failure. Journal of Experimental Psy-
chology: Human Perception and Performance, 17, 422-432.</mixed-citation>
         </ref>
         <ref id="d4789e287a1310">
            <mixed-citation id="d4789e291" publication-type="other">
Kanwisher, N.G. (1987). Repetition blindness: Type recognition without token
individuation. Cognition, 27, 117-143.</mixed-citation>
         </ref>
         <ref id="d4789e301a1310">
            <mixed-citation id="d4789e305" publication-type="other">
Kanwisher, N.G., &amp; Potter, M.C. (1989). Repetition blindness: The effects of
stimulus modality and spatial displacement. Memory and Cognition, 17,
117-124.</mixed-citation>
         </ref>
         <ref id="d4789e318a1310">
            <mixed-citation id="d4789e322" publication-type="other">
Kanwisher, N.G., &amp; Potter, M.C. (1990). Repetition blindness: Levels of pro-
cessing. Journal of Experimental Psychology: Human Perception and Per-
formance, 16, 30-47.</mixed-citation>
         </ref>
         <ref id="d4789e335a1310">
            <mixed-citation id="d4789e339" publication-type="other">
MacKay, D.G. (1987). The organization of perception and action: A theory for
language and other cognitive skills. New York: Springer- Verlag.</mixed-citation>
         </ref>
         <ref id="d4789e350a1310">
            <mixed-citation id="d4789e354" publication-type="other">
MacKay, D.G. (1990). Perception, action, and awareness: A three body problem.
In W. Prinz &amp; O. Neumann (Eds.), Relationships between perception and
action (pp. 269-303). Berlin: Springer- Verlag.</mixed-citation>
         </ref>
         <ref id="d4789e367a1310">
            <mixed-citation id="d4789e371" publication-type="other">
MacKay, D.G., Abrams, L., &amp; Miller, M.D. (1995). Chunking under time pres-
sure: Chunk capacity versus connection specificity theories. Unpublished
manuscript, University of California, Los Angeles.</mixed-citation>
         </ref>
         <ref id="d4789e384a1310">
            <mixed-citation id="d4789e388" publication-type="other">
MacKay, D.G., Abrams, L., Pedroza, M.J., &amp; Miller, M.D. (in press). Cross-
language facilitation, semantic blindness, and the relation between language
and memory: A reply to Altaribba and Soltano. Memory and Cognition.</mixed-citation>
         </ref>
         <ref id="d4789e401a1310">
            <mixed-citation id="d4789e405" publication-type="other">
MacKay, D.G., &amp; Burke, D.M. (1990). Cognition and aging: A theory of new
learning and the use of old connections. In T.M. Hess (Ed.), Aging and
cognition: Knowledge organization and utilization (pp. 213-263). Amster-
dam: North-Holland.</mixed-citation>
         </ref>
         <ref id="d4789e421a1310">
            <mixed-citation id="d4789e425" publication-type="other">
MacKay, D.G., &amp; Miller, M.D. (1994). Semantic blindness: Repeated concepts
are difficult to encode and recall under time pressure. Psychological Sci-
ence, 5, 52-55.</mixed-citation>
         </ref>
         <ref id="d4789e438a1310">
            <mixed-citation id="d4789e442" publication-type="other">
MacKay, D.G., &amp; Miller, M.D. (in press). Can normal aging contribute to fun-
damental cognitive theory? Repetition deafness as a test case. Aging, Neu-
ropsychology, and Cognition.</mixed-citation>
         </ref>
         <ref id="d4789e456a1310">
            <mixed-citation id="d4789e460" publication-type="other">
MacKay, D.G., Miller, M.D., &amp; Schuster, S.P. (1994). Repetition blindness and
aging: Evidence for a binding deficit involving a single, theoretically-
specified connection. Psychology and Aging, 5, 52-65.</mixed-citation>
         </ref>
         <ref id="d4789e473a1310">
            <mixed-citation id="d4789e477" publication-type="other">
Miller, M.D., &amp; MacKay, D.G. (1994). Repetition deafness: Repeated words in
computer-compressed speech are difficult to encode and recall. Psycholog-
ical Science, 5, 47-51.</mixed-citation>
         </ref>
         <ref id="d4789e490a1310">
            <mixed-citation id="d4789e494" publication-type="other">
Monsell, S. (1984). Components of working memory underlying verbal skills: A
"distributed capacities" view. In H. Bouma &amp; D.G. Bouhuis (Eds.), Atten-
tion and performance X: Control of language processes (pp. 327-350).
Hove, England: Erlbaum.</mixed-citation>
         </ref>
         <ref id="d4789e510a1310">
            <mixed-citation id="d4789e514" publication-type="other">
Park, J., &amp; Kanwisher, N.G. (1994). Determinants of repetition blindness. Jour-
nal of Experimental Psychology: Human Perception and Performance, 20,
500-519.</mixed-citation>
         </ref>
         <ref id="d4789e527a1310">
            <mixed-citation id="d4789e531" publication-type="other">
Saffran, E.M. (1990). Short-term memory impairment and language processing. In
A. Caramazza (Ed.), Cognitive neuropsychology and neurolinguistics: Ad-
vances in models of cognitive function and impairment (pp. 137-168).
Hillsdale, NJ: Erlbaum.</mixed-citation>
         </ref>
         <ref id="d4789e547a1310">
            <mixed-citation id="d4789e551" publication-type="other">
Shiffrin, R.M., &amp; Nosofsky, R.M. (1994). Seven plus or minus two: A commen-
tary on capacity limitations. Psychological Review, 101, 357-361.</mixed-citation>
         </ref>
         <ref id="d4789e562a1310">
            <mixed-citation id="d4789e566" publication-type="other">
Stine, E.A.L., &amp; Wingfield, A. (1987). Levels upon levels: Predicting age differ-
ences in text recall. Experimental Aging Research, 13, 179-183.</mixed-citation>
         </ref>
         <ref id="d4789e576a1310">
            <mixed-citation id="d4789e580" publication-type="other">
Wickelgren, W.A. (1966). Associative intrusions in short-term recall. Journal of
Experimental Psychology, 72, 853-858.</mixed-citation>
         </ref>
         <ref id="d4789e590a1310">
            <mixed-citation id="d4789e594" publication-type="other">
Wingfield, A., &amp; Butterfield, B. (1984). Running memory for sentences and parts
of sentences: Syntactic parsing as a control function in working memory.
Attention and Performance, 10, 351-363.</mixed-citation>
         </ref>
         <ref id="d4789e607a1310">
            <mixed-citation id="d4789e611" publication-type="other">
Zhang, G., &amp; Simon, H.A. (1985). STM capacity for Chinese words and idioms:
Chunking and the acoustical loop hypotheses. Memory and Cognition, 13,
193-201.</mixed-citation>
         </ref>
      </ref-list>
   </back>
</article>
