<article xmlns:xsi="http://www.w3.org/2001/XMLSchema-instance"
         xmlns:xlink="http://www.w3.org/1999/xlink"
         xmlns:mml="http://www.w3.org/1998/Math/MathML"
         dtd-version="1.0"
         article-type="research-article">
   <front>
      <journal-meta>
         <journal-id journal-id-type="jstor">psychsci</journal-id>
         <journal-id journal-id-type="jstor">j50000277</journal-id>
         <journal-title-group>
            <journal-title>Psychological Science</journal-title>
         </journal-title-group>
         <publisher>
            <publisher-name>Cambridge University Press</publisher-name>
         </publisher>
         <issn pub-type="ppub">09567976</issn>
         <issn pub-type="epub">14679280</issn>
      </journal-meta>
      <article-meta>
         <article-id pub-id-type="jstor">40062967</article-id>
         <article-categories>
            <subj-group>
               <subject>Research Reports</subject>
            </subj-group>
         </article-categories>
         <title-group>
            <article-title>Dissociation of Spatial and Temporal Coupling in the Bimanual Movements of Callosotomy Patients</article-title>
         </title-group>
         <contrib-group>
            <contrib>
               <string-name>
                  <given-names>Elizabeth A.</given-names>
                  <surname>Franz</surname>
               </string-name>
            </contrib>
            <contrib>
               <string-name>
                  <given-names>James C.</given-names>
                  <surname>Eliassen</surname>
               </string-name>
            </contrib>
            <contrib>
               <string-name>
                  <given-names>Richard B.</given-names>
                  <surname>Ivry</surname>
               </string-name>
            </contrib>
            <contrib>
               <string-name>
                  <given-names>Michael S.</given-names>
                  <surname>Gazzaniga</surname>
               </string-name>
            </contrib>
         </contrib-group>
         <pub-date>
            <day>1</day>
            <month>9</month>
            <year>1996</year>
         </pub-date>
         <volume>7</volume>
         <issue>5</issue>
         <issue-id>i40002694</issue-id>
         <fpage>306</fpage>
         <lpage>310</lpage>
         <permissions>
            <copyright-statement>Copyright 1996 American Psychological Society</copyright-statement>
         </permissions>
         <self-uri xlink:href="http://www.jstor.org/stable/40062967"/>
         <abstract>
            <p>The neural mechanisms of limb coordination were investigated by testing callosotomy patients and normal control subjects on bimanual movements. Normal subjects produced deviations in the trajectories when spatial demands for the two hands were different, despite temporal synchrony in the onset of bimanual movements. Callosotomy patients did not produce spatial deviations, although their hands moved with normal temporal synchrony. Normal subjects but not callosotomy patients exhibited large increases in planning and execution time for movements with different spatial demands for the two hands relative to movements with identical spatial demands for the two hands. This neural dissociation indicates that spatial interference in movements results from callosal connections, whereas temporal synchrony in movement onset does not rely on the corpus callosum.</p>
         </abstract>
         <custom-meta-group>
            <custom-meta>
               <meta-name>lang</meta-name>
               <meta-value>eng</meta-value>
            </custom-meta>
         </custom-meta-group>
      </article-meta>
   </front>
   <back>
      <ref-list>
         <title>References</title>
         <ref id="d8264e186a1310">
            <mixed-citation id="d8264e190" publication-type="other">
Bullock, D., &amp; Grossberg, S. (1988). Neural dynamics of planned arm move-
ments: Emergent invariants and speed-accuracy properties during trajectory
formation. Psychological Review, 95, 49-90.</mixed-citation>
         </ref>
         <ref id="d8264e203a1310">
            <mixed-citation id="d8264e207" publication-type="other">
Cook, N.D. (1986). The brain code: Mechanisms of information transfer and the
role of the corpus callosum. New York: Methuen.</mixed-citation>
         </ref>
         <ref id="d8264e217a1310">
            <mixed-citation id="d8264e221" publication-type="other">
Franz, E.A., Zelaznik, H.N., &amp; McCabe, G. (1991). Spatial topological con-
straints in a bimanual task. Acta Psychologica, 77, 137-151.</mixed-citation>
         </ref>
         <ref id="d8264e231a1310">
            <mixed-citation id="d8264e235" publication-type="other">
Gazzaniga, M.S. (1989). Organization of the human brain. Science, 245, 947-952.</mixed-citation>
         </ref>
         <ref id="d8264e243a1310">
            <mixed-citation id="d8264e247" publication-type="other">
Georgopoulos, A. P., Taira, M., &amp; Lukashin, A. (1993). Cognitive neurophysiol-
ogy of the motor cortex. Science, 260, 47-52.</mixed-citation>
         </ref>
         <ref id="d8264e257a1310">
            <mixed-citation id="d8264e261" publication-type="other">
Heilman, K.M. (1979). Apraxia. In K.M. Heilman &amp; T.E.U. Valenstein (Eds.),
Clinical neuropsychology (2nd ed., pp. 159-185). New York: Oxford Uni-
versity Press.</mixed-citation>
         </ref>
         <ref id="d8264e274a1310">
            <mixed-citation id="d8264e278" publication-type="other">
Kelso, J.A.S., Southard, D., &amp; Goodman, J. (1979). On the coordination of two-
handed movements. Journal of Experimental Psychology: Human Percep-
tion and Performance, 5, 229-238.</mixed-citation>
         </ref>
         <ref id="d8264e291a1310">
            <mixed-citation id="d8264e295" publication-type="other">
Kim, S., Ashe, J., Hendrich, K., Ellermann, J., Merkle, H., Ugarbil, K., &amp;
Georgopoulos, A. (1993). Functional magnetic resonance imaging of motor
cortex: Hemispheric asymmetry and handedness. Science, 261, 615-617.</mixed-citation>
         </ref>
         <ref id="d8264e308a1310">
            <mixed-citation id="d8264e312" publication-type="other">
Klapp, S. (1979). Doing two things at once: The role of temporal compatibility.
Memory and Cognition, 7, 375-381.</mixed-citation>
         </ref>
         <ref id="d8264e322a1310">
            <mixed-citation id="d8264e326" publication-type="other">
Osman, A., Kornblum, S., &amp; Meyer, D.E. (1986). The point of no return in choice
reaction time: Controlled and ballistic stages of response preparation. Jour-
nal of Experimental Psychology: Human Perception and Performance, 12,
243-258.</mixed-citation>
         </ref>
         <ref id="d8264e343a1310">
            <mixed-citation id="d8264e347" publication-type="other">
Preilowski, B.F.B. (1972). Possible contributions of the anterior forebrain com-
missures to bilateral motor coordination. Neuropsychologia, 10, 267-277.</mixed-citation>
         </ref>
         <ref id="d8264e357a1310">
            <mixed-citation id="d8264e361" publication-type="other">
Roland, P.E., Meyer, E., Shibasaki, T., Yamamoto, Y.L., &amp; Thompson, C.J.
(1982). Regional cerebral blood flow changes in cortex and basal ganglia
during voluntary movements in normal human volunteers. Journal of Neu-
rophysiology, 48, 467-480.</mixed-citation>
         </ref>
         <ref id="d8264e377a1310">
            <mixed-citation id="d8264e381" publication-type="other">
Schoner, G., &amp; Kelso, J.A.S. (1988). Dynamic pattern generation in behavioral
and neural systems. Science, 239, 1513-1520.</mixed-citation>
         </ref>
         <ref id="d8264e391a1310">
            <mixed-citation id="d8264e395" publication-type="other">
Seitz, R.J., Roland, P.E., Bohm, C, Greitz, T., &amp; Stone-Elander, S. (1990).
Motor learning in man: A positron emission tomography study. Neurore-
port, I, 57-66.</mixed-citation>
         </ref>
         <ref id="d8264e408a1310">
            <mixed-citation id="d8264e412" publication-type="other">
Sidtis, J.J., Volpe, B.T., Wilson, D.H., Rayport, M., &amp; Gazzaniga, M.S. (1981).
Variability in right hemisphere language function after callosal section: Ev-
idence for a continuum of generative capacity. Journal of Neuroscience, I,
323-331.</mixed-citation>
         </ref>
         <ref id="d8264e428a1310">
            <mixed-citation id="d8264e432" publication-type="other">
Stucchi, N., &amp; Viviani, P. (1993). Cerebral dominance and asynchrony between
bimanual two-dimensional movements. Journal of Experimental Psychol-
ogy: Human Perception and Performance, 19, 1200-1220.</mixed-citation>
         </ref>
         <ref id="d8264e446a1310">
            <mixed-citation id="d8264e450" publication-type="other">
Tuller, B., &amp; Kelso, J.A.S. (1989). Environmentally-specified patterns of move-
ment coordination in normal and split-brain subjects. Experimental Brain
Research, 75, 306-316.</mixed-citation>
         </ref>
         <ref id="d8264e463a1310">
            <mixed-citation id="d8264e467" publication-type="other">
Yamanishi, T., Kawato, M., &amp; Suzuki, R. (1980). Two coupled oscillators as a
model for the coordinated finger tapping by both hands. Biological Cyber-
netics, 37, 219-225.</mixed-citation>
         </ref>
         <ref id="d8264e480a1310">
            <mixed-citation id="d8264e484" publication-type="other">
Zaidel, D., &amp; Sperry, R.W. (1977). Some long-term motor effects of cerebral
commissurotomy in man. Neuropsychologia, 15, 193-204.</mixed-citation>
         </ref>
      </ref-list>
   </back>
</article>
