<article xmlns:xsi="http://www.w3.org/2001/XMLSchema-instance"
         xmlns:xlink="http://www.w3.org/1999/xlink"
         xmlns:mml="http://www.w3.org/1998/Math/MathML"
         dtd-version="1.0"
         article-type="research-article">
   <front>
      <journal-meta>
         <journal-id journal-id-type="jstor">psychsci</journal-id>
         <journal-id journal-id-type="jstor">j50000277</journal-id>
         <journal-title-group>
            <journal-title>Psychological Science</journal-title>
         </journal-title-group>
         <publisher>
            <publisher-name>Cambridge University Press</publisher-name>
         </publisher>
         <issn pub-type="ppub">09567976</issn>
         <issn pub-type="epub">14679280</issn>
      </journal-meta>
      <article-meta>
         <article-id pub-id-type="jstor">40063213</article-id>
         <article-categories>
            <subj-group>
               <subject>Research Articles</subject>
            </subj-group>
         </article-categories>
         <title-group>
            <article-title>The Effects of Alignability on Memory</article-title>
         </title-group>
         <contrib-group>
            <contrib>
               <string-name>
                  <given-names>Arthur B.</given-names>
                  <surname>Markman</surname>
               </string-name>
            </contrib>
            <contrib>
               <string-name>
                  <given-names>Dedre</given-names>
                  <surname>Gentner</surname>
               </string-name>
            </contrib>
         </contrib-group>
         <pub-date>
            <day>1</day>
            <month>9</month>
            <year>1997</year>
         </pub-date>
         <volume>8</volume>
         <issue>5</issue>
         <issue-id>i40002709</issue-id>
         <fpage>363</fpage>
         <lpage>367</lpage>
         <permissions>
            <copyright-statement>Copyright 1997 American Psychological Society</copyright-statement>
         </permissions>
         <self-uri xlink:href="http://www.jstor.org/stable/40063213"/>
         <abstract>
            <p>According to structure-mapping theory, the process of comparison is one of alignment and mapping between representational structures. This process induces a focus on commonalities and alignable differences (i.e., those related to the commonalities). Nonalignable differences (i.e., those not related to the commonalities) are held to be neglected. The theory thus predicts increased focus on the corresponding information, whether these are commonalities or differences. In this article, we explore the implications of this claim for memory: Specifically, we test the prediction that alignable differences are more likely to be processed and stored than nonalignable differences. We present a study in which people made similarity comparisons between pairs of pictures and then were probed for recall. The recall probes were figures taken from the pictures and were either alignable or nonalignable differences between the pairs. The alignable differences were better memory probes than the nonalignable differences, suggesting that people were more likely to encode and store the corresponding information than the noncorresponding information.</p>
         </abstract>
         <custom-meta-group>
            <custom-meta>
               <meta-name>lang</meta-name>
               <meta-value>eng</meta-value>
            </custom-meta>
         </custom-meta-group>
      </article-meta>
   </front>
   <back>
      <fn-group>
         <title>[Footnotes]</title>
         <fn id="d11953e153a1310">
            <label>1</label>
            <p>
               <mixed-citation id="d11953e160" publication-type="other">
Falkenhainer et al. (1989)</mixed-citation>
            </p>
            <p>
               <mixed-citation id="d11953e166" publication-type="other">
Markman
and Gentner (1993b).</mixed-citation>
            </p>
            <p>
               <mixed-citation id="d11953e175" publication-type="other">
(Goldstone, 1994b;</mixed-citation>
            </p>
            <p>
               <mixed-citation id="d11953e182" publication-type="other">
Holyoak &amp; Thagard,
1989;</mixed-citation>
            </p>
            <p>
               <mixed-citation id="d11953e191" publication-type="other">
Keane et al., 1994).</mixed-citation>
            </p>
         </fn>
      </fn-group>
      <ref-list>
         <title>References</title>
         <ref id="d11953e207a1310">
            <mixed-citation id="d11953e211" publication-type="other">
Anderson, R.C., &amp; Pichert, J.W. (1978). Recall of previously unrecallable information
following a shift in perspective. Journal of Verbal Learning and Verbal Behavior,
17, 1-12.</mixed-citation>
         </ref>
         <ref id="d11953e224a1310">
            <mixed-citation id="d11953e228" publication-type="other">
Bower, G.H., Black, J.B., &amp; Turner, T.J. (1979). Scripts in memory for text. Cognitive
Psychology, 11, 177-220.</mixed-citation>
         </ref>
         <ref id="d11953e238a1310">
            <mixed-citation id="d11953e242" publication-type="other">
Bransford, J.D., &amp; Johnson, M.K. (1972). Contextual prerequisites for understanding:
Some investigations of comprehension and recall. Journal of Verbal Learning and
Verbal Behavior, 11, 717-726.</mixed-citation>
         </ref>
         <ref id="d11953e255a1310">
            <mixed-citation id="d11953e259" publication-type="other">
Bransford, J.D., &amp; Johnson, M.K. (1973). Considerations of some problems of compre-
hension. In W.G. Chase (Eds.), Visual information processing (pp. 383-438). New
York: Academic Press.</mixed-citation>
         </ref>
         <ref id="d11953e273a1310">
            <mixed-citation id="d11953e277" publication-type="other">
Brewer, W.F., &amp; Dupree, D.A. (1983). Use of plain schemata in the recall and recognition
of goal-directed actions. Journal of Experimental Psychology: Learning, Memory,
and Cognition, 9, 117-129.</mixed-citation>
         </ref>
         <ref id="d11953e290a1310">
            <mixed-citation id="d11953e294" publication-type="other">
Falkenhainer, B., Forbus, K.D., &amp; Gentner, D. (1989). The structure-mapping engine:
Algorithm and examples. Artificial Intelligence, 41(1), 1-63.</mixed-citation>
         </ref>
         <ref id="d11953e304a1310">
            <mixed-citation id="d11953e308" publication-type="other">
Forbus, K.D., Gentner, D., &amp; Law, K. (1995). MAC/FAC: A model of similarity-based
retrieval. Cognitive Science, 19, 141-205.</mixed-citation>
         </ref>
         <ref id="d11953e318a1310">
            <mixed-citation id="d11953e322" publication-type="other">
Gentner, D. (1983). Structure-mapping: A theoretical framework for analogy. Cognitive
Science, 7, 155-170.</mixed-citation>
         </ref>
         <ref id="d11953e332a1310">
            <mixed-citation id="d11953e336" publication-type="other">
Gentner, D. (1989). The mechanisms of analogical learning. In S. Vosniadou &amp; A. Ortony
(Eds.), Similarity and analogical reasoning (pp. 199-241). New York: Cambridge
University Press.</mixed-citation>
         </ref>
         <ref id="d11953e349a1310">
            <mixed-citation id="d11953e353" publication-type="other">
Gentner, D., &amp; Imai, M. (1995). A further examination of the shape bias in early word
learning. In Proceedings of the 25th Annual Child Language Research Forum (pp.
167-176). Stanford, CA: Center for Study of Language and Information.</mixed-citation>
         </ref>
         <ref id="d11953e367a1310">
            <mixed-citation id="d11953e371" publication-type="other">
Gentner, D., &amp; Markman, A.B. (1994). Structural alignment in comparison: No difference
without similarity. Psychological Science, 5, 152-158.</mixed-citation>
         </ref>
         <ref id="d11953e381a1310">
            <mixed-citation id="d11953e385" publication-type="other">
Gentner, D., &amp; Markman, A.B. (1995). Similarity is like analogy. In C. Cacciari (Ed.),
Similarity (pp. 111-148). Brussels: BREPOLS.</mixed-citation>
         </ref>
         <ref id="d11953e395a1310">
            <mixed-citation id="d11953e399" publication-type="other">
Gentner, D., &amp; Markman, A.B. (1997). Structure-mapping in analogy and similarity.
American Psychologist, 52, 45-56.</mixed-citation>
         </ref>
         <ref id="d11953e409a1310">
            <mixed-citation id="d11953e413" publication-type="other">
Gentner, D., Rattermann, M.J., Markman, A.B., &amp; Kotovsky, L. (1995). Two forces in the
development of relational similarity. In T.J. Simon &amp; G.S. Halford (Eds.), Devel-
oping cognitive competence: New approaches to process modelling (pp. 263-314).
Hillsdale, NJ: Erlbaum.</mixed-citation>
         </ref>
         <ref id="d11953e429a1310">
            <mixed-citation id="d11953e433" publication-type="other">
Gentner, D., &amp; Toupin, C. (1986). Systematicity and surface similarity in the development
of analogy. Cognitive Science, 10, 277-300.</mixed-citation>
         </ref>
         <ref id="d11953e443a1310">
            <mixed-citation id="d11953e447" publication-type="other">
Gick, M.L., &amp; Holyoak, K.J. (1983). Schema induction and analogical transfer. Cognitive
Psychology, 15, 1-38.</mixed-citation>
         </ref>
         <ref id="d11953e458a1310">
            <mixed-citation id="d11953e462" publication-type="other">
Goldstone, R.L. (1994a). The role of similarity in categorization: Providing a groundwork.
Cognition, 52, 125-157.</mixed-citation>
         </ref>
         <ref id="d11953e472a1310">
            <mixed-citation id="d11953e476" publication-type="other">
Goldstone, R.L. (1994b). Similarity, interactive-activation, and mapping. Journal of Ex-
perimental Psychology: Learning, Memory, and Cognition, 20, 3-28.</mixed-citation>
         </ref>
         <ref id="d11953e486a1310">
            <mixed-citation id="d11953e490" publication-type="other">
Hampton, J.A. (1995). Similarity-based categorization: The development of prototype
theory. Psychologica Belgica, 35, 103-126.</mixed-citation>
         </ref>
         <ref id="d11953e500a1310">
            <mixed-citation id="d11953e504" publication-type="other">
Holyoak, K.J., &amp; Thagard, P. (1989). Analogical mapping by constraint satisfaction.
Cognitive Science, 13, 295-355.</mixed-citation>
         </ref>
         <ref id="d11953e514a1310">
            <mixed-citation id="d11953e518" publication-type="other">
Keane, M.T., Ledgeway, T., &amp; Duff, S. (1994). Constraints on analogical mapping: A
comparison of three models. Cognitive Science, 18, 387-438.</mixed-citation>
         </ref>
         <ref id="d11953e528a1310">
            <mixed-citation id="d11953e532" publication-type="other">
Kotovsky, L., &amp; Gentner, D. (in press). Comparison and categorization in the develop-
ment of relational similarity. Child Development.</mixed-citation>
         </ref>
         <ref id="d11953e543a1310">
            <mixed-citation id="d11953e547" publication-type="other">
Markman, A.B., &amp; Gentner, D. (1993a). Splitting the differences: A structural alignment
view of similarity. Journal of Memory and Language, 32, 517-535.</mixed-citation>
         </ref>
         <ref id="d11953e557a1310">
            <mixed-citation id="d11953e561" publication-type="other">
Markman, A.B., &amp; Gentner, D. (1993b). Structural alignment during similarity compari-
sons. Cognitive Psychology, 25, 431-467.</mixed-citation>
         </ref>
         <ref id="d11953e571a1310">
            <mixed-citation id="d11953e575" publication-type="other">
Markman, A.B., &amp; Gentner, D. (1996). Commonalities and differences in similarity
comparisons. Memory &amp; Cognition, 24, 235-249.</mixed-citation>
         </ref>
         <ref id="d11953e585a1310">
            <mixed-citation id="d11953e589" publication-type="other">
Markman, A.B., &amp; Medin, D.L. (1995). Similarity and alignment in choice. Organiza-
tional Behavior and Human Decision Processes, 63(2), 1 17-130.</mixed-citation>
         </ref>
         <ref id="d11953e599a1310">
            <mixed-citation id="d11953e603" publication-type="other">
Markman, A.B., &amp; Wisniewski, E.J. (1997). Similar and different: The differentiation of
basic level categories. Journal of Experimental Psychology: Learning, Memory,
and Cognition, 23, 54-70.</mixed-citation>
         </ref>
         <ref id="d11953e616a1310">
            <mixed-citation id="d11953e620" publication-type="other">
Medin, D.L., Goldstone, R.L., &amp; Gentner, D. (1993). Respects for similarity. Psychologi-
cal Review, 100, 254-278.</mixed-citation>
         </ref>
         <ref id="d11953e631a1310">
            <mixed-citation id="d11953e635" publication-type="other">
Medin, D.L., Goldstone, R.L., &amp; Markman, A.B. (1995). Comparison and choice: Rela-
tions between similarity processing and decision processing. Psychonomic Bulletin
&amp; Review, 2(1), 1-19.</mixed-citation>
         </ref>
         <ref id="d11953e648a1310">
            <mixed-citation id="d11953e652" publication-type="other">
Namy, L.L., Smith, L.B., &amp; Gershkoff-Stowe, L. (in press). Young children's discovery
of spatial classification. Cognitive Development.</mixed-citation>
         </ref>
         <ref id="d11953e662a1310">
            <mixed-citation id="d11953e666" publication-type="other">
Rumelhart, D.E. (1980). Schemata: The building blocks of cognition. In R.J. Spiro, B.C.
Bruce, &amp; W.F. Brewer (Eds.), Theoretical issues in reading comprehension (pp.
33-58). Hillsdale, NJ: Erlbaum.</mixed-citation>
         </ref>
         <ref id="d11953e679a1310">
            <mixed-citation id="d11953e683" publication-type="other">
Schank, R.C., &amp; Abelson, R. (1977). Scripts, plans, goals, and understanding. Hillsdale,
NJ: Erlbaum.</mixed-citation>
         </ref>
         <ref id="d11953e693a1310">
            <mixed-citation id="d11953e697" publication-type="other">
Slovic, P., &amp; MacPhillamy, D. (1974). Dimensional commensurability and cue utilization
in comparative judgment. Organizational Behavior and Human Performance, 11,
172-194.</mixed-citation>
         </ref>
         <ref id="d11953e710a1310">
            <mixed-citation id="d11953e714" publication-type="other">
Tversky, A. (1977). Features of similarity. Psychological Review, 84, 327-352.</mixed-citation>
         </ref>
         <ref id="d11953e722a1310">
            <mixed-citation id="d11953e726" publication-type="other">
Wisniewski, E.J., &amp; Markman, A.B. (1997). Feature alignment in category learning.
Unpublished manuscript, Columbia University, New York.</mixed-citation>
         </ref>
         <ref id="d11953e736a1310">
            <mixed-citation id="d11953e740" publication-type="other">
Zhang, S., &amp; Markman, A.B. (1997). Product differentiation, structural alignment and the
pioneer advantage. Unpublished manuscript, Columbia University, New York.</mixed-citation>
         </ref>
      </ref-list>
   </back>
</article>
