<article xmlns:xsi="http://www.w3.org/2001/XMLSchema-instance"
         xmlns:xlink="http://www.w3.org/1999/xlink"
         xmlns:mml="http://www.w3.org/1998/Math/MathML"
         dtd-version="1.0"
         article-type="research-article">
   <front>
      <journal-meta>
         <journal-id journal-id-type="jstor">psychsci</journal-id>
         <journal-id journal-id-type="jstor">j50000277</journal-id>
         <journal-title-group>
            <journal-title>Psychological Science</journal-title>
         </journal-title-group>
         <publisher>
            <publisher-name>Cambridge University Press</publisher-name>
         </publisher>
         <issn pub-type="ppub">09567976</issn>
         <issn pub-type="epub">14679280</issn>
      </journal-meta>
      <article-meta>
         <article-id pub-id-type="jstor">40063231</article-id>
         <article-categories>
            <subj-group>
               <subject>Research Articles</subject>
            </subj-group>
         </article-categories>
         <title-group>
            <article-title>Nature, Nurture, and Cognitive Development from 1 to 16 Years: A Parent-Offspring Adoption Study</article-title>
         </title-group>
         <contrib-group>
            <contrib>
               <string-name>
                  <given-names>Robert</given-names>
                  <surname>Plomin</surname>
               </string-name>
            </contrib>
            <contrib>
               <string-name>
                  <given-names>David W.</given-names>
                  <surname>Fulker</surname>
               </string-name>
            </contrib>
            <contrib>
               <string-name>
                  <given-names>Robin</given-names>
                  <surname>Corley</surname>
               </string-name>
            </contrib>
            <contrib>
               <string-name>
                  <given-names>John C.</given-names>
                  <surname>DeFries</surname>
               </string-name>
            </contrib>
         </contrib-group>
         <pub-date>
            <day>1</day>
            <month>11</month>
            <year>1997</year>
         </pub-date>
         <volume>8</volume>
         <issue>6</issue>
         <issue-id>i40002710</issue-id>
         <fpage>442</fpage>
         <lpage>447</lpage>
         <permissions>
            <copyright-statement>Copyright 1997 American Psychological Society</copyright-statement>
         </permissions>
         <self-uri xlink:href="http://www.jstor.org/stable/40063231"/>
         <abstract>
            <p>Children increasingly resemble their parents in cognitive abilities from infancy through adolescence. Results obtained from a 20-year longitudinal adoption study of 245 adopted children and their biological and adoptive parents, as well as 245 matched nonadoptive (control) parents and offspring, show that this increasing resemblance is due to genetic factors. Adopted children resemble their adoptive parents slightly in early childhood but not at all in middle childhood or adolescence. In contrast, during childhood and adolescence, adopted children become more like their biological parents, and to the same degree as children and parents in control families. Although these results were strongest for general cognitive ability and verbal ability, similar results were found for other specific cognitive abilities--spatial ability, speed of processing, and recognition memory. These findings indicate that, within this population, genes that stably affect cognitive abilities in adulthood do not all come into play until adolescence and that environmental factors that contribute to cognitive development are not correlated with parents' cognitive ability.</p>
         </abstract>
         <custom-meta-group>
            <custom-meta>
               <meta-name>lang</meta-name>
               <meta-value>eng</meta-value>
            </custom-meta>
         </custom-meta-group>
      </article-meta>
   </front>
   <back>
      <ref-list>
         <title>References</title>
         <ref id="d4129e186a1310">
            <mixed-citation id="d4129e190" publication-type="other">
Bayley, N. (1969) Manual for the Bayley Scales of Infant Development. New York:
Psychological Corp.</mixed-citation>
         </ref>
         <ref id="d4129e200a1310">
            <mixed-citation id="d4129e204" publication-type="other">
Bouchard, T.J., Jr., &amp; McGue, M. (1981). Familial studies of intelligence: A review.
Science, 212, 1055-1059.</mixed-citation>
         </ref>
         <ref id="d4129e214a1310">
            <mixed-citation id="d4129e218" publication-type="other">
Brody, N. (1992). Intelligence (2nd ed.). New York: Academic Press.</mixed-citation>
         </ref>
         <ref id="d4129e225a1310">
            <mixed-citation id="d4129e229" publication-type="other">
Cardon, L.R., Corley, R.P., DeFries, J.C., &amp; Plomin, R. (1992). Factorial validation of a
telephone test battery of specific cognitive abilities. Personality and Individual
Differences, 13, 1047-1050.</mixed-citation>
         </ref>
         <ref id="d4129e243a1310">
            <mixed-citation id="d4129e247" publication-type="other">
Carroll, J.B. (1993). Human cognitive abilities. New York: Cambridge University Press.</mixed-citation>
         </ref>
         <ref id="d4129e254a1310">
            <mixed-citation id="d4129e258" publication-type="other">
Chipuer, H.M., Rovine, M.J., &amp; Plomin, R. (1990). LISREL modeling: Genetic and
environmental influences on IQ revisited. Intelligence, 14, 11-29.</mixed-citation>
         </ref>
         <ref id="d4129e268a1310">
            <mixed-citation id="d4129e272" publication-type="other">
DeFries, J.C., Plomin, R., &amp; Fulker, D.W. (1994). Nature and nurture during middle
childhood. Cambridge, MA: Blackwell.</mixed-citation>
         </ref>
         <ref id="d4129e282a1310">
            <mixed-citation id="d4129e286" publication-type="other">
DeFries, J.C., Plomin, R., Vandenberg, S.G., &amp; Kuse, A.R. (1981). Parent-offspring
resemblance for cognitive abilities in the Colorado Adoption Project: Biological,
adoptive, and control parents and one-year-old children. Intelligence, 5, 245-277.</mixed-citation>
         </ref>
         <ref id="d4129e299a1310">
            <mixed-citation id="d4129e303" publication-type="other">
Dunn, J., &amp; Plomin, R. (1990). Separate lives: Why siblings are so different. New York:
Basic Books.</mixed-citation>
         </ref>
         <ref id="d4129e313a1310">
            <mixed-citation id="d4129e317" publication-type="other">
Fulker, D.W., DeFries, J.C., &amp; Plomin, R. (1988). Genetic influence on general mental
ability increases between infancy and middle childhood. Nature, 336, 767-769.</mixed-citation>
         </ref>
         <ref id="d4129e328a1310">
            <mixed-citation id="d4129e332" publication-type="other">
Loehlin, J.C. (1989). Partitioning environmental and genetic contributions to behavioral
development. American Psychologist, 44, 1285-1292.</mixed-citation>
         </ref>
         <ref id="d4129e342a1310">
            <mixed-citation id="d4129e346" publication-type="other">
McCartney, K., Harris, M.J., &amp; Bernieri, F. (1990). Growing up and growing apart: A
developmental meta-analysis of twin studies. Psychological Bulletin, 107, 226-237.</mixed-citation>
         </ref>
         <ref id="d4129e356a1310">
            <mixed-citation id="d4129e360" publication-type="other">
McGue, M., Bouchard, T.J., Jr., Iacono, W.G., &amp; Lykken, D.T. (1993). Behavioral ge-
netics of cognitive ability: A life-span perspective. In R. Plomin &amp; G.E. McClearn
(Eds.), Nature, nurture, and psychology (pp. 59-76). Washington, DC: American
Psychological Association.</mixed-citation>
         </ref>
         <ref id="d4129e376a1310">
            <mixed-citation id="d4129e380" publication-type="other">
Plomin, R. (1986). Development, genetics and psychology. Hillsdale, NJ: Erlbaum.</mixed-citation>
         </ref>
         <ref id="d4129e387a1310">
            <mixed-citation id="d4129e391" publication-type="other">
Plomin, R. (1997). Identifying genes for cognitive abilities and disabilities. In R.J. Stern-
berg &amp; E.L. Grigorenko (Eds.), Intelligence: Heredity and environment (pp. 89-
104). New York: Cambridge University Press.</mixed-citation>
         </ref>
         <ref id="d4129e404a1310">
            <mixed-citation id="d4129e408" publication-type="other">
Plomin, R., Chipuer, H.M., &amp; Neiderhiser, J.M. (1994). Behavioral genetic evidence for
the importance of nonshared environment. In E.M. Hetherington, D. Reiss, &amp; R.
Plomin (Eds.), Separate social worlds of siblings: Impact of nonshared environment
on development (pp. 1-31). Hillsdale, NJ: Erlbaum.</mixed-citation>
         </ref>
         <ref id="d4129e425a1310">
            <mixed-citation id="d4129e429" publication-type="other">
Plomin, R., &amp; DeFries, J.C. (1985). Origins of individual differences in infancy: The
Colorado Adoption Project. Orlando, FL: Academic Press.</mixed-citation>
         </ref>
         <ref id="d4129e439a1310">
            <mixed-citation id="d4129e443" publication-type="other">
Plomin, R., DeFries, J.C, McClearn, G.E., &amp; Rutter, R. (1997). Behavioral genetics (3rd
ed.). New York: W.H. Freeman.</mixed-citation>
         </ref>
         <ref id="d4129e453a1310">
            <mixed-citation id="d4129e457" publication-type="other">
Plomin, R., McCleam, G.E., Smith, D.L., Skuder, P., Vignetti, S., Chorney, M.J., Chor-
ney, K., Kasarda, S., Thompson, L.A., Detterman, D.K., Petrill, S.A., Daniels, J.,
Owen, M.J., &amp; McGuffin, P. (1995). Allelic associations between 100 DNA mark-
ers and high versus low IQ. Intelligence, 21, 31-48.</mixed-citation>
         </ref>
         <ref id="d4129e473a1310">
            <mixed-citation id="d4129e477" publication-type="other">
Plomin, R., &amp; Petrill, S.A. (1997). Genetics and intelligence: What's new? Intelligence,
24, 41-65.</mixed-citation>
         </ref>
         <ref id="d4129e487a1310">
            <mixed-citation id="d4129e491" publication-type="other">
Rice, T., Corley, R., Fulker, D.W., &amp; Plomin, R. (1986). The development and validation
of a test battery measuring specific cognitive abilities in four-year-old children.
Educational and Psychological Measurement, 46, 699-708.</mixed-citation>
         </ref>
         <ref id="d4129e504a1310">
            <mixed-citation id="d4129e508" publication-type="other">
Skodak, M., &amp; Skeels, H.M. (1949). A final follow-up on one hundred adopted children.
Journal of Genetic Psychology, 75, 84-125.</mixed-citation>
         </ref>
         <ref id="d4129e519a1310">
            <mixed-citation id="d4129e523" publication-type="other">
Terman, L.M., &amp; Merrill, M.A. (1973). Stanford-Binet Intelligence Scale: 1972 norms
edition. Boston: Houghton Mifflin.</mixed-citation>
         </ref>
         <ref id="d4129e533a1310">
            <mixed-citation id="d4129e537" publication-type="other">
Wechsler, D.L. (1972). Examiner's manual: Wechsler Intelligence Scale for Adults. New
York: Psychological Corp.</mixed-citation>
         </ref>
         <ref id="d4129e547a1310">
            <mixed-citation id="d4129e551" publication-type="other">
Wechsler, D.L. (1974). Examiner's manual: Wechsler Intelligence Scale for Children-
Revised. New York: Psychological Corp.</mixed-citation>
         </ref>
         <ref id="d4129e561a1310">
            <mixed-citation id="d4129e565" publication-type="other">
Wilson, R.S. (1983). The Louisville Twin Study: Developmental synchronies in behavior.
Child Development, 54, 298-316.</mixed-citation>
         </ref>
      </ref-list>
   </back>
</article>
