<article xmlns:xsi="http://www.w3.org/2001/XMLSchema-instance"
         xmlns:xlink="http://www.w3.org/1999/xlink"
         xmlns:mml="http://www.w3.org/1998/Math/MathML"
         dtd-version="1.0"
         article-type="research-article">
   <front>
      <journal-meta>
         <journal-id journal-id-type="jstor">psychsci</journal-id>
         <journal-id journal-id-type="jstor">j50000277</journal-id>
         <journal-title-group>
            <journal-title>Psychological Science</journal-title>
         </journal-title-group>
         <publisher>
            <publisher-name>Cambridge University Press</publisher-name>
         </publisher>
         <issn pub-type="ppub">09567976</issn>
         <issn pub-type="epub">14679280</issn>
      </journal-meta>
      <article-meta>
         <article-id pub-id-type="jstor">40063184</article-id>
         <article-categories>
            <subj-group>
               <subject>Research Reports</subject>
            </subj-group>
         </article-categories>
         <title-group>
            <article-title>Working Memory Capacity Dissociates Lexical and Sentential Context Effects</article-title>
         </title-group>
         <contrib-group>
            <contrib>
               <string-name>
                  <given-names>Cyma</given-names>
                  <surname>Van Petten</surname>
               </string-name>
            </contrib>
            <contrib>
               <string-name>
                  <given-names>Jill</given-names>
                  <surname>Weckerly</surname>
               </string-name>
            </contrib>
            <contrib>
               <string-name>
                  <given-names>Heather K.</given-names>
                  <surname>McIsaac</surname>
               </string-name>
            </contrib>
            <contrib>
               <string-name>
                  <given-names>Marta</given-names>
                  <surname>Kutas</surname>
               </string-name>
            </contrib>
         </contrib-group>
         <pub-date>
            <day>1</day>
            <month>5</month>
            <year>1997</year>
         </pub-date>
         <volume>8</volume>
         <issue>3</issue>
         <issue-id>i40002707</issue-id>
         <fpage>238</fpage>
         <lpage>242</lpage>
         <permissions>
            <copyright-statement>Copyright 1997 American Psychological Society</copyright-statement>
         </permissions>
         <self-uri xlink:href="http://www.jstor.org/stable/40063184"/>
         <abstract>
            <p>Semantically associated and unassociated word pairs were embedded in normal meaningful sentences and in sentences that were semantically anomalous throughout. The influence of lexical context was isolated via comparison of responses to the second words of the associated and unassociated pairs. The influence of sentence-level context was isolated by comparing responses to the same words in the two sentence types. Subjects of high, medium, and low working memory capacity (as evaluated by the reading span test) showed modulations of event-related brain potentials in response to lexical context. In contrast, only the high- and medium-capacity groups were responsive to purely sentence-level semantic context. The results demonstrate that sentential context influences the processing of words in intermediate sentence positions at normal reading speeds, but that the on-line utilization of this context is more demanding of working memory than single-word contexts.</p>
         </abstract>
         <custom-meta-group>
            <custom-meta>
               <meta-name>lang</meta-name>
               <meta-value>eng</meta-value>
            </custom-meta>
         </custom-meta-group>
      </article-meta>
   </front>
   <back>
      <ref-list>
         <title>References</title>
         <ref id="d22791e186a1310">
            <mixed-citation id="d22791e190" publication-type="other">
Baddeley, A.D., Logie, RM Nimmo-Smith, I., &amp; Brereton, N. (1985). Components of
fluent reading. Journal of Memory and Language, 24, 119-131.</mixed-citation>
         </ref>
         <ref id="d22791e200a1310">
            <mixed-citation id="d22791e204" publication-type="other">
Barnard, P. (1985). Interacting cognitive subsystems: A psycholinguistic approach to
short-term memory. In A.W. Ellis (Ed.), Progress in the psychology of language
(Vol. 2, pp. 197-258). Hillsdale, NJ: Erlbaum.</mixed-citation>
         </ref>
         <ref id="d22791e217a1310">
            <mixed-citation id="d22791e221" publication-type="other">
Collins, A., &amp; Loftus, E. (1975). A spreading activation theory of semantic processing.
Psychological Review, 82, 407-428.</mixed-citation>
         </ref>
         <ref id="d22791e231a1310">
            <mixed-citation id="d22791e235" publication-type="other">
Daneman, M, &amp; Carpenter, P. A. (1980). Individual differences in working memory and
reading. Journal of Verbal Learning and Verbal Behavior, 19, 450-466.</mixed-citation>
         </ref>
         <ref id="d22791e246a1310">
            <mixed-citation id="d22791e250" publication-type="other">
Daneman, M., &amp; Green, I. (1986). Individual differences in comprehending and producing
words in context. Journal of Memory and Language, 25, 1-18.</mixed-citation>
         </ref>
         <ref id="d22791e260a1310">
            <mixed-citation id="d22791e264" publication-type="other">
Duffy, S.A., Henderson, S.A., &amp; Morris, R.K. (1989). Semantic facilitation of lexical
access during sentence processing. Journal of Experimental Psychology: Learning,
Memory, and Cognition, 15, 791-801.</mixed-citation>
         </ref>
         <ref id="d22791e277a1310">
            <mixed-citation id="d22791e281" publication-type="other">
Fischler, I.S., &amp; Bloom, P. A. (1979). Automatic and attentional processes in the effects of
sentence contexts on word recognition. Journal of Verbal Learning and Verbal
Behavior, 5, 1-20.</mixed-citation>
         </ref>
         <ref id="d22791e294a1310">
            <mixed-citation id="d22791e298" publication-type="other">
Fodor, J.A. (1983). The modularity of mind. Cambridge, MA: MIT Press.</mixed-citation>
         </ref>
         <ref id="d22791e305a1310">
            <mixed-citation id="d22791e309" publication-type="other">
Forster, K.I. (1981). Priming and the effects of sentence and lexical contexts on naming
time: Evidence for autonomous lexical processing. Quarterly Journal of Experi-
mental Psychology, 33A, 465-495.</mixed-citation>
         </ref>
         <ref id="d22791e322a1310">
            <mixed-citation id="d22791e326" publication-type="other">
Foss, D.J. (1982). A discourse on semantic priming. Cognitive Psychology, 14, 590-607.</mixed-citation>
         </ref>
         <ref id="d22791e334a1310">
            <mixed-citation id="d22791e338" publication-type="other">
Garnsey, S.M. (1993). Event-related brain potentials in the study of language: An intro-
duction. Language and Cognitive Processes, 8, 337-356.</mixed-citation>
         </ref>
         <ref id="d22791e348a1310">
            <mixed-citation id="d22791e352" publication-type="other">
Gathercole, S.E., &amp; Baddeley, A.D. (1993). Working memory and language. Hillsdale,
NJ: Erlbaum.</mixed-citation>
         </ref>
         <ref id="d22791e362a1310">
            <mixed-citation id="d22791e366" publication-type="other">
Gernsbacher, M.A., &amp; Robertson, R.R.W. (1995). Reading skill and suppression revisited.
Psychological Science, 6, 165-169.</mixed-citation>
         </ref>
         <ref id="d22791e376a1310">
            <mixed-citation id="d22791e380" publication-type="other">
Henderson, L. (1982). Orthography and word recognition in reading. London: Academic
Press.</mixed-citation>
         </ref>
         <ref id="d22791e390a1310">
            <mixed-citation id="d22791e394" publication-type="other">
Kutas, M., &amp; Van Petten, C. (1994). Psycholinguistics electrified: Event-related brain
potential investigations. In M. Gernsbacher (Ed.), Handbook of psycholinguistics
(pp. 83-144). San Diego: Academic Press.</mixed-citation>
         </ref>
         <ref id="d22791e407a1310">
            <mixed-citation id="d22791e411" publication-type="other">
Martin, R.C., Shelton, J.R., &amp; Yaffee, L.S. (1994). Language processing and working
memory: Neuropsychological evidence for separate phonological and semantic ca-
pacities. Journal of Memory and Language, 33, 83-111.</mixed-citation>
         </ref>
         <ref id="d22791e425a1310">
            <mixed-citation id="d22791e429" publication-type="other">
Merrill, E.C., Sperber, R.D., &amp; McCauley, C. (1981). Differences in semantic encoding as
a function of reading comprehension skill. Memory and Cognition, 9, 618-624.</mixed-citation>
         </ref>
         <ref id="d22791e439a1310">
            <mixed-citation id="d22791e443" publication-type="other">
Mitchell, D.C., &amp; Green, D.W. (1978). The effects of context and content on immediate
processing in reading. Quarterly Journal of Experimental Psychology, 30, 609-636.</mixed-citation>
         </ref>
         <ref id="d22791e453a1310">
            <mixed-citation id="d22791e457" publication-type="other">
Miyake, A., Just, M.A., &amp; Carpenter, P. A. (1994). A capacity approach to syntactic
comprehension disorders: Making normal adults perform like aphasic readers. Cog-
nitive Neuropsychology, 11, 671 -717 .</mixed-citation>
         </ref>
         <ref id="d22791e470a1310">
            <mixed-citation id="d22791e474" publication-type="other">
Neely, J.H. (1991). Semantic priming effects in visual word recognition: A selective
review of current findings and theories. In D. Besner &amp; G.W. Humphreys (Eds.),
Basic processes in reading: Visual word recognition (pp. 264-336). Hillsdale, NJ:
Erlbaum.</mixed-citation>
         </ref>
         <ref id="d22791e490a1310">
            <mixed-citation id="d22791e494" publication-type="other">
Perfetti, C.A., &amp; Roth, S. (1981). Some of the interactive processes in reading and their
role in reading skill. In A.M. Lesgold &amp; C.A. Perfetti, Interactive processes in
reading (pp. 269-297). Hillsdale, NJ: Erlbaum.</mixed-citation>
         </ref>
         <ref id="d22791e507a1310">
            <mixed-citation id="d22791e511" publication-type="other">
Ratcliff, R., &amp; McKoon, G. (1988). A retrieval theory of priming in memory. Psycho-
logical Review, 95, 385-408.</mixed-citation>
         </ref>
         <ref id="d22791e522a1310">
            <mixed-citation id="d22791e526" publication-type="other">
Shallice, T. (1988). From neuropsychology to mental structure. Cambridge, England:
Cambridge University Press.</mixed-citation>
         </ref>
         <ref id="d22791e536a1310">
            <mixed-citation id="d22791e540" publication-type="other">
Simpson, G. (Ed.). (1991). Word and sentence. Amsterdam: North Holland Press.</mixed-citation>
         </ref>
         <ref id="d22791e547a1310">
            <mixed-citation id="d22791e551" publication-type="other">
Simpson, G.B., Peterson, R.R., Casteel, M.A., &amp; Burgess, C. (1989). Lexical and sentence
context effects in word recognition. Journal of Experimental Psychology: Learning,
Memory, and Cognition, 15, 88-97.</mixed-citation>
         </ref>
         <ref id="d22791e564a1310">
            <mixed-citation id="d22791e568" publication-type="other">
St. George, M., Hoffman, J.E., &amp; Mannes, S. (1995, March). An ERP study of inferences
and individual differences. Poster presented at the annual meeting of the Society for
Cognitive Neuroscience, San Francisco.</mixed-citation>
         </ref>
         <ref id="d22791e581a1310">
            <mixed-citation id="d22791e585" publication-type="other">
Stanovich, K.E., Cunningham, A.E., &amp; Feeman, D.J. (1984). Relation between early
reading acquisition and word decoding with and without context: A longitudinal
study of first-grade children. Journal of Educational Psychology, 76, 668-677.</mixed-citation>
         </ref>
         <ref id="d22791e598a1310">
            <mixed-citation id="d22791e602" publication-type="other">
Stanovich, K.E., &amp; West, R.F. (1979). Mechanisms of sentence context effects in reading:
Automatic activation and conscious attention. Memory and Cognition, 7, 77-85.</mixed-citation>
         </ref>
         <ref id="d22791e613a1310">
            <mixed-citation id="d22791e617" publication-type="other">
Till, R.E., Mross, E.F., &amp; Kintsch, W. (1988). Time course of priming for associate and
inference words in a discourse context. Memory and Cognition, 16, 283-298.</mixed-citation>
         </ref>
         <ref id="d22791e627a1310">
            <mixed-citation id="d22791e631" publication-type="other">
Van Petten, C. (1993). A comparison of lexical and sentence-level context effects in
event-related potentials. Language and Cognitive Processes, 8, 485-532.</mixed-citation>
         </ref>
         <ref id="d22791e641a1310">
            <mixed-citation id="d22791e645" publication-type="other">
Whitney, P., Ritchie, B.G., &amp; Clark, M.B. (1991). Working memory capacity and the use
of elaborative inferences in text comprehension. Discourse Processes, 14, 133-145.</mixed-citation>
         </ref>
         <ref id="d22791e655a1310">
            <mixed-citation id="d22791e659" publication-type="other">
Wilson, F.A.W., O'Scalaidhe, S.P., &amp; Goldman-Rakic, P.S. (1993). Dissociation of object
and spatial processing domains in primate prefrontal cortex. Science, 260, 1955-
1958.</mixed-citation>
         </ref>
      </ref-list>
   </back>
</article>
