<article xmlns:xsi="http://www.w3.org/2001/XMLSchema-instance"
         xmlns:xlink="http://www.w3.org/1999/xlink"
         xmlns:mml="http://www.w3.org/1998/Math/MathML"
         dtd-version="1.0"
         article-type="research-article">
   <front>
      <journal-meta>
         <journal-id journal-id-type="jstor">psychsci</journal-id>
         <journal-id journal-id-type="jstor">j50000277</journal-id>
         <journal-title-group>
            <journal-title>Psychological Science</journal-title>
         </journal-title-group>
         <publisher>
            <publisher-name>Cambridge University Press</publisher-name>
         </publisher>
         <issn pub-type="ppub">09567976</issn>
         <issn pub-type="epub">14679280</issn>
      </journal-meta>
      <article-meta>
         <article-id pub-id-type="jstor">40062932</article-id>
         <article-categories>
            <subj-group>
               <subject>Research Articles</subject>
            </subj-group>
         </article-categories>
         <title-group>
            <article-title>Stroop Interference and Color-Word Similarity</article-title>
         </title-group>
         <contrib-group>
            <contrib>
               <string-name>
                  <given-names>Dale S.</given-names>
                  <surname>Klopfer</surname>
               </string-name>
            </contrib>
         </contrib-group>
         <pub-date>
            <day>1</day>
            <month>5</month>
            <year>1996</year>
         </pub-date>
         <volume>7</volume>
         <issue>3</issue>
         <issue-id>i40002692</issue-id>
         <fpage>150</fpage>
         <lpage>157</lpage>
         <permissions>
            <copyright-statement>Copyright 1996 American Psychological Society</copyright-statement>
         </permissions>
         <self-uri xlink:href="http://www.jstor.org/stable/40062932"/>
         <abstract>
            <p>Stroop interference refers to the finding that it takes longer to name the color of an incongruent color word (e.g., the word blue shown in green) than it does to name the color of a neutral stimulus (e.g., a series of number signs shown in green). Incongruent color-word stimuli can differ in the similarity between the color in which the word is printed and the color denoted by the word (e.g., the word blue shown in green vs. yellow). This research shows that the amount of interference obtained is related to color-word similarity, suggesting that word-reading and color-naming processes interact at a conceptual level prior to response emission.</p>
         </abstract>
         <custom-meta-group>
            <custom-meta>
               <meta-name>lang</meta-name>
               <meta-value>eng</meta-value>
            </custom-meta>
         </custom-meta-group>
      </article-meta>
   </front>
   <back>
      <fn-group>
         <title>[Footnotes]</title>
         <fn id="d13598e159a1310">
            <label>1</label>
            <p>
               <mixed-citation id="d13598e168" publication-type="other">
MacLeod (1991)</mixed-citation>
            </p>
         </fn>
      </fn-group>
      <ref-list>
         <title>References</title>
         <ref id="d13598e184a1310">
            <mixed-citation id="d13598e188" publication-type="other">
Cohen, J.D., Dunbar, K., &amp; McClelland, J.L. (1990). On the control of automatic
processes: A parallel distributed processing account of the Stroop effect.
Psychological Review, 97, 332-361.</mixed-citation>
         </ref>
         <ref id="d13598e201a1310">
            <mixed-citation id="d13598e205" publication-type="other">
Dairymple-Alford, E.C. (1972). Associative facilitation and interference in the
Stroop color-word task. Perception &amp; Psychophysics, 11, 274-276.</mixed-citation>
         </ref>
         <ref id="d13598e215a1310">
            <mixed-citation id="d13598e219" publication-type="other">
Dyer, F.N. (1973). Same and different judgments for word-color pairs with "ir-
relevant" words or colors: Evidence for word-code comparisons. Journal of
Experimental Psychology, 98, 102-108.</mixed-citation>
         </ref>
         <ref id="d13598e232a1310">
            <mixed-citation id="d13598e236" publication-type="other">
Eriksen, C.W., &amp; St. James, J.D. (1986). Visual attention within and around the
field of focal attention: A zoom lens model. Perception &amp; Psychophysics,
40, 225-240.</mixed-citation>
         </ref>
         <ref id="d13598e250a1310">
            <mixed-citation id="d13598e254" publication-type="other">
Flowers, J.H. (1975). "Sensory" interference in a word-color matching task.
Perception &amp; Psychophysics, 18, 37-43.</mixed-citation>
         </ref>
         <ref id="d13598e264a1310">
            <mixed-citation id="d13598e268" publication-type="other">
Flowers, J.H., &amp; Blair, B. (1976). Verbal interference with visual classification:
Optimal processing and experimental design. Bulletin of the Psychonomic
Society, 7, 260-262.</mixed-citation>
         </ref>
         <ref id="d13598e281a1310">
            <mixed-citation id="d13598e285" publication-type="other">
Hintzman, D.L., Carre, F.A., Eskridge, V.L., Owens, A.M., Shaff, S.S., &amp;
Sparks, M.E. (1972). "Stroop" effect: Input or output phenomenon? Jour-
nal of Experimental Psychology, 95, 458-459.</mixed-citation>
         </ref>
         <ref id="d13598e298a1310">
            <mixed-citation id="d13598e302" publication-type="other">
Hock, H.S., &amp; Egeth, H. (1970). Verbal interference with encoding in a percep-
tual classification task. Journal of Experimental Psychology, 83, 299-303.</mixed-citation>
         </ref>
         <ref id="d13598e312a1310">
            <mixed-citation id="d13598e316" publication-type="other">
Klein, G.S. (1964). Semantic power measured through the interference of words
with color-naming. American Journal of Psychology, 77, 576-578.</mixed-citation>
         </ref>
         <ref id="d13598e326a1310">
            <mixed-citation id="d13598e330" publication-type="other">
Lindsay, D.S., &amp; Jacoby, L.L. (1994). Stroop process dissociations: The rela-
tionship between facilitation and interference. Journal of Experimental Psy-
chology: Human Perception and Performance, 20, 219-234.</mixed-citation>
         </ref>
         <ref id="d13598e344a1310">
            <mixed-citation id="d13598e348" publication-type="other">
Loftus, G.R., &amp; Masson, M.E.J. (1994). Using confidence intervals in within-
subject designs. Psychonomic Bulletin &amp; Review, 1, 476-490.</mixed-citation>
         </ref>
         <ref id="d13598e358a1310">
            <mixed-citation id="d13598e362" publication-type="other">
Logan, G.D. (1980). Attention and automaticity in Stroop and priming tasks:
Theory and data. Cognitive Psychology, 12, 523-553.</mixed-citation>
         </ref>
         <ref id="d13598e372a1310">
            <mixed-citation id="d13598e376" publication-type="other">
Lupker, S.J. (1979). The semantic nature of response competition in the picture-
word interference task. Memory &amp; Cognition, 7, 485-495.</mixed-citation>
         </ref>
         <ref id="d13598e386a1310">
            <mixed-citation id="d13598e390" publication-type="other">
MacLeod, CM. (1991). Half a century of research on the Stroop effect: An
integrative review. Psychological Bulletin, 109, 163-203.</mixed-citation>
         </ref>
         <ref id="d13598e400a1310">
            <mixed-citation id="d13598e404" publication-type="other">
MacLeod, CM., &amp; Dunbar, K. (1988). Training and Stroop-like interference:
Evidence for a continuum of automaticity. Journal of Experimental Psy-
chology: Learning, Memory, and Cognition, 14, 126-135.</mixed-citation>
         </ref>
         <ref id="d13598e417a1310">
            <mixed-citation id="d13598e421" publication-type="other">
McNamara, T.P. (1986). Mental representations of spatial relations. Cognitive
Psychology, 18, 87-121.</mixed-citation>
         </ref>
         <ref id="d13598e432a1310">
            <mixed-citation id="d13598e436" publication-type="other">
Miller, G.A., &amp; Johnson-Laird, P.N. (1976). Language and perception. Cam-
bridge, MA: Harvard University Press.</mixed-citation>
         </ref>
         <ref id="d13598e446a1310">
            <mixed-citation id="d13598e450" publication-type="other">
Neumann, K.M., &amp; D'Agostino, P.R. (1981). Specificity of mental color codes.
American Journal of Psychology, 94, 451-459.</mixed-citation>
         </ref>
         <ref id="d13598e460a1310">
            <mixed-citation id="d13598e464" publication-type="other">
Posner, M.I., &amp; Snyder, C.R.R. (1975). Attention and cognitive control. In R.L.
Solso (Ed.), Information processing and cognition: The Loyola Symposium
(pp. 55-85). Hillsdale, NJ: Erlbaum.</mixed-citation>
         </ref>
         <ref id="d13598e477a1310">
            <mixed-citation id="d13598e481" publication-type="other">
Proctor, R.W. (1978). Sources of color-word interference in the Stroop color-
naming task. Perception &amp; Psychophysics, 23, 413-419.</mixed-citation>
         </ref>
         <ref id="d13598e491a1310">
            <mixed-citation id="d13598e495" publication-type="other">
Rosch, E. (1975). The nature of mental codes for color categories. Journal of
Experimental Psychology: Human Perception and Performance, 1, 303-
322.</mixed-citation>
         </ref>
         <ref id="d13598e508a1310">
            <mixed-citation id="d13598e512" publication-type="other">
Seymour, P.H. (1977). Conceptual encoding and locus of the Stroop effect. Quar-
terly Journal of Experimental Psychology, 29, 245-265.</mixed-citation>
         </ref>
         <ref id="d13598e523a1310">
            <mixed-citation id="d13598e527" publication-type="other">
Shepard, R.N. (1958). Stimulus and response generalization: Tests of a model
relating generalization to distance in psychological space. Journal of Exper-
imental Psychology, 55, 509-523.</mixed-citation>
         </ref>
         <ref id="d13598e540a1310">
            <mixed-citation id="d13598e544" publication-type="other">
Shimamura, A. P. (1987). Word comprehension and meaning: An analysis of En-
glish and Japanese orthographies. American Journal of Psychology, 100,
15-40.</mixed-citation>
         </ref>
         <ref id="d13598e557a1310">
            <mixed-citation id="d13598e561" publication-type="other">
Sichel, J.L., &amp; Chandler, K.A. (1969). The color-word interference test: The
effects of varied color-word combinations upon verbal response latency.
Journal of Psychology , 72, 219-231.</mixed-citation>
         </ref>
         <ref id="d13598e574a1310">
            <mixed-citation id="d13598e578" publication-type="other">
Sternheim, C.E., &amp; Boynton, R.M. (1966). Uniqueness of perceived hues inves-
tigated with a continuous judgmental technique. Journal of Experimental
Psychology, 72, 770-776.</mixed-citation>
         </ref>
         <ref id="d13598e591a1310">
            <mixed-citation id="d13598e595" publication-type="other">
Stirling, N. (1979). Stroop interference: An input and an output phenomenon.
Quarterly Journal of Experimental Psychology, 31, 121-132.</mixed-citation>
         </ref>
         <ref id="d13598e605a1310">
            <mixed-citation id="d13598e609" publication-type="other">
Stroop, J.R. (1935). Studies of interference in serial verbal reactions. Journal of
Experimental Psychology, 18, 643-662.</mixed-citation>
         </ref>
         <ref id="d13598e620a1310">
            <mixed-citation id="d13598e624" publication-type="other">
te Linde, J., &amp; Paivio, A. (1979). Symbolic comparison of color similarities.
Memory &amp; Cognition, 7, 141-148.</mixed-citation>
         </ref>
         <ref id="d13598e634a1310">
            <mixed-citation id="d13598e638" publication-type="other">
Tversky, A. (1977). Features of similarity. Psychological Review, 84, 327-352.</mixed-citation>
         </ref>
         <ref id="d13598e645a1310">
            <mixed-citation id="d13598e649" publication-type="other">
Woodworth, R.S. (1938). Experimental psychology. New York: Holt.</mixed-citation>
         </ref>
      </ref-list>
   </back>
</article>
