<article xmlns:xsi="http://www.w3.org/2001/XMLSchema-instance"
         xmlns:xlink="http://www.w3.org/1999/xlink"
         xmlns:mml="http://www.w3.org/1998/Math/MathML"
         dtd-version="1.0"
         article-type="research-article">
   <front>
      <journal-meta>
         <journal-id journal-id-type="jstor">psychsci</journal-id>
         <journal-id journal-id-type="jstor">j50000277</journal-id>
         <journal-title-group>
            <journal-title>Psychological Science</journal-title>
         </journal-title-group>
         <publisher>
            <publisher-name>Cambridge University Press</publisher-name>
         </publisher>
         <issn pub-type="ppub">09567976</issn>
         <issn pub-type="epub">14679280</issn>
      </journal-meta>
      <article-meta>
         <article-id pub-id-type="jstor">40062928</article-id>
         <article-categories>
            <subj-group>
               <subject>Research Articles</subject>
            </subj-group>
         </article-categories>
         <title-group>
            <article-title>The Social Psychology of False Confessions: Compliance, Internalization, and Confabulation</article-title>
         </title-group>
         <contrib-group>
            <contrib>
               <string-name>
                  <given-names>Saul M.</given-names>
                  <surname>Kassin</surname>
               </string-name>
            </contrib>
            <contrib>
               <string-name>
                  <given-names>Katherine L.</given-names>
                  <surname>Kiechel</surname>
               </string-name>
            </contrib>
         </contrib-group>
         <pub-date>
            <day>1</day>
            <month>5</month>
            <year>1996</year>
         </pub-date>
         <volume>7</volume>
         <issue>3</issue>
         <issue-id>i40002692</issue-id>
         <fpage>125</fpage>
         <lpage>128</lpage>
         <permissions>
            <copyright-statement>Copyright 1996 American Psychological Society</copyright-statement>
         </permissions>
         <self-uri xlink:href="http://www.jstor.org/stable/40062928"/>
         <abstract>
            <p>An experiment demonstrated that false incriminating evidence can lead people to accept guilt for a crime they did not commit. Subjects in a fast- or slow-paced reaction time task were accused of damaging a computer by pressing the wrong key. All were truly innocent and initially denied the charge. A confederate then said she saw the subject hit the key or did not see the subject hit the key. Compared with subjects in the slow-pace/no-witness group, those in the fast-pace/witness group were more likely to sign a confession, internalize guilt for the event, and confabulate details in memory consistent with that belief. Both legal and conceptual implications are discussed.</p>
         </abstract>
         <custom-meta-group>
            <custom-meta>
               <meta-name>lang</meta-name>
               <meta-value>eng</meta-value>
            </custom-meta>
         </custom-meta-group>
      </article-meta>
   </front>
   <back>
      <ref-list>
         <title>References</title>
         <ref id="d13682e135a1310">
            <mixed-citation id="d13682e139" publication-type="other">
Arizona v. Fulminante, 59 U.S.L.W. 4235 (1991).</mixed-citation>
         </ref>
         <ref id="d13682e146a1310">
            <mixed-citation id="d13682e150" publication-type="other">
Aubry, A., &amp; Caputo, R. (1965). Criminal interrogation. Springfield, IL: Charles
C. Thomas.</mixed-citation>
         </ref>
         <ref id="d13682e160a1310">
            <mixed-citation id="d13682e164" publication-type="other">
Bedau, H., &amp; Radelet, M. (1987). Miscarriages of justice in potentially capital
cases. Stanford Law Review, 40, 21-179.</mixed-citation>
         </ref>
         <ref id="d13682e174a1310">
            <mixed-citation id="d13682e178" publication-type="other">
Borchard, E.M. (1932). Convicting the innocent: Errors of criminal justice. New
Haven, CT: Yale University Press.</mixed-citation>
         </ref>
         <ref id="d13682e189a1310">
            <mixed-citation id="d13682e193" publication-type="other">
Ceci, S.J., &amp; Bruck, M. (1993). Suggestibility of the child witness: A historical
review and synthesis. Psychological Bulletin, 113, 403-439.</mixed-citation>
         </ref>
         <ref id="d13682e203a1310">
            <mixed-citation id="d13682e207" publication-type="other">
Ceci, S.J., Ross, D.F., &amp; Toglia, M.P. (1987). Suggestibility of children's mem-
ory: Psycholegal implications. Journal of Experimental Psychology: Gen-
eral, 116, 38-49.</mixed-citation>
         </ref>
         <ref id="d13682e220a1310">
            <mixed-citation id="d13682e224" publication-type="other">
Dinges, D.F., Whitehouse, W.G., Orne, E.G., Powell, J.W., Orne, M.T., &amp; Erde-
lyi, M.H. (1992). Evaluating hypnotic memory enhancement (hypermnesia
and reminiscence) using multitrial forced recall. Journal of Experimental
Psychology: Learning, Memory, and Cognition, 18, 1139-1147.</mixed-citation>
         </ref>
         <ref id="d13682e240a1310">
            <mixed-citation id="d13682e244" publication-type="other">
Dywan, J., &amp; Bowers, K. (1983). The use of hypnosis to enhance recall. Science,
222, 184-185.</mixed-citation>
         </ref>
         <ref id="d13682e254a1310">
            <mixed-citation id="d13682e258" publication-type="other">
Geller, W.A. (1993). Videotaping interrogations and confessions (National Insti-
tute of Justice: Research in Brief). Washington, DC: U.S. Department of
Justice.</mixed-citation>
         </ref>
         <ref id="d13682e271a1310">
            <mixed-citation id="d13682e275" publication-type="other">
Gudjonsson, G. (1992). The psychology of interrogations , confessions, and testi-
mony. London: Wiley.</mixed-citation>
         </ref>
         <ref id="d13682e286a1310">
            <mixed-citation id="d13682e290" publication-type="other">
Inbau, F.E., Reid, J.E., &amp; Buckley, J.P. (1986). Criminal interrogation and con-
fessions (3rd ed.). Baltimore, MD: Williams &amp; Wilkins.</mixed-citation>
         </ref>
         <ref id="d13682e300a1310">
            <mixed-citation id="d13682e304" publication-type="other">
Kassin, S.M., &amp; McNall, K. (1991). Police interrogations and confessions: Com-
municating promises and threats by pragmatic implication. Law and Human
Behavior, 15, 233-251.</mixed-citation>
         </ref>
         <ref id="d13682e317a1310">
            <mixed-citation id="d13682e321" publication-type="other">
Kassin, S.M., &amp; Wrightsman, L.S. (1980). Prior confessions and mock juror
verdicts. Journal of Applied Social Psychology, 10, 133-146.</mixed-citation>
         </ref>
         <ref id="d13682e331a1310">
            <mixed-citation id="d13682e335" publication-type="other">
Kassin, S.M., &amp; Wrightsman, L.S. (1981). Coerced confessions, judicial instruc-
tion, and mock juror verdicts. Journal of Applied Social Psychology, 11,
489-506.</mixed-citation>
         </ref>
         <ref id="d13682e348a1310">
            <mixed-citation id="d13682e352" publication-type="other">
Kassin, S.M., &amp; Wrightsman, L.S. (1985). Confession evidence. In S.M. Kassin
&amp; L.S. Wrightsman (Eds.), The psychology of evidence and trial procedure
(pp. 67-94). Beverly Hills, CA: Sage.</mixed-citation>
         </ref>
         <ref id="d13682e365a1310">
            <mixed-citation id="d13682e369" publication-type="other">
Loftus, E.F. (1993). The reality of repressed memories. American Psychologist,
48, 518-537.</mixed-citation>
         </ref>
         <ref id="d13682e380a1310">
            <mixed-citation id="d13682e384" publication-type="other">
Loftus, E.F., Donders, K., Hoffman, H.G., &amp; Schooler, J.W. (1989). Creating
new memories that are quickly accessed and confidently held. Memory and
Cognition, 17, 607-616.</mixed-citation>
         </ref>
         <ref id="d13682e397a1310">
            <mixed-citation id="d13682e401" publication-type="other">
Loftus, E.F., Miller, D.G., &amp; Burns, H.J. (1978). Semantic integration of verbal
information into visual memory. Journal of Experimental Psychology: Hu-
man Learning and Memory, 4, 19-31.</mixed-citation>
         </ref>
         <ref id="d13682e414a1310">
            <mixed-citation id="d13682e418" publication-type="other">
McCloskey, M., &amp; Zaragoza, M. (1985). Misleading postevent information and
memory for events: Arguments and evidence against memory impairment
hypotheses. Journal of Experimental Psychology, 114, 3-18.</mixed-citation>
         </ref>
         <ref id="d13682e431a1310">
            <mixed-citation id="d13682e435" publication-type="other">
Ofshe, R. (1992). Inadvertent hypnosis during interrogation: False confession due
to dissociative state; misidentified multiple personality and the satanic cult
hypothesis. International Journal of Clinical and Experimental Hypnosis,
40, 125-156.</mixed-citation>
         </ref>
         <ref id="d13682e451a1310">
            <mixed-citation id="d13682e455" publication-type="other">
O'Hara, C.E., &amp; O'Hara, G.L. (1981). Fundamentals of criminal investigation.
Springfield, IL: Charles C. Thomas.</mixed-citation>
         </ref>
         <ref id="d13682e465a1310">
            <mixed-citation id="d13682e469" publication-type="other">
Pratkanis, A., &amp; Aronson, E. (1991). Age of propaganda: The everyday use and
abuse of persuasion. New York: W.H. Freeman.</mixed-citation>
         </ref>
         <ref id="d13682e480a1310">
            <mixed-citation id="d13682e484" publication-type="other">
Rattner, A. (1988). Convicted but innocent: Wrongful conviction and the criminal
justice system. Law and Human Behavior, 12, 283-293.</mixed-citation>
         </ref>
         <ref id="d13682e494a1310">
            <mixed-citation id="d13682e498" publication-type="other">
Sheehan, P.W., Statham, D., &amp; Jamieson, G.A. (1991). Pseudomemory effects
and their relationship to level of susceptibility to hypnosis and state instruc-
tion. Journal of Personality and Social Psychology, 60, 130-137.</mixed-citation>
         </ref>
         <ref id="d13682e511a1310">
            <mixed-citation id="d13682e515" publication-type="other">
Sukel, H.L., &amp; Kassin, S.M. (1994, March). Coerced confessions and the jury: An
experimental test of the "harmless error" rule. Paper presented at the bi-
ennial meeting of the American Psychology-Law Society, Sante Fe, NM.</mixed-citation>
         </ref>
         <ref id="d13682e528a1310">
            <mixed-citation id="d13682e532" publication-type="other">
Wright, L. (1994). Remembering Satan. New York: Alfred A. Knopf.</mixed-citation>
         </ref>
         <ref id="d13682e539a1310">
            <mixed-citation id="d13682e543" publication-type="other">
Wrightsman, L.S., &amp; Kassin, S.M. (1993). Confessions in the courtroom. New-
bury Park, CA: Sage.</mixed-citation>
         </ref>
      </ref-list>
   </back>
</article>
