<article xmlns:xsi="http://www.w3.org/2001/XMLSchema-instance"
         xmlns:xlink="http://www.w3.org/1999/xlink"
         xmlns:mml="http://www.w3.org/1998/Math/MathML"
         dtd-version="1.0"
         article-type="research-article">
   <front>
      <journal-meta>
         <journal-id journal-id-type="jstor">psychsci</journal-id>
         <journal-id journal-id-type="jstor">j50000277</journal-id>
         <journal-title-group>
            <journal-title>Psychological Science</journal-title>
         </journal-title-group>
         <publisher>
            <publisher-name>Cambridge University Press</publisher-name>
         </publisher>
         <issn pub-type="ppub">09567976</issn>
         <issn pub-type="epub">14679280</issn>
      </journal-meta>
      <article-meta>
         <article-id pub-id-type="jstor">40063164</article-id>
         <article-categories>
            <subj-group>
               <subject>Special Section: "PS" Presents Papers from the Workshop "Behavioral Therapy Development and Psychological Science"</subject>
            </subj-group>
         </article-categories>
         <title-group>
            <article-title>On the Need for a Basic Science Approach to Psychotherapy Research</article-title>
         </title-group>
         <contrib-group>
            <contrib>
               <string-name>
                  <given-names>T. D.</given-names>
                  <surname>Borkovec</surname>
               </string-name>
            </contrib>
         </contrib-group>
         <pub-date>
            <day>1</day>
            <month>5</month>
            <year>1997</year>
         </pub-date>
         <volume>8</volume>
         <issue>3</issue>
         <issue-id>i40002707</issue-id>
         <fpage>145</fpage>
         <lpage>147</lpage>
         <permissions>
            <copyright-statement>Copyright 1997 American Psychological Society</copyright-statement>
         </permissions>
         <self-uri xlink:href="http://www.jstor.org/stable/40063164"/>
         <abstract>
            <p>This article argues that the greatest progress in developing more effective psychotherapies will come from a renewed emphasis on designing and conducting therapy research as basic science devoted to the acquisition of cause-and-effect relationships and from collaborations between clinical researchers and basic researchers from other domains of psychology.</p>
         </abstract>
         <custom-meta-group>
            <custom-meta>
               <meta-name>lang</meta-name>
               <meta-value>eng</meta-value>
            </custom-meta>
         </custom-meta-group>
      </article-meta>
   </front>
   <back>
      <ref-list>
         <title>References</title>
         <ref id="d22714e123a1310">
            <mixed-citation id="d22714e127" publication-type="other">
Borkovec, T.D., &amp; Miranda, J. (1996). Between-group psychotherapy outcome research
and basic science. NIMH Psychotherapy and Rehabilitation Research Bulletin, 5,
14-20.</mixed-citation>
         </ref>
         <ref id="d22714e140a1310">
            <mixed-citation id="d22714e144" publication-type="other">
Campbell, D.T., &amp; Stanley, J. (1963). Experimental and quasi-experimental designs for
research. Chicago: Rand-McNally.</mixed-citation>
         </ref>
         <ref id="d22714e154a1310">
            <mixed-citation id="d22714e158" publication-type="other">
Chambless, D.L., Sanderson, W.C., Shoham, V., Johnson, S.B., Pope, K.S., Crits-
Christoph, P., Baker, M., Johnson, B., Woody, S.R., Sue, S., Beutler, L., Williams,
D.A., &amp; McCurry, S. (1996). An update on empirically validated therapies. The
Clinical Psychologist, 49, 5-18.</mixed-citation>
         </ref>
         <ref id="d22714e174a1310">
            <mixed-citation id="d22714e178" publication-type="other">
Platt, J.R. (1964). Strong inference. Science, 146, 347-353.</mixed-citation>
         </ref>
      </ref-list>
   </back>
</article>
